name de_dust2
sky 0.50 0.63 0.77
fog 0.56 0.64 0.73 0.013
light -0.42 -0.86 -0.28
# Generated by the arena map importer from a source map.

# ---- solids ----
box -45.517 3.251 3.251 0.406 0.813 13.005 0.400 0.410 0.430
box -43.891 -0.813 -24.384 3.251 1.626 4.877 0.434 0.603 0.297
box -48.768 4.877 -22.758 13.005 0.813 4.064 0.434 0.603 0.297
box -45.517 4.877 -24.384 6.502 0.813 1.626 0.434 0.603 0.297
box -56.083 -0.813 -35.763 23.571 1.626 11.379 0.434 0.603 0.297
box -55.270 0.813 -35.763 3.251 3.251 3.251 0.592 0.504 0.269
box -53.645 4.877 -44.704 6.502 0.813 8.941 0.344 0.576 0.526
box -22.758 1.626 16.256 9.754 1.626 9.754 0.434 0.603 0.297
box -0.000 -1.626 16.256 13.005 1.626 9.754 0.434 0.603 0.297
box -0.000 -0.000 22.758 26.010 3.251 6.502 0.434 0.603 0.297
box -6.096 -6.502 -32.512 3.658 6.502 13.005 0.261 0.380 0.466
box -6.502 -0.000 -32.512 0.406 0.813 13.005 0.400 0.410 0.430
box -27.635 -1.626 -13.005 6.502 1.626 6.502 0.261 0.380 0.466
box -29.261 -3.658 -32.512 3.251 0.813 0.813 0.434 0.603 0.297
box -30.886 -4.064 -39.014 17.069 1.219 6.502 0.434 0.603 0.297
box -58.522 4.877 -45.517 11.379 0.813 0.813 0.434 0.603 0.297
box -6.502 -0.000 -41.046 0.406 0.813 8.534 0.400 0.410 0.430
box -6.096 -6.502 -40.640 19.101 6.502 8.128 0.261 0.380 0.466
box -6.502 -6.502 -52.019 19.507 3.251 6.502 0.261 0.380 0.466
box 3.251 -6.502 -48.768 4.877 8.128 1.626 0.434 0.603 0.297
box 13.005 0.813 -58.522 0.813 0.813 8.128 0.400 0.410 0.430
box 11.379 -3.251 -50.394 1.626 4.877 3.251 0.434 0.603 0.297
box 13.818 2.438 -61.366 12.192 0.813 0.406 0.434 0.603 0.297
box 13.818 1.626 -71.526 13.005 0.813 9.754 0.344 0.576 0.526
box 26.416 2.438 -58.928 5.690 0.813 0.406 0.434 0.603 0.297
box 26.822 -3.251 -59.334 4.877 5.690 0.813 0.434 0.603 0.297
box 24.384 2.438 -71.526 2.438 0.813 0.406 0.434 0.603 0.297
box 6.502 1.626 -50.394 3.658 0.813 4.877 0.344 0.576 0.526
box 4.877 -6.502 -47.142 8.128 6.502 6.502 0.261 0.380 0.466
box 6.502 0.000 -47.142 6.502 1.626 1.626 0.434 0.603 0.297
box -0.000 -1.626 -6.502 3.251 1.626 8.128 0.261 0.380 0.466
box -0.000 -1.626 1.626 3.251 1.626 6.502 0.261 0.380 0.466
box 32.512 0.000 -8.128 16.256 0.813 0.813 0.434 0.603 0.297
box 19.507 4.064 -17.882 3.251 0.813 4.877 0.434 0.603 0.297
box 19.507 4.064 -13.005 3.251 0.813 6.502 0.434 0.603 0.297
box 33.325 3.251 -79.654 4.877 4.064 1.219 0.477 0.542 0.650
box -47.142 0.813 -62.179 2.845 0.813 0.406 0.400 0.410 0.430
box -44.298 0.813 -73.152 0.406 0.813 11.379 0.400 0.410 0.430
box -47.142 -0.000 -62.179 2.845 0.813 0.406 0.400 0.410 0.430
box -53.645 -1.626 -84.531 9.347 2.438 22.352 0.344 0.576 0.526
box -44.298 -0.000 -73.152 0.406 0.813 11.379 0.434 0.603 0.297
box -53.645 -0.000 -62.179 3.251 0.813 0.406 0.434 0.603 0.297
box -55.270 -1.626 -84.531 11.379 1.626 22.758 0.261 0.380 0.466
box -30.683 -0.000 -53.238 1.219 1.219 1.219 0.421 0.410 0.503
box -29.464 -0.000 -53.238 0.813 1.219 1.219 0.397 0.523 0.650
box 8.128 0.813 -51.206 3.251 0.813 0.102 0.344 0.576 0.526
box 26.822 1.626 -71.526 4.877 0.813 8.128 0.344 0.576 0.526
box 26.822 1.626 -63.398 4.877 0.813 4.064 0.434 0.603 0.297
box 10.160 1.626 -50.394 2.845 0.813 4.877 0.344 0.576 0.526
box -34.138 3.251 -65.024 1.626 2.438 5.690 0.400 0.410 0.430
box -34.138 -0.000 -65.024 1.626 3.251 5.690 0.400 0.410 0.430
box -48.158 -0.000 -45.517 1.016 2.845 0.813 0.434 0.603 0.297
box -48.158 2.845 -45.517 1.016 2.032 0.813 0.434 0.603 0.297
box -58.522 -0.000 -45.517 5.893 2.845 0.813 0.434 0.603 0.297
box -58.522 2.845 -45.517 5.893 2.032 0.813 0.434 0.603 0.297
box -26.010 0.813 -32.512 0.406 3.251 6.502 0.400 0.410 0.430
box -38.202 4.064 -26.010 4.877 0.813 1.626 0.434 0.603 0.297
box -33.325 4.064 -26.010 0.813 0.813 1.626 0.434 0.603 0.297
box -33.325 0.813 -26.010 0.813 3.251 1.626 0.434 0.603 0.297
box -32.512 0.813 -26.010 6.502 3.251 1.626 0.434 0.603 0.297
box -38.202 0.813 -26.010 4.877 3.251 1.626 0.434 0.603 0.297
box -39.014 4.064 -26.010 0.813 0.813 1.626 0.400 0.410 0.430
box -40.640 4.064 -24.384 1.626 0.813 0.813 0.400 0.410 0.430
box -39.014 0.813 -26.010 0.813 3.251 1.626 0.400 0.410 0.430
box -54.864 0.813 -24.384 10.973 3.251 0.813 0.434 0.603 0.297
box -54.864 4.064 -24.384 10.973 0.813 0.813 0.434 0.603 0.297
box -55.270 4.064 -26.010 8.128 0.813 1.626 0.434 0.603 0.297
box -57.709 0.813 -37.389 1.626 3.251 12.192 0.434 0.603 0.297
box -48.768 0.813 -36.576 6.502 3.251 0.813 0.400 0.410 0.430
box -48.768 4.064 -36.576 6.502 0.813 0.813 0.400 0.410 0.430
box -56.083 0.813 -36.576 4.064 3.251 0.813 0.434 0.603 0.297
box -56.083 4.064 -36.576 4.064 0.813 0.813 0.434 0.603 0.297
box -52.832 0.813 -44.704 0.813 3.251 8.128 0.434 0.603 0.297
box -52.832 4.064 -44.704 0.813 0.813 8.128 0.434 0.603 0.297
box -48.768 0.813 -44.704 1.626 3.251 8.128 0.400 0.410 0.430
box -48.768 4.064 -44.704 1.626 0.813 8.128 0.400 0.410 0.430
box -42.266 0.813 -37.389 1.626 3.251 3.251 0.400 0.410 0.430
box -42.266 4.064 -37.389 1.626 0.813 3.251 0.400 0.410 0.430
box -40.640 0.813 -34.138 1.626 3.251 1.626 0.434 0.603 0.297
box -40.640 4.064 -34.138 1.626 0.813 1.626 0.434 0.603 0.297
box -39.014 0.813 -34.138 0.813 3.251 1.626 0.434 0.603 0.297
box -39.014 4.064 -34.138 0.813 0.813 1.626 0.434 0.603 0.297
box -38.202 4.064 -34.138 5.690 0.813 1.626 0.434 0.603 0.297
box -40.640 4.064 -23.571 0.813 0.813 4.877 0.400 0.410 0.430
box -40.640 0.813 -23.571 0.813 3.251 4.877 0.400 0.410 0.430
box -44.704 4.064 -23.571 0.813 0.813 4.877 0.434 0.603 0.297
box -44.704 0.813 -23.571 0.813 3.251 4.877 0.434 0.603 0.297
box -40.640 0.813 -24.384 1.626 3.251 0.813 0.400 0.410 0.430
box -33.325 0.813 -34.138 0.813 3.251 1.626 0.400 0.410 0.430
box -38.202 0.813 -34.138 4.877 3.251 1.626 0.434 0.603 0.297
box -43.891 -0.000 -40.640 11.379 2.845 1.626 0.434 0.603 0.297
box -43.891 2.845 -40.640 11.379 2.845 1.626 0.434 0.603 0.297
box -34.138 -0.000 -52.019 17.475 3.251 0.813 0.434 0.603 0.297
box -34.138 -3.251 -52.019 17.475 3.251 0.813 0.434 0.603 0.297
box -34.950 -3.251 -52.019 0.813 3.251 0.813 0.434 0.603 0.297
box -56.896 4.877 -35.763 24.384 0.813 3.251 0.344 0.576 0.526
box -32.512 4.064 -26.010 6.502 0.813 1.626 0.434 0.603 0.297
box -47.142 4.877 -26.010 8.128 0.610 1.626 0.434 0.603 0.297
box -32.512 0.813 -33.325 3.251 0.406 4.064 0.400 0.410 0.430
box -32.512 0.406 -33.325 3.251 0.406 4.064 0.400 0.410 0.430
box -32.512 -2.845 -39.014 1.626 3.251 5.690 0.434 0.603 0.297
box -32.512 0.406 -39.014 1.626 2.438 5.690 0.434 0.603 0.297
box -13.818 -3.251 -40.640 0.813 3.251 2.845 0.400 0.410 0.430
box -26.010 0.406 -33.325 12.192 1.626 0.813 0.434 0.603 0.297
box -13.818 1.219 -37.795 0.813 0.813 3.251 0.400 0.410 0.430
box -32.512 -2.845 -32.512 3.251 3.251 3.251 0.400 0.410 0.430
box -32.512 0.406 -26.010 6.502 0.406 1.626 0.434 0.603 0.297
box -26.010 -2.845 -32.512 0.406 3.251 6.502 0.400 0.410 0.430
box -26.010 0.406 -32.512 0.406 0.406 6.502 0.400 0.410 0.430
box -40.640 0.813 -18.694 4.877 2.438 0.813 0.400 0.410 0.430
box -40.640 3.251 -18.694 4.877 1.626 0.813 0.434 0.603 0.297
box -48.768 4.877 -18.694 13.005 0.813 0.813 0.434 0.603 0.297
box -58.522 8.128 -40.640 25.197 0.813 1.626 0.434 0.603 0.297
box -58.522 5.690 -40.640 5.690 2.438 1.626 0.434 0.603 0.297
box -52.832 5.690 -40.640 19.507 2.438 1.626 0.434 0.603 0.297
box -39.827 5.690 -21.539 6.502 3.251 1.626 0.400 0.410 0.430
box -54.864 5.690 -21.539 10.160 3.251 1.626 0.434 0.603 0.297
box -44.704 8.128 -21.539 4.877 0.813 1.626 0.400 0.410 0.430
box -44.704 5.690 -21.539 4.877 2.438 1.626 0.400 0.410 0.430
box -34.138 -0.000 -52.019 0.813 3.251 4.877 0.559 0.611 0.603
box -34.138 5.690 -47.142 1.626 0.813 6.096 0.400 0.410 0.430
box -16.662 -0.000 -52.019 1.219 3.251 2.032 0.434 0.603 0.297
box -16.662 -3.251 -52.019 1.219 3.251 2.032 0.434 0.603 0.297
box -25.603 3.251 -26.822 9.754 3.251 0.813 0.559 0.611 0.603
box -15.037 -3.251 -28.448 1.219 3.251 8.128 0.400 0.410 0.430
box -33.325 3.251 -52.019 2.032 2.438 1.626 0.434 0.603 0.297
box -33.325 5.690 -52.019 17.475 0.813 1.626 0.434 0.603 0.297
box -31.293 3.251 -52.019 14.630 2.438 1.626 0.434 0.603 0.297
box -17.475 3.251 -49.581 1.626 2.438 13.818 0.434 0.603 0.297
box -17.475 5.690 -50.394 1.626 0.813 14.630 0.434 0.603 0.297
box -17.475 3.251 -50.394 1.626 2.438 0.813 0.434 0.603 0.297
box -17.475 3.251 -35.763 1.626 2.438 9.754 0.434 0.603 0.297
box -17.475 5.690 -35.763 1.626 0.813 8.941 0.434 0.603 0.297
box -16.662 -3.251 -49.987 0.813 3.251 10.160 0.434 0.603 0.297
box -16.662 -0.000 -49.987 0.813 3.251 10.160 0.400 0.410 0.430
box -15.850 -3.251 -42.266 2.032 3.251 1.626 0.434 0.603 0.297
box -13.818 -0.000 -40.640 0.813 2.032 2.845 0.400 0.410 0.430
box -15.850 -0.000 -42.266 2.032 2.845 1.626 0.400 0.410 0.430
box -16.662 -0.000 -32.512 0.813 3.251 6.502 0.400 0.410 0.430
box -16.662 -3.251 -32.512 0.813 3.251 6.502 0.434 0.603 0.297
box -16.662 2.032 -39.827 0.813 1.219 7.315 0.434 0.603 0.297
box -32.512 1.219 -33.325 6.502 2.845 0.813 0.434 0.603 0.297
box -15.850 -2.845 -40.640 2.032 4.877 0.813 0.400 0.410 0.430
box -18.288 -0.000 -26.010 2.438 3.251 0.813 0.559 0.611 0.603
box -25.603 -0.000 -26.822 9.754 3.251 0.813 0.559 0.611 0.603
box -15.850 -0.000 -32.512 2.032 2.032 4.064 0.400 0.410 0.430
box -15.850 -3.251 -32.512 2.032 3.251 4.064 0.400 0.410 0.430
box -56.083 0.813 -26.010 0.813 4.064 1.626 0.434 0.603 0.297
box -55.270 0.813 -26.010 8.128 3.251 1.626 0.434 0.603 0.297
box -56.083 0.813 -33.325 0.813 4.064 0.813 0.400 0.410 0.430
box -44.704 0.813 -33.325 0.813 4.064 0.813 0.400 0.410 0.430
box -44.704 0.813 -26.010 0.813 4.064 0.813 0.400 0.410 0.430
box -14.630 -2.845 -39.827 0.813 4.877 0.813 0.400 0.410 0.430
box -21.946 -2.845 -39.827 7.315 4.877 0.813 0.400 0.410 0.430
box -22.758 -2.845 -39.827 0.813 4.877 0.813 0.434 0.603 0.297
box -30.074 -2.845 -39.827 7.315 4.877 0.813 0.434 0.603 0.297
box -30.886 -2.845 -39.827 0.813 4.877 0.813 0.434 0.603 0.297
box -32.512 -2.845 -39.827 1.626 4.877 0.813 0.434 0.603 0.297
box -32.512 -2.845 -33.325 1.626 3.251 0.813 0.400 0.410 0.430
box -30.886 -2.845 -33.325 0.813 3.251 0.813 0.400 0.410 0.430
box -30.074 -2.845 -33.325 0.813 3.251 0.813 0.400 0.410 0.430
box -26.010 -2.845 -33.325 11.379 3.251 0.813 0.400 0.410 0.430
box -14.630 -2.845 -33.325 0.813 3.251 0.813 0.400 0.410 0.430
box -48.768 0.813 -18.694 4.877 2.438 0.813 0.400 0.410 0.430
box -48.768 3.251 -18.694 4.877 1.626 0.813 0.434 0.603 0.297
box -54.864 -0.000 -19.507 6.096 4.877 0.813 0.434 0.603 0.297
box -57.302 4.877 16.256 4.470 3.251 1.219 0.434 0.603 0.297
box -56.896 3.251 16.256 4.064 1.626 1.219 0.434 0.603 0.297
box -24.384 6.502 24.790 1.626 2.032 1.016 0.400 0.410 0.430
box -24.384 3.251 24.790 1.626 3.251 1.016 0.400 0.410 0.430
box -21.133 -0.000 -13.005 1.219 8.128 6.502 0.434 0.603 0.297
box -13.818 3.251 -4.877 0.813 1.626 19.507 0.400 0.410 0.430
box -13.818 -0.000 -4.877 0.813 3.251 19.507 0.400 0.410 0.430
box -13.818 4.877 -4.470 0.813 1.626 19.101 0.400 0.410 0.430
box -24.384 6.502 14.224 1.626 3.251 2.438 0.400 0.410 0.430
box -24.384 3.251 4.064 1.626 2.845 10.160 0.400 0.410 0.430
box -57.302 4.877 23.978 2.032 3.251 5.486 0.434 0.603 0.297
box -57.302 3.251 23.978 2.032 1.626 5.486 0.434 0.603 0.297
box -16.256 -0.000 -2.438 2.438 4.267 15.443 0.400 0.410 0.430
box -16.256 -0.000 -4.470 2.235 4.267 2.032 0.400 0.410 0.430
box -16.256 4.267 -2.438 2.438 2.235 17.069 0.400 0.410 0.430
box -16.256 4.267 -3.251 2.235 2.235 0.813 0.400 0.410 0.430
box -24.384 8.534 24.790 1.626 1.219 2.845 0.400 0.410 0.430
box 24.384 2.845 -4.877 7.722 2.438 2.438 0.559 0.611 0.603
box 32.512 -5.486 -4.064 0.813 2.845 2.032 0.559 0.611 0.603
box 39.827 -2.642 -4.064 0.813 2.642 2.032 0.400 0.410 0.430
box 39.827 -5.486 -4.064 0.813 2.845 2.032 0.400 0.410 0.430
box 32.512 -2.642 -4.064 0.813 2.642 2.032 0.559 0.611 0.603
box 40.640 -6.096 -20.320 0.813 3.251 21.539 0.400 0.410 0.430
box 31.699 -6.502 -19.507 0.813 3.658 13.005 0.434 0.603 0.297
box 31.699 -2.845 -19.507 0.813 2.845 13.005 0.434 0.603 0.297
box 31.699 -6.502 -6.502 0.813 3.658 5.690 0.434 0.603 0.297
box 31.699 -2.845 -6.502 0.813 2.845 5.690 0.434 0.603 0.297
box 40.640 -2.845 -20.320 0.813 3.251 21.539 0.400 0.410 0.430
box 31.699 0.000 -19.507 0.813 0.813 11.379 0.400 0.410 0.430
box 31.699 0.000 -8.128 0.813 0.813 4.978 0.400 0.410 0.430
box 31.699 0.813 -8.534 8.941 1.219 4.470 0.400 0.410 0.430
box 25.603 4.877 -41.656 5.486 1.626 1.219 0.400 0.410 0.430
box 25.603 4.877 -44.907 5.486 1.626 1.219 0.400 0.410 0.430
box 25.603 0.000 -41.961 5.283 1.626 1.422 0.400 0.410 0.430
box 25.603 1.626 -41.961 5.283 1.219 1.422 0.400 0.410 0.430
box 41.250 8.128 -31.293 8.738 1.626 1.219 0.434 0.603 0.297
box 40.843 8.128 -32.918 9.144 1.626 1.626 0.400 0.410 0.430
box 41.250 8.128 -34.138 8.738 1.626 1.219 0.434 0.603 0.297
box 45.517 0.406 -58.522 1.626 2.845 13.005 0.400 0.410 0.430
box 40.843 4.674 -28.042 9.144 0.203 2.032 0.400 0.410 0.430
box 40.945 8.128 -43.383 6.198 0.102 7.620 0.648 0.479 0.608
box -6.502 -4.064 -40.640 0.406 3.251 8.128 0.400 0.410 0.430
box -6.502 -0.813 -40.640 0.406 0.813 8.128 0.400 0.410 0.430
box -6.502 -4.064 -32.512 0.406 3.251 13.005 0.400 0.410 0.430
box -6.502 -0.813 -32.512 0.406 0.813 13.005 0.400 0.410 0.430
box 13.818 -3.251 -61.773 12.192 3.251 0.813 0.434 0.603 0.297
box 13.818 0.000 -61.773 12.192 2.438 0.813 0.434 0.603 0.297
box 13.005 0.000 -65.024 0.813 1.626 6.502 0.400 0.410 0.430
box 2.438 0.000 -52.019 10.566 1.626 1.626 0.434 0.603 0.297
box 1.626 -3.251 -68.275 11.379 3.251 4.064 0.344 0.576 0.526
box 1.626 0.000 -68.275 11.379 1.626 4.064 0.344 0.576 0.526
box 13.005 -3.251 -65.024 0.813 3.251 6.502 0.400 0.410 0.430
box 13.818 -4.877 -51.613 5.690 3.251 10.160 0.400 0.410 0.430
box 13.005 -4.877 -51.613 0.813 3.251 10.160 0.400 0.410 0.430
box 13.005 -3.251 -51.206 0.813 4.877 4.064 0.434 0.603 0.297
box 2.438 -3.251 -52.019 10.566 3.251 1.626 0.434 0.603 0.297
box 13.818 -3.251 -52.019 5.690 1.626 0.406 0.400 0.410 0.430
box 13.005 -3.251 -52.019 0.813 1.626 0.406 0.400 0.410 0.430
box 19.507 0.000 -19.507 3.251 3.251 13.005 0.400 0.410 0.430
box 22.758 0.000 -4.877 9.347 2.845 2.438 0.559 0.611 0.603
box 13.005 5.486 -8.128 8.128 1.016 1.626 0.434 0.603 0.297
box 19.507 3.251 -19.507 3.251 2.438 13.005 0.434 0.603 0.297
box 45.517 3.251 -58.522 1.626 2.845 13.005 0.400 0.410 0.430
box 39.014 3.251 -79.654 8.941 2.845 1.626 0.434 0.603 0.297
box 39.014 6.096 -79.654 8.941 2.032 1.626 0.434 0.603 0.297
box -0.000 3.251 -79.654 32.512 2.845 1.626 0.434 0.603 0.297
box -0.000 6.096 -79.654 32.512 2.032 1.626 0.434 0.603 0.297
box -6.502 0.813 -58.522 0.813 1.626 8.128 0.400 0.410 0.430
box -6.502 -6.502 -65.024 0.813 3.251 6.502 0.400 0.410 0.430
box -6.502 -0.406 -65.024 0.813 2.845 6.502 0.400 0.410 0.430
box -6.502 -3.251 -65.024 0.813 2.845 6.502 0.434 0.603 0.297
box -6.502 -0.406 -50.394 0.813 2.845 8.128 0.400 0.410 0.430
box -6.502 -3.251 -50.394 0.813 2.845 8.128 0.400 0.410 0.430
box -5.690 -0.000 -50.394 5.690 1.626 3.251 0.434 0.603 0.297
box -5.690 -3.251 -50.394 5.690 3.251 3.251 0.434 0.603 0.297
box 5.690 0.000 -45.517 0.813 2.438 3.251 0.400 0.410 0.430
box -6.502 4.877 -70.714 13.005 2.438 12.192 0.400 0.410 0.430
box -6.502 2.438 -70.714 13.005 2.438 12.192 0.400 0.410 0.430
box -5.690 5.690 -58.522 12.192 1.626 8.128 0.400 0.410 0.430
box 6.502 1.626 -71.526 7.315 0.813 24.384 0.400 0.410 0.430
box -5.690 1.626 -71.526 12.192 0.813 24.384 0.434 0.603 0.297
box 43.832 3.861 -72.542 4.124 2.642 6.909 0.400 0.410 0.430
box -0.000 3.251 22.758 26.010 3.251 6.502 0.434 0.603 0.297
box 11.786 2.845 9.754 1.219 2.845 2.032 0.559 0.611 0.603
box 11.786 -0.000 9.754 1.219 2.845 2.032 0.559 0.611 0.603
box 19.507 -0.000 -6.502 3.251 2.845 18.288 0.400 0.410 0.430
box -22.758 -0.000 14.630 9.754 6.502 1.626 0.434 0.603 0.297
box -22.758 6.502 14.630 9.754 2.032 1.626 0.434 0.603 0.297
box -24.384 3.251 14.224 1.626 3.251 2.438 0.400 0.410 0.430
box -24.384 6.096 4.064 1.626 2.438 10.160 0.400 0.410 0.430
box -33.325 5.690 -50.394 15.850 0.813 17.882 0.434 0.603 0.297
box -25.603 5.690 -32.512 8.128 0.813 5.690 0.434 0.603 0.297
box -45.517 -0.000 3.251 0.406 0.813 13.005 0.400 0.410 0.430
box -45.517 0.813 3.251 0.406 2.438 13.005 0.400 0.410 0.430
box -45.110 -0.000 3.251 9.347 0.813 0.406 0.434 0.603 0.297
box -45.110 0.813 3.251 9.347 2.438 0.406 0.434 0.603 0.297
box -53.645 -0.000 -19.507 8.128 0.813 6.502 0.434 0.603 0.297
box -39.014 -0.000 -19.507 5.690 0.813 6.502 0.434 0.603 0.297
box -47.955 2.438 -84.531 2.438 3.251 9.347 0.400 0.410 0.430
box -47.955 0.813 -84.531 2.438 1.626 9.347 0.400 0.410 0.430
box -34.138 3.251 -52.019 0.813 3.251 4.877 0.400 0.410 0.430
box -45.923 -0.000 -75.184 7.722 3.251 2.032 0.400 0.410 0.430
box -45.923 3.251 -75.184 7.722 2.438 2.032 0.400 0.410 0.430
box -69.088 1.626 -98.349 30.886 25.197 0.813 0.480 0.620 0.800
box -69.088 1.626 -97.536 0.813 25.197 59.334 0.480 0.620 0.800
box -38.202 1.626 -98.349 41.453 25.197 13.818 0.480 0.620 0.800
box 3.251 1.626 -101.600 52.019 25.197 13.818 0.480 0.620 0.800
box 22.758 3.251 3.251 3.251 2.438 8.534 0.480 0.620 0.800
box 26.010 1.626 3.251 40.640 25.197 26.010 0.480 0.620 0.800
box -22.758 1.626 29.261 48.768 25.197 4.877 0.480 0.620 0.800
box -80.467 1.626 34.138 60.960 25.197 4.877 0.480 0.620 0.800
box -100.787 1.626 15.443 20.320 25.197 23.571 0.480 0.620 0.800
box -80.467 1.626 -14.630 12.192 25.197 30.886 0.480 0.620 0.800
box -74.778 1.626 -38.202 13.005 25.197 23.571 0.480 0.620 0.800
box -53.645 1.626 32.512 7.315 25.197 1.626 0.480 0.620 0.800
box -80.467 -0.406 16.256 23.165 6.502 13.208 0.480 0.620 0.800
box 49.987 0.813 -35.763 5.283 10.566 9.754 0.480 0.620 0.800
box -45.517 -0.102 -13.919 6.502 0.102 1.118 0.434 0.603 0.297
box -56.083 6.502 -35.763 1.219 0.813 3.251 0.434 0.603 0.297
box -34.544 6.502 -39.014 1.219 0.813 6.502 0.434 0.603 0.297
box -34.138 5.690 -26.010 0.813 1.626 1.626 0.559 0.611 0.603
box -34.138 4.877 -26.010 8.128 0.813 1.626 0.559 0.611 0.603
box -22.758 4.267 -2.438 6.502 2.235 17.069 0.400 0.410 0.430
box -26.010 -1.626 -26.010 8.941 7.315 7.315 0.559 0.611 0.603
box -32.512 -2.845 -26.010 6.502 3.251 1.626 0.434 0.603 0.297
box -32.512 -3.251 -31.699 6.502 0.406 5.690 0.434 0.603 0.297
box 38.913 2.032 -2.540 0.102 4.826 0.305 0.400 0.410 0.430
box 30.683 -0.102 -42.266 0.610 0.102 2.032 0.434 0.603 0.297
box 40.640 0.000 -25.197 0.813 0.406 4.877 0.434 0.603 0.297
box 22.758 5.690 3.251 3.251 21.133 8.534 0.480 0.620 0.800
box 32.334 -3.251 -58.649 0.178 3.251 0.127 0.261 0.380 0.466
box 26.010 -3.251 -58.572 0.051 3.251 0.051 0.559 0.611 0.603
box -61.773 1.626 -38.202 5.690 3.251 2.438 0.480 0.620 0.800
box -57.709 4.877 -26.010 2.845 2.438 7.315 0.434 0.603 0.297
box -57.709 4.064 -35.763 1.626 3.251 9.754 0.434 0.603 0.297
box -17.069 -1.626 -22.352 4.064 12.192 4.064 0.400 0.410 0.430
box -56.083 1.626 -44.704 2.438 4.064 8.128 0.434 0.603 0.297
box -68.275 2.438 -84.531 11.379 1.626 22.758 0.559 0.611 0.603
box -45.110 3.251 3.251 9.347 0.813 0.406 0.434 0.603 0.297
box 22.758 5.791 -51.206 8.941 1.930 4.877 0.559 0.611 0.603
box -53.645 0.813 -84.531 5.690 4.877 4.877 0.397 0.523 0.650
box -5.690 2.438 -58.522 12.192 0.813 8.128 0.400 0.410 0.430
box -5.283 3.251 -58.522 11.786 2.438 8.128 0.400 0.410 0.430
box -5.690 3.251 -58.522 0.406 2.438 8.128 0.400 0.410 0.430
box 19.507 2.845 -6.502 1.626 2.845 18.288 0.400 0.410 0.430
box 21.133 2.845 -6.502 1.626 2.845 18.288 0.559 0.611 0.603
box -32.512 -4.877 -84.531 32.512 4.877 13.005 0.434 0.603 0.297
box -0.000 -4.877 -84.531 5.690 10.566 13.005 0.434 0.603 0.297
box -57.302 8.128 -19.914 34.544 2.845 49.174 0.397 0.523 0.650
box -56.490 4.470 -15.850 3.861 3.658 33.325 0.397 0.523 0.650
box -57.709 5.080 -3.048 5.690 3.048 6.299 0.397 0.523 0.650
box -58.115 6.909 -7.315 6.502 1.219 4.267 0.397 0.523 0.650
box -48.768 5.690 -18.694 13.005 2.438 0.813 0.397 0.523 0.650
box -6.502 2.438 -58.522 0.813 3.658 8.128 0.397 0.523 0.650
box 6.502 7.315 -78.029 41.453 2.438 84.531 0.397 0.523 0.650
box 5.690 6.096 -78.029 8.128 1.219 7.315 0.397 0.523 0.650
box 40.640 5.283 -63.195 6.502 2.337 5.283 0.397 0.523 0.650
box 40.640 4.978 -66.091 3.251 2.743 2.896 0.397 0.523 0.650
box 41.046 6.604 -70.562 2.785 1.118 4.470 0.397 0.523 0.650
box 45.517 6.096 -58.522 1.626 2.845 13.005 0.397 0.523 0.650
box 16.256 6.299 -36.576 7.518 1.422 5.690 0.397 0.523 0.650
box 24.384 5.283 -4.877 7.722 2.438 2.438 0.397 0.523 0.650
box 39.014 7.112 -8.128 8.534 2.235 5.690 0.397 0.523 0.650
box 13.005 4.877 -19.507 6.502 0.813 13.005 0.397 0.523 0.650
box -15.850 2.032 -42.266 7.722 3.658 2.438 0.397 0.523 0.650
box -15.850 2.032 -39.827 2.845 3.658 11.379 0.397 0.523 0.650
box 12.802 6.299 -41.656 8.941 3.048 5.893 0.397 0.523 0.650
box 9.754 5.690 -6.502 11.379 4.064 29.261 0.397 0.523 0.650
box -13.818 6.502 -4.470 0.813 3.251 19.101 0.397 0.523 0.650
box -13.005 6.502 -4.470 3.251 3.251 14.224 0.397 0.523 0.650
box -0.000 6.502 22.758 26.010 3.251 6.502 0.397 0.523 0.650
box -24.384 8.534 25.806 11.379 2.438 3.454 0.397 0.523 0.650
box -24.384 9.754 7.315 35.763 3.658 21.946 0.397 0.523 0.650
box -22.758 8.534 14.630 9.754 2.032 1.626 0.397 0.523 0.650
box -9.754 6.502 6.502 13.005 3.251 2.438 0.397 0.523 0.650
box 3.251 6.502 -8.128 8.128 6.909 18.694 0.397 0.523 0.650
box 0.813 3.251 -34.138 12.192 2.438 4.267 0.400 0.410 0.430
box -6.502 -3.150 -19.507 19.507 1.626 6.502 0.559 0.611 0.603
box 22.758 3.658 -46.330 2.845 1.626 7.315 0.400 0.410 0.430
box 21.742 3.658 -41.656 2.032 1.626 5.080 0.400 0.410 0.430
box -61.773 4.877 -38.202 6.909 4.064 2.438 0.434 0.603 0.297
box -68.275 3.251 -39.014 13.411 5.690 0.813 0.434 0.603 0.297
box -45.517 -1.626 -13.005 13.818 1.626 16.256 0.434 0.603 0.297
box -52.832 -1.626 -13.005 7.315 1.626 16.256 0.434 0.603 0.297
box -45.110 1.626 3.658 22.352 1.626 12.598 0.434 0.603 0.297
box -45.517 1.626 16.256 22.758 1.626 9.754 0.434 0.603 0.297
box -52.832 1.626 16.256 7.315 1.626 9.754 0.434 0.603 0.297
box -58.522 1.626 16.256 5.690 1.626 9.754 0.434 0.603 0.297
box 13.005 -3.251 -4.064 6.502 3.251 20.320 0.434 0.603 0.297
box 13.005 -3.251 -19.507 6.502 3.251 15.443 0.434 0.603 0.297
box -6.502 -1.626 -19.507 19.507 1.626 15.443 0.434 0.603 0.297
box 13.005 -3.251 -31.699 6.502 3.251 12.192 0.434 0.603 0.297
box 19.507 -3.251 -19.507 12.192 3.251 14.630 0.434 0.603 0.297
box 32.512 -8.128 -6.502 8.941 3.251 4.064 0.434 0.603 0.297
box 30.886 -3.251 -51.206 14.630 3.251 5.690 0.434 0.603 0.297
box 26.010 0.000 -79.654 6.502 3.251 8.128 0.434 0.603 0.297
box -6.502 -6.502 -58.522 19.507 3.251 8.128 0.434 0.603 0.297
box -6.502 -6.502 -65.024 19.507 3.251 6.502 0.434 0.603 0.297
box -56.896 -3.251 -58.522 13.005 3.251 6.502 0.261 0.380 0.466
box -43.891 -1.626 -58.522 11.379 1.626 6.502 0.261 0.380 0.466
box -55.270 -3.251 -61.773 11.379 3.251 3.251 0.261 0.380 0.466
box -43.891 -1.626 -73.152 11.379 1.626 14.630 0.261 0.380 0.466
box -14.630 -1.626 -4.064 1.626 1.626 20.320 0.434 0.603 0.297
box -32.512 -3.251 -58.522 3.251 3.251 6.502 0.434 0.603 0.297
box -45.517 -4.877 -84.531 13.005 9.754 9.347 0.434 0.603 0.297
box 40.640 0.000 -45.517 6.502 0.406 20.320 0.434 0.603 0.297
box 45.517 0.000 -58.522 1.626 0.406 13.005 0.434 0.603 0.297
box 40.640 0.000 -66.040 6.350 0.203 8.128 0.434 0.603 0.297
box 39.768 2.438 -78.232 8.188 0.813 7.722 0.434 0.603 0.297
box 41.046 1.626 -70.510 2.785 0.610 4.470 0.434 0.603 0.297
box 41.859 0.406 -40.640 5.283 1.219 2.235 0.400 0.410 0.430
box -52.629 3.251 25.400 6.909 0.406 5.690 0.434 0.603 0.297
box 13.005 3.251 -52.222 9.754 4.877 0.203 0.397 0.523 0.650
box -56.896 2.438 -84.531 3.251 3.251 22.758 0.434 0.603 0.297
box -58.522 2.438 -61.773 3.251 3.251 23.571 0.434 0.603 0.297
box -68.275 -0.000 -84.531 14.630 2.438 22.758 0.559 0.611 0.603
box -58.522 -0.000 -61.773 3.251 2.438 23.571 0.559 0.611 0.603
box -53.645 0.813 -62.179 3.251 0.813 0.406 0.434 0.603 0.297
box -61.773 -0.000 -65.024 3.251 2.438 26.822 0.434 0.603 0.297
box -52.019 -0.813 -45.110 3.251 1.626 9.347 0.400 0.410 0.430
box -52.019 -0.813 -45.517 3.251 0.813 0.406 0.400 0.410 0.430
box -34.138 -0.000 -66.446 1.626 3.251 1.422 0.400 0.410 0.430
box -34.138 -0.000 -70.714 1.626 3.251 1.626 0.400 0.410 0.430
box -34.138 3.251 -70.714 1.626 1.727 1.626 0.400 0.410 0.430
box 26.010 3.048 -71.526 6.502 0.203 0.406 0.434 0.603 0.297
box 26.010 2.438 -71.526 6.502 0.610 0.406 0.434 0.603 0.297
box -45.517 0.610 -19.507 6.502 0.203 5.690 0.434 0.603 0.297
box -45.517 -0.000 -19.507 6.502 0.610 5.690 0.434 0.603 0.297
box -32.512 -2.845 -29.261 0.406 3.454 3.251 0.434 0.603 0.297
box -32.512 0.610 -29.261 0.406 0.203 3.251 0.434 0.603 0.297
box -34.138 -0.000 -69.088 1.626 2.540 2.642 0.400 0.410 0.430
box -34.138 4.978 -70.714 1.626 0.711 1.626 0.400 0.410 0.430
box 26.924 2.845 -71.120 3.861 0.203 0.305 0.415 0.474 0.466
box -37.084 1.219 -67.158 1.219 1.219 1.219 0.421 0.410 0.503
box 40.945 6.909 -45.618 6.198 0.102 2.337 0.648 0.479 0.608
box -52.629 -0.000 -45.517 0.610 3.251 0.813 0.434 0.603 0.297
box -52.629 3.251 -45.517 0.610 1.626 0.813 0.434 0.603 0.297
box -48.768 -0.000 -45.517 0.610 3.251 0.813 0.400 0.410 0.430
box -48.768 3.251 -45.517 0.610 1.626 0.813 0.434 0.603 0.297
box -32.512 2.032 -34.138 6.502 1.219 0.813 0.434 0.603 0.297
box -26.010 4.064 -32.512 0.406 3.251 6.502 0.400 0.410 0.430
box -32.512 4.064 -33.325 6.502 0.813 0.813 0.434 0.603 0.297
box -2.438 3.251 -29.870 15.443 2.438 10.363 0.434 0.603 0.297
box -2.438 3.251 -19.507 15.443 2.438 1.829 0.434 0.603 0.297
box 22.758 -1.219 -51.206 8.941 1.219 4.877 0.434 0.603 0.297
box -13.818 -4.064 -37.795 0.813 1.016 3.251 0.434 0.603 0.297
box -13.818 -3.048 -37.795 0.813 0.203 3.251 0.434 0.603 0.297
box 45.669 3.251 -21.844 0.914 3.251 1.219 0.434 0.603 0.297
box 45.339 3.150 -22.123 0.914 0.102 1.778 0.434 0.603 0.297
box -19.507 5.690 -39.827 2.845 2.845 34.950 0.397 0.523 0.650
box -17.069 4.064 -28.245 3.251 3.251 5.893 0.397 0.523 0.650
box -16.662 5.690 -39.827 29.667 2.845 21.539 0.397 0.523 0.650
box -19.101 7.315 -20.726 19.914 2.845 17.882 0.397 0.523 0.650
box -3.251 5.690 -18.288 16.256 2.845 13.411 0.397 0.523 0.650
box 40.919 4.978 -67.793 0.203 2.743 1.295 0.397 0.523 0.650
box -3.251 3.251 -29.870 0.813 2.438 12.192 0.434 0.603 0.297
box -56.896 5.690 -72.136 27.635 2.438 2.235 0.397 0.523 0.650
box -56.896 5.690 -84.531 24.384 2.438 12.395 0.397 0.523 0.650
box -56.896 5.690 -52.019 27.635 2.438 11.379 0.397 0.523 0.650
box -56.896 6.502 -69.901 27.635 1.626 17.882 0.397 0.523 0.650
box -31.090 5.690 -84.531 26.213 3.251 44.704 0.397 0.523 0.650
box -34.138 5.690 -70.714 1.626 1.575 1.626 0.397 0.523 0.650
box -34.138 5.690 -66.446 1.626 5.893 13.411 0.397 0.523 0.650
box -34.138 -0.000 -52.832 1.626 5.690 0.813 0.400 0.410 0.430
box -37.389 0.102 -17.678 0.914 0.813 1.219 0.397 0.523 0.650
box -34.138 5.080 -66.523 1.626 0.610 1.499 0.400 0.410 0.430
box -34.138 3.251 -66.446 1.626 1.829 1.422 0.400 0.410 0.430
box 4.518 6.704 -69.963 0.733 2.440 4.609 0.434 0.603 0.297
box 4.151 7.009 -69.963 0.367 1.830 4.609 0.434 0.603 0.297
box 5.251 7.009 -69.963 0.367 1.830 4.609 0.434 0.603 0.297
box 3.785 7.619 -69.963 0.367 0.610 4.609 0.434 0.603 0.297
box 5.618 7.619 -69.963 0.367 0.610 4.609 0.434 0.603 0.297
box 4.518 6.399 -69.579 0.733 0.305 3.841 0.434 0.603 0.297
box 3.785 6.704 -69.579 0.733 0.305 3.841 0.434 0.603 0.297
box 5.251 6.704 -69.579 0.733 0.305 3.841 0.434 0.603 0.297
box 3.418 7.009 -69.579 0.733 0.610 3.841 0.434 0.603 0.297
box 5.618 7.009 -69.579 0.733 0.610 3.841 0.434 0.603 0.297
box 3.051 7.314 -69.579 0.367 1.220 3.841 0.434 0.603 0.297
box 6.351 7.314 -69.579 0.367 1.220 3.841 0.434 0.603 0.297
box 3.418 7.619 -69.579 0.367 1.220 3.841 0.434 0.603 0.297
box 5.985 7.619 -69.579 0.367 1.220 3.841 0.434 0.603 0.297
box 3.785 8.229 -69.579 0.367 0.915 3.841 0.434 0.603 0.297
box 5.618 8.229 -69.579 0.367 0.915 3.841 0.434 0.603 0.297
box 4.151 8.839 -69.579 0.367 0.610 3.841 0.434 0.603 0.297
box 5.251 8.839 -69.579 0.367 0.305 3.841 0.434 0.603 0.297
box 4.518 9.144 -69.579 0.733 0.305 3.841 0.434 0.603 0.297
box 4.518 6.094 -69.195 0.733 0.305 3.073 0.434 0.603 0.297
box 3.418 6.399 -69.195 1.100 0.305 3.073 0.434 0.603 0.297
box 5.251 6.399 -69.195 1.100 0.305 3.073 0.434 0.603 0.297
box 3.418 6.704 -69.195 0.367 0.305 3.073 0.434 0.603 0.297
box 5.985 6.704 -69.195 0.367 0.305 3.073 0.434 0.603 0.297
box 3.051 7.009 -69.195 0.367 0.305 3.073 0.434 0.603 0.297
box 6.351 7.009 -69.195 0.367 0.305 3.073 0.434 0.603 0.297
box 3.051 8.534 -69.195 0.367 0.305 3.073 0.434 0.603 0.297
box 6.351 8.534 -69.195 0.367 0.305 3.073 0.434 0.603 0.297
box 3.418 8.839 -69.195 0.367 0.610 3.073 0.434 0.603 0.297
box 5.985 8.839 -69.195 0.367 0.610 3.073 0.434 0.603 0.297
box 3.785 9.144 -69.195 0.367 0.305 3.073 0.434 0.603 0.297
box 5.251 9.144 -69.195 0.733 0.305 3.073 0.434 0.603 0.297
box 4.518 9.449 -69.195 0.733 0.305 3.073 0.434 0.603 0.297
box 3.785 6.094 -68.811 0.733 0.305 2.305 0.434 0.603 0.297
box 5.251 6.094 -68.811 0.733 0.305 2.305 0.434 0.603 0.297
box 3.051 6.704 -68.811 0.367 0.305 2.305 0.434 0.603 0.297
box 6.351 6.704 -68.811 0.367 0.305 2.305 0.434 0.603 0.297
box 2.685 7.619 -68.811 0.367 0.610 2.305 0.434 0.603 0.297
box 6.718 7.619 -68.811 0.367 0.610 2.305 0.434 0.603 0.297
box 3.051 8.839 -68.811 0.367 0.305 2.305 0.434 0.603 0.297
box 6.351 8.839 -68.811 0.367 0.305 2.305 0.434 0.603 0.297
box 3.785 9.449 -68.811 0.733 0.305 2.305 0.434 0.603 0.297
box 5.251 9.449 -68.811 0.733 0.305 2.305 0.434 0.603 0.297
box 3.051 6.399 -68.427 0.367 0.305 1.536 0.434 0.603 0.297
box 2.685 7.009 -68.427 0.367 0.610 1.536 0.434 0.603 0.297
box 6.718 7.009 -68.427 0.367 0.610 1.536 0.434 0.603 0.297
box 2.685 8.229 -68.427 0.367 0.610 1.536 0.434 0.603 0.297
box 6.718 8.229 -68.427 0.367 0.610 1.536 0.434 0.603 0.297
box 3.051 9.144 -68.427 0.367 0.305 1.536 0.434 0.603 0.297
box 3.418 6.094 -68.043 0.367 0.305 0.768 0.434 0.603 0.297
box 5.985 6.094 -68.043 0.367 0.305 0.768 0.434 0.603 0.297
box 6.351 6.399 -68.043 0.367 0.305 0.768 0.434 0.603 0.297
box 2.685 6.704 -68.043 0.367 0.305 0.768 0.434 0.603 0.297
box 6.718 6.704 -68.043 0.367 0.305 0.768 0.434 0.603 0.297
box 2.685 8.839 -68.043 0.367 0.305 0.768 0.434 0.603 0.297
box 6.718 8.839 -68.043 0.367 0.305 0.768 0.434 0.603 0.297
box 6.351 9.144 -68.043 0.367 0.305 0.768 0.434 0.603 0.297
box 3.418 9.449 -68.043 0.367 0.305 0.768 0.434 0.603 0.297
box 5.985 9.449 -68.043 0.367 0.305 0.768 0.434 0.603 0.297
box 4.151 6.399 -66.122 0.367 0.305 0.384 0.434 0.603 0.297
box -34.138 4.674 -58.522 1.626 1.016 2.438 0.400 0.410 0.430
box -34.138 -0.000 -59.334 1.626 3.251 0.813 0.400 0.410 0.430
box -34.138 3.251 -59.334 1.626 2.438 0.813 0.400 0.410 0.430
box -34.138 -0.000 -53.645 1.626 3.251 0.813 0.400 0.410 0.430
box -34.138 3.251 -53.645 1.626 2.438 0.813 0.400 0.410 0.430
box -34.138 4.674 -56.083 1.626 1.016 2.438 0.400 0.410 0.430
box -41.453 5.690 -41.046 1.626 3.251 0.406 0.400 0.410 0.430
box -47.955 5.690 -41.046 1.626 3.251 0.406 0.400 0.410 0.430
box -34.950 5.690 -41.046 1.626 3.251 0.406 0.400 0.410 0.430
box -54.458 5.690 -41.046 1.626 3.251 0.406 0.400 0.410 0.430
box -36.373 8.331 -29.870 1.219 0.203 1.219 0.277 0.499 0.608
box -36.373 7.315 -28.854 1.219 1.016 0.203 0.277 0.499 0.608
box -36.373 7.315 -29.870 1.219 1.016 0.203 0.277 0.499 0.608
box -35.357 7.315 -29.667 0.203 1.016 0.813 0.277 0.499 0.608
box -36.373 7.315 -29.667 0.203 1.016 0.813 0.277 0.499 0.608
box -29.870 8.331 -29.870 1.219 0.203 1.219 0.434 0.603 0.297
box -29.870 7.315 -28.854 1.219 1.016 0.203 0.434 0.603 0.297
box -29.870 7.315 -29.870 1.219 1.016 0.203 0.434 0.603 0.297
box -28.854 7.315 -29.667 0.203 1.016 0.813 0.277 0.499 0.608
box -29.870 7.315 -29.667 0.203 1.016 0.813 0.434 0.603 0.297
box -42.875 8.331 -29.870 1.219 0.203 1.219 0.277 0.499 0.608
box -42.875 7.315 -28.854 1.219 1.016 0.203 0.277 0.499 0.608
box -42.875 7.315 -29.870 1.219 1.016 0.203 0.277 0.499 0.608
box -41.859 7.315 -29.667 0.203 1.016 0.813 0.277 0.499 0.608
box -42.875 7.315 -29.667 0.203 1.016 0.813 0.277 0.499 0.608
box -49.378 8.331 -29.870 1.219 0.203 1.219 0.277 0.499 0.608
box -49.378 7.315 -28.854 1.219 1.016 0.203 0.277 0.499 0.608
box -49.378 7.315 -29.870 1.219 1.016 0.203 0.277 0.499 0.608
box -48.362 7.315 -29.667 0.203 1.016 0.813 0.277 0.499 0.608
box -49.378 7.315 -29.667 0.203 1.016 0.813 0.277 0.499 0.608
box -26.010 3.048 -36.779 1.219 0.203 1.219 0.277 0.499 0.608
box -26.010 2.032 -35.763 1.219 1.016 0.203 0.277 0.499 0.608
box -26.010 2.032 -36.779 1.219 1.016 0.203 0.277 0.499 0.608
box -24.994 2.032 -36.576 0.203 1.016 0.813 0.277 0.499 0.608
box -26.010 2.032 -36.576 0.203 1.016 0.813 0.277 0.499 0.608
box -19.507 3.048 -36.779 1.219 0.203 1.219 0.277 0.499 0.608
box -19.507 2.032 -35.763 1.219 1.016 0.203 0.277 0.499 0.608
box -19.507 2.032 -36.779 1.219 1.016 0.203 0.277 0.499 0.608
box -18.491 2.032 -36.576 0.203 1.016 0.813 0.277 0.499 0.608
box -19.507 2.032 -36.576 0.203 1.016 0.813 0.277 0.499 0.608
box -46.330 5.690 -19.925 1.626 3.251 0.406 0.400 0.410 0.430
box -39.827 5.690 -19.925 1.626 3.251 0.406 0.400 0.410 0.430
box -13.005 1.422 -42.266 2.438 1.422 1.626 0.400 0.410 0.430
box -13.818 -3.251 -42.266 0.813 3.251 1.626 0.400 0.410 0.430
box -13.818 -0.000 -42.266 0.813 2.845 1.626 0.400 0.410 0.430
box -10.566 1.422 -42.266 2.438 1.422 1.626 0.400 0.410 0.430
box -26.416 -0.000 -52.832 3.251 3.251 0.813 0.400 0.410 0.430
box -26.416 -3.251 -52.832 3.251 3.251 0.813 0.400 0.410 0.430
box -26.416 3.251 -52.832 3.251 2.438 0.813 0.400 0.410 0.430
box -34.950 -0.000 -52.832 0.813 3.251 0.813 0.400 0.410 0.430
box -34.950 -3.251 -52.832 0.813 3.251 0.813 0.559 0.611 0.603
box -34.950 3.251 -52.832 0.813 2.438 0.813 0.400 0.410 0.430
box -34.950 -0.000 -52.019 0.813 3.251 4.877 0.400 0.410 0.430
box -34.950 -3.251 -52.019 0.813 3.251 4.877 0.559 0.611 0.603
box -34.950 3.251 -52.019 0.813 2.438 4.877 0.400 0.410 0.430
box -32.512 -0.000 -52.832 1.219 3.251 0.813 0.559 0.611 0.603
box -32.512 -3.251 -52.832 1.219 3.251 0.813 0.559 0.611 0.603
box -32.512 3.251 -52.832 1.219 2.438 0.813 0.559 0.611 0.603
box -15.850 4.064 -28.448 0.813 1.626 3.251 0.559 0.611 0.603
box -15.850 -0.000 -44.704 0.813 3.251 3.251 0.400 0.410 0.430
box -15.850 -3.251 -44.704 0.813 3.251 3.251 0.400 0.410 0.430
box -15.850 3.251 -44.704 0.813 2.438 3.251 0.400 0.410 0.430
box -15.850 -0.000 -52.019 0.813 3.251 2.438 0.559 0.611 0.603
box -15.850 -3.251 -52.019 0.813 3.251 2.438 0.559 0.611 0.603
box -15.850 3.251 -52.019 0.813 2.438 2.438 0.559 0.611 0.603
box -18.288 3.251 -26.010 2.438 2.438 0.813 0.559 0.611 0.603
box -15.850 2.032 -36.576 0.813 1.219 3.251 0.559 0.611 0.603
box -15.850 3.251 -36.576 0.813 2.438 3.251 0.559 0.611 0.603
box -56.896 7.214 -29.667 7.722 0.102 0.813 0.559 0.611 0.603
box -48.362 7.214 -29.667 5.690 0.102 0.813 0.400 0.410 0.430
box -41.859 7.214 -29.667 5.690 0.102 0.813 0.400 0.410 0.430
box -35.357 7.214 -29.667 5.690 0.102 0.813 0.400 0.410 0.430
box -28.854 7.214 -29.667 2.845 0.102 0.813 0.400 0.410 0.430
box -30.074 1.930 -36.576 4.267 0.102 0.813 0.434 0.603 0.297
box -24.994 1.930 -36.576 5.690 0.102 0.813 0.400 0.410 0.430
box -18.491 1.930 -36.576 4.674 0.102 0.813 0.400 0.410 0.430
box -21.133 -0.000 -6.502 2.438 8.128 3.251 0.434 0.603 0.297
box -21.133 -0.000 -16.256 2.438 8.128 3.251 0.434 0.603 0.297
box -21.133 -0.000 -24.384 2.438 4.877 8.128 0.434 0.603 0.297
box -21.133 4.877 -24.384 2.438 3.251 8.128 0.434 0.603 0.297
box -35.763 -0.000 -24.384 2.438 4.877 2.845 0.434 0.603 0.297
box -35.763 4.877 -24.384 2.438 3.251 2.845 0.434 0.603 0.297
box -33.325 4.877 -3.251 1.626 3.251 7.315 0.400 0.410 0.430
box -24.384 4.877 -24.384 3.251 3.251 28.448 0.400 0.410 0.430
box -33.325 4.877 -24.384 1.626 3.251 12.192 0.400 0.410 0.430
box -33.325 -0.000 -3.251 1.626 3.251 7.315 0.400 0.410 0.430
box -33.325 3.251 -3.251 1.626 1.626 7.315 0.400 0.410 0.430
box -24.384 -0.000 -24.384 3.251 3.251 28.448 0.434 0.603 0.297
box -31.699 -0.000 -24.384 7.315 3.251 28.448 0.400 0.410 0.430
box -24.384 3.251 -24.384 3.251 1.626 28.448 0.400 0.410 0.430
box -31.699 3.251 -24.384 7.315 1.626 28.448 0.400 0.410 0.430
box -33.325 -0.000 -24.384 1.626 3.251 12.192 0.400 0.410 0.430
box -33.325 3.251 -24.384 1.626 1.626 12.192 0.400 0.410 0.430
box -21.133 4.877 -3.251 2.438 3.251 7.315 0.434 0.603 0.297
box -21.133 -0.000 -3.251 2.438 4.877 7.315 0.434 0.603 0.297
box -31.699 4.877 -24.384 7.315 2.438 28.448 0.400 0.410 0.430
box -31.699 7.315 -24.384 7.315 0.813 28.448 0.400 0.410 0.430
box -41.453 2.438 -41.046 1.626 3.251 0.406 0.400 0.410 0.430
box -41.453 -0.000 -41.046 1.626 2.438 0.406 0.400 0.410 0.430
box -35.763 -0.000 -19.914 2.438 4.877 1.219 0.559 0.611 0.603
box -35.763 4.877 -19.914 2.438 3.251 1.219 0.400 0.410 0.430
box -55.270 7.925 23.978 2.642 1.626 5.486 0.434 0.603 0.297
box -55.270 9.550 23.978 4.267 0.610 5.486 0.434 0.603 0.297
box -51.816 7.925 23.978 0.813 1.626 5.486 0.434 0.603 0.297
box -55.270 6.502 23.978 4.267 1.422 5.486 0.434 0.603 0.297
box -55.270 3.251 23.978 4.267 3.251 5.486 0.434 0.603 0.297
box -52.629 4.877 25.400 4.674 2.032 5.690 0.400 0.410 0.430
box -52.629 6.909 25.400 6.909 1.829 5.690 0.400 0.410 0.430
box -52.629 3.658 25.400 6.909 1.219 5.690 0.400 0.410 0.430
box -46.736 4.877 25.400 1.016 2.032 5.690 0.434 0.603 0.297
box -47.955 4.877 25.400 1.219 2.032 5.690 0.400 0.410 0.430
box -52.629 7.925 24.384 0.813 1.626 5.080 0.400 0.410 0.430
box -36.576 8.941 24.790 7.315 0.406 4.877 0.400 0.410 0.430
box -36.576 7.722 24.790 0.813 1.219 4.877 0.400 0.410 0.430
box -36.576 6.502 24.790 5.893 1.219 4.877 0.400 0.410 0.430
box -36.576 3.251 24.790 7.315 3.251 4.877 0.400 0.410 0.430
box -35.357 7.722 24.790 0.610 1.219 4.877 0.434 0.603 0.297
box -34.341 7.722 24.790 5.080 1.219 4.877 0.434 0.603 0.297
box -34.747 7.722 24.994 0.406 1.219 4.674 0.400 0.410 0.430
box -30.277 6.502 24.790 1.016 1.219 4.877 0.400 0.410 0.430
box -30.683 6.502 24.994 0.406 1.219 4.674 0.400 0.410 0.430
box -35.763 7.722 24.994 0.406 1.219 4.674 0.400 0.410 0.430
box -22.758 6.502 24.746 1.422 3.251 4.515 0.400 0.410 0.430
box -20.930 6.502 24.746 2.337 3.251 4.515 0.434 0.603 0.297
box -21.336 7.620 24.746 0.406 2.134 4.515 0.559 0.611 0.603
box -18.593 9.042 24.746 0.813 0.711 4.515 0.559 0.611 0.603
box -17.780 6.502 24.746 0.914 3.251 4.515 0.434 0.603 0.297
box -16.866 7.722 24.746 0.406 2.032 4.515 0.559 0.611 0.603
box -16.459 6.502 24.746 1.016 3.251 4.515 0.434 0.603 0.297
box -22.758 3.251 24.746 7.315 3.251 4.515 0.400 0.410 0.430
box -18.593 6.502 24.746 0.813 1.321 4.515 0.559 0.611 0.603
box -18.593 7.823 25.051 0.813 1.219 4.210 0.559 0.611 0.603
box -16.866 6.502 24.949 0.406 1.219 4.312 0.559 0.611 0.603
box -21.336 6.502 24.746 0.406 0.305 4.515 0.559 0.611 0.603
box -21.336 6.807 24.949 0.406 0.813 4.312 0.559 0.611 0.603
box -45.720 6.096 25.806 32.715 2.438 3.454 0.559 0.611 0.603
box -45.720 3.861 25.806 32.715 2.235 8.331 0.559 0.611 0.603
box -45.720 3.251 25.806 32.715 0.610 8.331 0.434 0.603 0.297
box -57.709 -0.406 -3.048 5.690 3.251 6.299 0.400 0.410 0.430
box -57.709 2.845 2.642 5.690 1.219 0.610 0.434 0.603 0.297
box -57.709 4.064 -3.048 5.690 1.016 6.299 0.434 0.603 0.297
box -57.709 2.845 -3.048 5.690 1.219 4.877 0.434 0.603 0.297
box -57.709 2.845 1.829 5.486 1.219 0.813 0.434 0.603 0.297
box -58.115 1.219 -3.658 6.502 1.626 0.610 0.559 0.611 0.603
box -58.115 1.219 -7.315 6.502 1.626 2.845 0.559 0.611 0.603
box -58.115 -0.406 -7.315 6.502 1.626 4.267 0.559 0.611 0.603
box -58.115 1.219 -4.470 6.502 1.626 0.813 0.559 0.611 0.603
box -58.115 2.845 -7.315 6.502 1.626 4.267 0.434 0.603 0.297
box -58.115 4.470 -7.315 6.502 2.438 4.267 0.434 0.603 0.297
box -57.607 5.080 -2.743 5.283 0.406 5.690 0.434 0.603 0.297
box -56.490 -0.406 -15.850 3.861 2.438 8.534 0.344 0.576 0.526
box -56.490 2.032 -15.850 3.861 2.438 8.534 0.434 0.603 0.297
box -61.773 5.080 -15.850 6.909 1.219 8.534 0.434 0.603 0.297
box -61.773 -1.829 -15.850 6.909 6.909 8.534 0.434 0.603 0.297
box -56.896 2.032 -7.315 3.861 2.438 10.566 0.434 0.603 0.297
box -56.896 -0.406 -7.315 3.861 2.438 10.566 0.344 0.576 0.526
box -57.302 3.251 17.475 2.032 1.626 0.813 0.434 0.603 0.297
box -57.302 4.877 17.475 2.032 3.251 0.813 0.434 0.603 0.297
box -57.302 7.315 18.288 2.032 0.813 4.877 0.434 0.603 0.297
box -57.302 4.877 23.165 2.032 3.251 0.813 0.434 0.603 0.297
box -57.302 3.251 23.165 2.032 1.626 0.813 0.434 0.603 0.297
box -9.754 2.438 -4.064 13.005 1.219 10.566 0.400 0.410 0.430
box -9.754 2.438 -4.877 13.005 1.219 0.813 0.400 0.410 0.430
box -9.754 -0.000 -4.877 13.005 2.438 0.813 0.400 0.410 0.430
box -9.754 -0.000 -4.064 13.005 2.438 10.566 0.400 0.410 0.430
box -8.941 3.658 -4.877 12.192 3.251 11.379 0.400 0.410 0.430
box -9.754 3.658 -4.064 0.813 3.251 10.566 0.400 0.410 0.430
box -9.754 3.658 -4.877 0.813 3.251 0.813 0.400 0.410 0.430
box -9.754 3.251 6.502 13.005 3.251 2.438 0.400 0.410 0.430
box -9.754 -0.000 6.502 13.005 3.251 2.438 0.400 0.410 0.430
box 40.843 4.877 -35.763 9.144 3.251 9.754 0.400 0.410 0.430
box 40.843 9.754 -35.763 9.144 1.626 9.754 0.400 0.410 0.430
box 40.843 8.128 -27.229 9.144 1.626 1.219 0.400 0.410 0.430
box 41.250 8.128 -28.448 8.738 1.626 1.219 0.434 0.603 0.297
box 40.843 3.251 -32.512 9.144 1.626 3.658 0.400 0.410 0.430
box 40.843 3.251 -35.763 9.144 1.626 2.438 0.400 0.410 0.430
box 40.843 3.251 -28.854 9.144 1.626 0.813 0.434 0.603 0.297
box 40.843 3.251 -33.325 9.144 1.626 0.813 0.434 0.603 0.297
box 45.517 8.128 -26.010 6.502 2.845 6.096 0.400 0.410 0.430
box 45.517 4.877 -19.914 6.502 3.251 11.786 0.400 0.410 0.430
box 44.704 4.877 -13.005 0.813 3.251 4.877 0.400 0.410 0.430
box 44.704 1.626 -13.005 0.813 3.251 1.829 0.400 0.410 0.430
box 44.704 4.648 -11.176 0.813 0.229 1.422 0.400 0.410 0.430
box 44.704 1.626 -9.754 0.813 3.251 1.626 0.400 0.410 0.430
box 45.517 3.251 -14.326 6.502 1.626 6.198 0.400 0.410 0.430
box 46.101 3.251 -15.545 5.918 1.626 1.219 0.434 0.603 0.297
box 45.517 3.251 -17.882 6.502 1.626 2.337 0.400 0.410 0.430
box 46.101 3.251 -19.101 5.918 1.626 1.219 0.434 0.603 0.297
box 45.517 3.251 -26.010 6.502 1.626 4.166 0.400 0.410 0.430
box 45.923 3.251 -21.844 6.096 1.626 1.219 0.434 0.603 0.297
box 43.282 3.251 -8.128 4.267 1.626 5.690 0.434 0.603 0.297
box 39.014 4.877 -8.128 8.534 2.235 5.690 0.400 0.410 0.430
box 39.014 1.626 -8.128 8.534 1.626 5.690 0.400 0.410 0.430
box 42.062 3.251 -7.518 1.219 1.626 5.080 0.400 0.410 0.430
box 39.014 3.251 -8.128 3.048 1.626 5.690 0.400 0.410 0.430
box 40.640 0.406 -20.320 0.813 1.626 16.256 0.400 0.410 0.430
box 40.640 0.406 -35.763 0.813 1.626 10.719 0.400 0.410 0.430
box 40.843 8.128 -30.074 9.144 1.626 1.626 0.400 0.410 0.430
box 40.843 8.128 -35.763 9.144 1.626 1.626 0.400 0.410 0.430
box 43.332 3.251 -28.042 6.655 1.422 2.032 0.400 0.410 0.430
box 41.910 3.251 -28.202 1.422 1.422 1.990 0.400 0.410 0.430
box 40.843 3.251 -28.042 1.067 1.422 2.032 0.400 0.410 0.430
box 43.332 1.626 -35.763 6.655 1.626 9.754 0.400 0.410 0.430
box 41.910 1.626 -35.763 1.422 1.626 9.550 0.400 0.410 0.430
box 40.843 1.626 -35.763 1.067 1.626 9.754 0.400 0.410 0.430
box 45.517 1.626 -19.914 6.502 1.626 11.786 0.400 0.410 0.430
box 45.517 1.626 -26.010 6.502 1.626 6.096 0.400 0.410 0.430
box 45.517 3.251 -19.914 6.502 1.626 0.813 0.400 0.410 0.430
box 45.517 3.251 -20.625 6.502 1.626 0.711 0.400 0.410 0.430
box 45.517 4.877 -26.010 6.502 3.251 6.096 0.400 0.410 0.430
box 41.453 0.406 -26.010 8.941 1.016 21.946 0.434 0.603 0.297
box 41.453 1.422 -26.010 8.941 0.203 21.946 0.474 0.479 0.466
box -24.384 6.502 16.662 1.626 3.251 1.219 0.400 0.410 0.430
box -24.384 3.251 16.662 1.626 3.251 1.219 0.400 0.410 0.430
box -24.384 6.502 23.571 1.626 3.251 1.219 0.400 0.410 0.430
box -24.384 3.251 23.571 1.626 3.251 1.219 0.400 0.410 0.430
box -24.384 9.323 17.882 1.626 0.430 5.690 0.400 0.410 0.430
box 31.699 2.032 -8.026 7.214 3.251 5.588 0.400 0.410 0.430
box 33.122 5.283 -8.026 0.914 3.251 5.588 0.434 0.603 0.297
box 31.699 5.283 -8.026 1.016 3.251 5.588 0.400 0.410 0.430
box 32.715 6.502 -8.026 0.406 2.032 5.588 0.559 0.611 0.603
box 34.036 5.283 -8.026 0.813 1.321 5.588 0.559 0.611 0.603
box 34.036 7.823 -8.026 0.813 0.711 5.588 0.559 0.611 0.603
box 37.186 6.401 -8.026 0.406 2.134 5.588 0.559 0.611 0.603
box 34.849 5.283 -8.026 2.337 3.251 5.588 0.434 0.603 0.297
box 37.186 5.283 -8.026 0.406 0.305 5.588 0.559 0.611 0.603
box 34.036 6.604 -7.722 0.813 1.219 5.283 0.559 0.611 0.603
box 32.715 5.283 -7.823 0.406 1.219 5.385 0.559 0.611 0.603
box 37.186 5.588 -7.823 0.406 0.813 5.385 0.559 0.611 0.603
box 37.592 5.283 -8.026 1.321 3.251 5.588 0.434 0.603 0.297
box 39.014 -2.642 -4.064 0.813 3.251 2.032 0.400 0.410 0.430
box 39.014 -5.486 -4.064 0.813 2.845 2.032 0.400 0.410 0.430
box 33.325 -5.486 -4.064 0.813 2.845 2.032 0.400 0.410 0.430
box 33.325 -2.642 -4.064 0.813 3.251 2.032 0.400 0.410 0.430
box 34.138 0.000 -4.064 2.438 0.610 2.032 0.400 0.410 0.430
box 36.576 0.000 -4.064 2.438 0.610 2.032 0.400 0.410 0.430
box 28.550 3.251 -51.206 0.813 1.321 4.877 0.559 0.611 0.603
box 29.362 3.251 -51.206 0.914 2.540 4.877 0.434 0.603 0.297
box 30.277 4.470 -51.206 0.406 1.321 4.877 0.559 0.611 0.603
box 30.683 3.251 -51.206 1.016 2.540 4.877 0.434 0.603 0.297
box 22.758 0.000 -51.206 8.941 3.251 4.877 0.400 0.410 0.430
box 22.758 3.251 -51.206 5.791 2.540 4.877 0.559 0.611 0.603
box 30.277 3.251 -51.003 0.406 1.219 4.674 0.559 0.611 0.603
box 28.550 4.572 -50.902 0.813 1.219 4.572 0.559 0.611 0.603
box 28.042 4.674 -39.014 2.438 1.219 8.128 0.434 0.603 0.297
box 30.886 4.674 -39.014 1.016 1.219 8.128 0.434 0.603 0.297
box 25.197 4.674 -39.014 2.438 1.219 8.128 0.434 0.603 0.297
box 23.774 3.861 -39.014 8.128 0.813 8.128 0.559 0.611 0.603
box 23.774 3.251 -39.014 8.128 0.610 8.128 0.559 0.611 0.603
box 23.774 1.219 -39.014 0.813 2.032 8.128 0.559 0.611 0.603
box 23.774 0.000 -39.014 8.128 1.219 8.128 0.559 0.611 0.603
box 25.806 1.219 -39.014 4.064 2.032 8.128 0.434 0.603 0.297
box 31.090 1.219 -39.014 0.813 2.032 8.128 0.434 0.603 0.297
box 29.870 1.219 -39.014 1.219 2.032 8.128 0.559 0.611 0.603
box 24.587 1.219 -39.014 1.219 2.032 8.128 0.559 0.611 0.603
box 23.774 5.893 -39.014 8.128 1.219 8.128 0.400 0.410 0.430
box 24.790 4.674 -39.014 0.406 1.219 7.722 0.559 0.611 0.603
box 27.635 4.674 -39.014 0.406 1.219 7.722 0.559 0.611 0.603
box 30.480 4.674 -39.014 0.406 1.219 7.722 0.559 0.611 0.603
box 23.774 4.674 -39.014 1.016 1.219 8.128 0.400 0.410 0.430
box 13.005 6.502 -52.019 7.518 1.626 10.363 0.400 0.410 0.430
box 13.005 4.877 -52.019 1.016 1.626 4.267 0.400 0.410 0.430
box 14.021 4.877 -51.816 1.219 1.626 10.160 0.400 0.410 0.430
box 15.240 4.877 -52.019 2.032 1.626 10.363 0.434 0.603 0.297
box 18.491 4.877 -52.019 2.032 1.626 10.363 0.434 0.603 0.297
box 20.523 4.877 -51.816 1.219 1.626 10.160 0.400 0.410 0.430
box 17.272 4.877 -51.816 1.219 1.626 10.160 0.400 0.410 0.430
box 13.005 1.626 -52.019 7.518 3.251 10.363 0.400 0.410 0.430
box 20.523 1.626 -52.019 2.235 3.251 10.363 0.434 0.603 0.297
box 20.523 -1.626 -52.019 2.235 3.251 10.363 0.400 0.410 0.430
box 19.304 -1.626 -52.019 1.219 3.251 10.363 0.400 0.410 0.430
box 16.053 -1.626 -52.019 0.813 3.251 0.406 0.400 0.410 0.430
box 18.898 -1.626 -52.019 0.406 3.251 0.406 0.400 0.410 0.430
box 13.208 4.877 -47.752 0.813 1.626 1.219 0.434 0.603 0.297
box 13.005 4.877 -46.533 1.016 1.626 2.032 0.400 0.410 0.430
box 13.208 4.877 -44.501 0.813 1.626 1.219 0.434 0.603 0.297
box 13.005 4.877 -43.282 1.016 1.626 1.626 0.400 0.410 0.430
box 16.053 -1.626 -51.206 3.251 3.251 9.550 0.400 0.410 0.430
box 21.742 4.877 -52.019 1.016 1.626 10.363 0.434 0.603 0.297
box 13.818 -1.626 -52.019 2.235 3.251 0.406 0.400 0.410 0.430
box 13.818 -1.626 -51.613 2.235 3.251 9.957 0.400 0.410 0.430
box 13.005 -1.626 -52.019 0.813 3.251 0.406 0.400 0.410 0.430
box 13.005 -1.626 -51.613 0.813 3.251 9.957 0.400 0.410 0.430
box 20.523 6.502 -52.019 2.235 1.626 10.363 0.400 0.410 0.430
box 25.603 3.251 -46.330 5.690 1.626 7.315 0.400 0.410 0.430
box 25.603 2.845 -46.330 5.690 0.406 7.315 0.400 0.410 0.430
box 25.603 0.000 -46.330 5.690 1.626 4.369 0.400 0.410 0.430
box 25.603 0.000 -40.538 5.690 1.626 1.524 0.400 0.410 0.430
box 25.603 1.626 -40.538 5.690 1.219 1.524 0.400 0.410 0.430
box 25.603 1.626 -44.907 5.486 1.219 0.813 0.400 0.410 0.430
box 25.603 1.626 -44.094 5.690 1.219 2.134 0.400 0.410 0.430
box 25.603 1.626 -46.330 5.690 1.219 1.422 0.400 0.410 0.430
box 25.603 4.877 -43.688 5.690 1.626 2.032 0.400 0.410 0.430
box 25.603 6.502 -46.330 5.690 1.626 7.315 0.400 0.410 0.430
box 25.603 4.877 -46.330 5.690 1.626 1.422 0.400 0.410 0.430
box 25.603 4.877 -40.437 5.690 1.626 1.422 0.400 0.410 0.430
box 16.256 4.064 -36.576 7.518 0.813 5.690 0.400 0.410 0.430
box 16.256 3.251 -36.576 7.518 0.813 5.690 0.400 0.410 0.430
box 18.491 1.219 -36.576 0.610 2.032 5.690 0.434 0.603 0.297
box 19.101 0.000 -36.576 4.674 1.219 5.690 0.400 0.410 0.430
box 19.101 1.219 -36.576 4.674 2.032 5.690 0.434 0.603 0.297
box 16.256 0.000 -36.576 2.845 1.219 5.690 0.400 0.410 0.430
box 16.256 1.219 -36.576 1.016 2.032 5.690 0.400 0.410 0.430
box 17.272 1.219 -36.576 1.219 2.032 5.486 0.400 0.410 0.430
box 16.256 4.877 -36.576 7.518 1.422 5.690 0.400 0.410 0.430
box 41.910 1.829 -26.213 1.422 0.203 0.406 0.415 0.474 0.466
box 12.802 3.251 -41.656 8.941 3.048 5.893 0.400 0.410 0.430
box 12.802 1.626 -39.624 8.941 1.626 3.861 0.400 0.410 0.430
box 12.802 0.000 -41.656 8.941 1.626 5.893 0.400 0.410 0.430
box 12.802 1.626 -41.656 8.941 1.626 0.813 0.400 0.410 0.430
box 13.208 1.626 -40.843 8.534 1.626 1.219 0.434 0.603 0.297
box 41.046 1.626 -41.250 6.096 2.032 0.610 0.400 0.410 0.430
box 41.046 0.406 -45.517 6.096 1.219 4.877 0.400 0.410 0.430
box 41.046 1.626 -42.469 6.096 2.032 1.219 0.434 0.603 0.297
box 41.046 1.626 -38.405 6.096 2.032 0.610 0.400 0.410 0.430
box 41.046 0.406 -38.405 6.096 1.219 2.642 0.400 0.410 0.430
box 41.046 1.626 -37.795 6.096 2.032 1.219 0.434 0.603 0.297
box 41.046 1.626 -36.576 6.096 2.032 0.813 0.400 0.410 0.430
box 41.046 4.470 -45.517 6.096 0.813 9.754 0.400 0.410 0.430
box 41.046 3.658 -45.517 6.096 0.813 9.754 0.400 0.410 0.430
box 41.758 1.626 -40.640 5.385 2.032 2.235 0.400 0.410 0.430
box 41.046 1.626 -43.282 6.096 2.032 0.813 0.400 0.410 0.430
box 41.046 1.626 -44.501 6.096 2.032 1.219 0.434 0.603 0.297
box 41.046 1.626 -45.517 6.096 2.032 1.016 0.400 0.410 0.430
box 41.046 5.283 -43.282 6.096 2.845 7.518 0.400 0.410 0.430
box 41.046 5.283 -45.517 6.096 1.626 2.235 0.400 0.410 0.430
box 13.818 4.267 -19.507 2.438 1.422 1.626 0.400 0.410 0.430
box 13.005 -0.406 -19.507 0.813 3.251 1.626 0.400 0.410 0.430
box 13.005 2.845 -19.507 0.813 2.845 1.626 0.400 0.410 0.430
box 18.694 -0.406 -19.507 0.813 3.251 1.626 0.400 0.410 0.430
box 18.694 2.845 -19.507 0.813 2.845 1.626 0.400 0.410 0.430
box 16.256 4.267 -19.507 2.438 1.422 1.626 0.400 0.410 0.430
box 13.818 4.674 -8.128 2.438 0.813 1.626 0.400 0.410 0.430
box 13.005 0.000 -8.128 0.813 3.251 1.626 0.400 0.410 0.430
box 13.005 3.251 -8.128 0.813 2.235 1.626 0.400 0.410 0.430
box 18.694 0.000 -8.128 2.438 3.251 1.626 0.400 0.410 0.430
box 18.694 3.251 -8.128 2.438 2.235 1.626 0.400 0.410 0.430
box 16.256 4.674 -8.128 2.438 0.813 1.626 0.400 0.410 0.430
box 38.202 5.486 -79.654 0.813 3.251 2.032 0.400 0.410 0.430
box 38.202 2.642 -79.654 0.813 2.845 2.032 0.400 0.410 0.430
box 32.512 2.642 -79.654 0.813 2.845 2.032 0.400 0.410 0.430
box 32.512 5.486 -79.654 0.813 3.251 2.032 0.400 0.410 0.430
box 33.325 8.128 -79.654 2.438 0.610 2.032 0.400 0.410 0.430
box 35.763 8.128 -79.654 2.438 0.610 2.032 0.400 0.410 0.430
box 43.832 6.502 -72.544 4.124 2.642 6.909 0.400 0.410 0.430
box 40.640 0.203 -66.040 6.502 2.438 8.128 0.400 0.410 0.430
box 41.656 3.861 -64.822 6.299 3.454 6.502 0.400 0.410 0.430
box 39.776 5.283 -73.356 8.179 1.626 1.220 0.434 0.603 0.297
box 39.768 5.283 -72.137 7.375 1.626 1.626 0.400 0.410 0.430
box 39.776 5.283 -76.404 8.179 1.626 1.220 0.434 0.603 0.297
box 39.768 5.283 -75.184 8.188 1.626 1.828 0.400 0.410 0.430
box 40.640 3.454 -66.040 6.502 0.406 8.128 0.400 0.410 0.430
box 40.640 2.642 -66.040 6.502 0.813 5.690 0.400 0.410 0.430
box 40.919 2.642 -60.352 6.223 0.813 0.813 0.434 0.603 0.297
box 40.640 2.642 -59.538 6.502 0.813 1.626 0.400 0.410 0.430
box 39.768 7.925 -73.457 0.813 0.813 2.945 0.400 0.410 0.430
box 40.580 7.925 -71.324 3.658 0.813 0.813 0.400 0.410 0.430
box 39.768 6.909 -78.233 8.188 1.016 7.722 0.400 0.410 0.430
box 39.768 3.251 -78.233 8.188 2.032 7.722 0.400 0.410 0.430
box 39.768 5.283 -78.233 8.188 1.626 1.829 0.400 0.410 0.430
box 40.177 7.925 -77.827 7.778 0.406 6.909 0.400 0.410 0.430
box 43.832 6.502 -77.827 3.311 0.813 1.219 0.400 0.410 0.430
box 41.046 2.235 -70.512 2.785 3.251 4.470 0.400 0.410 0.430
box 41.046 5.486 -70.512 2.785 1.118 4.470 0.400 0.410 0.430
box 40.640 3.861 -63.195 6.502 1.422 5.283 0.400 0.410 0.430
box 40.640 3.861 -66.040 3.251 2.743 2.845 0.400 0.410 0.430
box 49.317 0.958 -77.555 6.097 6.559 6.502 0.400 0.410 0.430
box 49.318 7.461 -76.742 6.101 1.682 5.690 0.400 0.410 0.430
box 49.317 0.958 -71.052 6.097 6.559 2.438 0.400 0.410 0.430
box 50.131 0.967 -68.614 6.096 5.746 4.470 0.400 0.410 0.430
box 49.928 1.068 -63.196 6.096 6.622 6.502 0.400 0.410 0.430
box 49.927 7.571 -62.384 6.097 1.746 5.690 0.400 0.410 0.430
box 13.411 5.690 -78.029 6.909 2.642 6.909 0.400 0.410 0.430
box 13.818 2.438 -73.965 4.470 3.251 2.845 0.400 0.410 0.430
box 5.690 2.438 -78.029 8.128 2.438 7.315 0.400 0.410 0.430
box 5.690 6.096 -78.029 6.502 2.845 6.299 0.400 0.410 0.430
box 19.914 4.470 -77.216 1.219 2.032 6.909 0.400 0.410 0.430
box 18.288 4.470 -77.216 1.626 2.032 7.315 0.400 0.410 0.430
box 22.962 4.470 -77.216 1.219 2.032 6.909 0.400 0.410 0.430
box 21.133 4.470 -77.216 1.829 2.032 7.315 0.434 0.603 0.297
box 9.855 6.096 -71.120 3.962 1.016 0.406 0.400 0.410 0.430
box 5.690 5.690 -78.029 8.128 0.406 7.315 0.400 0.410 0.430
box 13.005 4.877 -77.216 0.813 0.813 6.502 0.434 0.603 0.297
box 12.192 4.877 -77.216 0.813 0.813 6.096 0.400 0.410 0.430
box 5.690 4.877 -78.029 6.502 0.813 7.315 0.400 0.410 0.430
box 18.288 7.112 -70.714 4.470 0.813 0.813 0.400 0.410 0.430
box 18.288 7.112 -74.371 0.813 0.813 3.658 0.400 0.410 0.430
box 18.288 6.502 -78.029 7.722 0.610 8.128 0.400 0.410 0.430
box 18.288 2.438 -78.029 7.722 2.032 8.128 0.400 0.410 0.430
box 24.181 4.470 -78.029 1.829 2.032 8.128 0.434 0.603 0.297
box 18.694 7.112 -78.029 6.909 0.406 7.722 0.400 0.410 0.430
box 24.384 5.690 -77.216 1.219 0.813 3.251 0.400 0.410 0.430
box 18.829 2.846 -86.973 6.502 6.535 5.694 0.400 0.410 0.430
box 18.829 9.348 -86.970 5.690 1.658 5.691 0.400 0.410 0.430
box 16.390 2.846 -86.973 2.438 6.535 5.694 0.400 0.410 0.430
box 11.920 2.842 -86.767 4.470 5.722 5.690 0.400 0.410 0.430
box 4.470 2.842 -86.567 6.502 6.535 5.693 0.400 0.410 0.430
box 4.470 9.345 -86.563 5.690 1.658 5.698 0.400 0.410 0.430
box 9.754 -0.000 16.256 2.032 2.438 0.813 0.400 0.410 0.430
box 9.754 2.438 16.256 2.032 3.251 0.813 0.400 0.410 0.430
box 9.754 4.064 17.069 2.032 1.626 4.877 0.400 0.410 0.430
box 9.754 2.438 21.946 2.032 3.251 0.813 0.400 0.410 0.430
box 9.754 -0.000 21.946 2.032 2.438 0.813 0.400 0.410 0.430
box 18.694 -0.000 9.754 0.813 2.438 2.032 0.400 0.410 0.430
box 18.694 2.438 9.754 0.813 3.251 2.032 0.400 0.410 0.430
box 13.818 4.064 9.754 4.877 1.626 2.032 0.400 0.410 0.430
box 13.005 2.438 9.754 0.813 3.251 2.032 0.559 0.611 0.603
box 13.005 -0.000 9.754 0.813 2.438 2.032 0.400 0.410 0.430
box -54.864 8.738 -39.014 21.539 0.203 17.475 0.434 0.603 0.297
box -33.528 7.315 -39.014 0.203 1.422 17.475 0.434 0.603 0.297
box -54.864 7.315 -39.014 0.203 1.422 17.475 0.434 0.603 0.297
box -54.661 7.518 -21.742 21.133 1.219 0.203 0.434 0.603 0.297
box -54.661 7.518 -39.014 21.133 1.219 0.203 0.434 0.603 0.297
box 11.786 2.845 -34.341 1.219 2.845 0.203 0.400 0.410 0.430
box 11.786 0.000 -34.341 1.219 2.845 0.203 0.400 0.410 0.430
box 5.690 2.845 -34.341 1.219 2.845 0.203 0.400 0.410 0.430
box 5.690 0.000 -34.341 1.219 2.845 0.203 0.400 0.410 0.430
box -0.406 2.845 -34.341 1.219 2.845 0.203 0.400 0.410 0.430
box -0.406 -0.000 -34.341 1.219 2.845 0.203 0.400 0.410 0.430
box -30.074 8.128 -15.443 7.315 1.626 15.443 0.400 0.410 0.430
box -56.490 2.845 -53.645 2.032 3.251 0.813 0.434 0.603 0.297
box -56.490 -0.000 -53.645 2.032 2.845 0.813 0.400 0.410 0.430
box -56.490 -0.000 -59.334 2.032 2.845 0.813 0.434 0.603 0.297
box -56.490 2.845 -59.334 2.032 3.251 0.813 0.434 0.603 0.297
box -56.490 5.486 -58.522 2.032 0.610 2.438 0.434 0.603 0.297
box -56.490 5.486 -56.083 2.032 0.610 2.438 0.434 0.603 0.297
box -16.662 10.566 -21.946 3.251 3.251 3.251 0.400 0.410 0.430
box -29.261 -0.305 -33.325 0.127 0.330 0.813 0.400 0.410 0.430
box -29.261 1.143 -33.325 1.626 0.076 0.813 0.400 0.410 0.430
box -26.137 -0.305 -33.325 0.127 0.330 0.813 0.400 0.410 0.430
box -27.635 1.143 -33.325 1.626 0.076 0.813 0.400 0.410 0.430
box -30.886 -0.254 -33.547 0.813 0.495 0.222 0.559 0.611 0.603
box -30.886 1.918 -36.170 0.813 0.114 2.845 0.559 0.611 0.603
box -30.886 -0.254 -39.014 0.813 0.495 0.222 0.559 0.611 0.603
box -30.886 1.918 -39.014 0.813 0.114 2.845 0.559 0.611 0.603
box -22.758 -0.254 -33.547 0.813 0.495 0.222 0.400 0.410 0.430
box -22.758 1.918 -36.170 0.813 0.114 2.845 0.400 0.410 0.430
box -22.758 -0.254 -39.014 0.813 0.495 0.222 0.400 0.410 0.430
box -22.758 1.918 -39.014 0.813 0.114 2.845 0.400 0.410 0.430
box -14.630 -0.254 -33.547 0.813 0.495 0.222 0.400 0.410 0.430
box -14.630 1.918 -36.170 0.813 0.114 2.845 0.400 0.410 0.430
box -14.630 -0.254 -39.014 0.813 0.495 0.222 0.400 0.410 0.430
box -14.630 1.918 -39.014 0.813 0.114 2.845 0.400 0.410 0.430
box 44.704 1.803 -11.176 0.406 0.203 1.422 0.415 0.474 0.466
box 40.234 0.610 -24.587 1.219 0.203 3.658 0.474 0.479 0.466
box 40.538 0.813 -24.384 0.914 0.203 3.251 0.474 0.479 0.466
box 40.843 1.016 -24.384 0.610 0.203 3.251 0.474 0.479 0.466
box 41.148 1.219 -24.384 0.305 0.203 3.251 0.474 0.479 0.466
box -24.384 6.578 23.349 1.626 0.611 0.222 0.400 0.410 0.430
box -24.384 6.578 17.882 1.626 0.611 0.222 0.400 0.410 0.430
box 30.886 0.102 -41.961 0.406 0.203 1.422 0.400 0.410 0.430
box 41.554 0.406 -40.640 0.203 3.251 0.406 0.400 0.410 0.430
box 41.554 0.406 -38.811 0.203 3.251 0.406 0.400 0.410 0.430
box 41.554 3.353 -40.234 0.203 0.305 0.711 0.400 0.410 0.430
box 41.554 3.353 -39.522 0.203 0.305 0.711 0.400 0.410 0.430
box 41.250 0.508 -40.234 0.406 0.203 1.422 0.415 0.474 0.466
box -15.616 15.149 -21.130 1.158 0.160 1.621 0.400 0.410 0.430
box -15.847 15.149 -20.899 0.232 0.160 1.158 0.400 0.410 0.430
box -14.458 15.149 -20.899 0.232 0.160 1.158 0.400 0.410 0.430
box -15.384 15.310 -20.899 0.695 0.160 1.158 0.400 0.410 0.430
box -15.616 15.310 -20.667 0.232 0.160 0.695 0.400 0.410 0.430
box -14.689 15.310 -20.667 0.232 0.160 0.695 0.400 0.410 0.430
box -15.839 14.703 -21.581 1.604 0.223 2.522 0.400 0.410 0.430
box -15.152 14.926 -21.581 0.229 0.223 2.522 0.400 0.410 0.430
box -16.068 14.703 -21.352 0.229 0.223 2.063 0.400 0.410 0.430
box -14.235 14.703 -21.352 0.229 0.223 2.063 0.400 0.410 0.430
box -15.839 14.926 -21.352 0.688 0.223 2.063 0.400 0.410 0.430
box -14.922 14.926 -21.352 0.688 0.223 2.063 0.400 0.410 0.430
box -16.298 14.703 -21.122 0.229 0.223 1.605 0.400 0.410 0.430
box -14.006 14.703 -21.122 0.229 0.223 1.605 0.400 0.410 0.430
box -16.068 14.926 -21.122 0.229 0.223 1.605 0.400 0.410 0.430
box -14.235 14.926 -21.122 0.229 0.223 1.605 0.400 0.410 0.430
box -16.298 14.926 -20.435 0.229 0.223 0.229 0.400 0.410 0.430
box -14.006 14.926 -20.435 0.229 0.223 0.229 0.400 0.410 0.430
box -16.035 14.296 -21.818 1.997 0.204 2.996 0.400 0.410 0.430
box -15.786 14.500 -21.818 1.498 0.204 2.996 0.400 0.410 0.430
box -16.285 14.296 -21.568 0.250 0.204 2.496 0.400 0.410 0.430
box -14.038 14.296 -21.568 0.250 0.204 2.496 0.400 0.410 0.430
box -16.035 14.500 -21.568 0.250 0.204 2.496 0.400 0.410 0.430
box -14.288 14.500 -21.568 0.250 0.204 2.496 0.400 0.410 0.430
box -16.535 14.296 -21.319 0.250 0.204 1.997 0.400 0.410 0.430
box -13.789 14.296 -21.319 0.250 0.204 1.997 0.400 0.410 0.430
box -16.285 14.500 -21.319 0.250 0.204 1.997 0.400 0.410 0.430
box -14.038 14.500 -21.319 0.250 0.204 1.997 0.400 0.410 0.430
box -16.535 14.500 -21.069 0.250 0.204 1.498 0.400 0.410 0.430
box -13.789 14.500 -21.069 0.250 0.204 1.498 0.400 0.410 0.430
box -16.066 14.069 -21.864 2.059 0.227 3.089 0.400 0.410 0.430
box -16.324 14.069 -21.607 0.257 0.227 2.574 0.400 0.410 0.430
box -14.007 14.069 -21.607 0.257 0.227 2.574 0.400 0.410 0.430
box -16.581 14.069 -21.350 0.257 0.227 2.059 0.400 0.410 0.430
box -13.750 14.069 -21.350 0.257 0.227 2.059 0.400 0.410 0.430
box -16.121 13.817 -21.946 2.167 0.126 3.251 0.559 0.611 0.603
box -15.850 13.944 -21.946 1.626 0.126 3.251 0.559 0.611 0.603
box -16.392 13.817 -21.675 0.271 0.252 2.709 0.559 0.611 0.603
box -13.953 13.817 -21.675 0.271 0.252 2.709 0.559 0.611 0.603
box -16.121 13.944 -21.675 0.271 0.126 2.709 0.559 0.611 0.603
box -14.224 13.944 -21.675 0.271 0.126 2.709 0.559 0.611 0.603
box -16.662 13.817 -21.404 0.271 0.126 2.167 0.559 0.611 0.603
box -13.682 13.817 -21.404 0.271 0.126 2.167 0.559 0.611 0.603
box -16.662 13.944 -21.133 0.271 0.126 1.626 0.559 0.611 0.603
box -13.682 13.944 -21.133 0.271 0.126 1.626 0.559 0.611 0.603
box -15.167 15.548 -20.455 0.265 0.099 0.269 0.400 0.410 0.430
box -15.191 15.461 -20.475 0.309 0.096 0.309 0.400 0.410 0.430
box -50.158 0.813 -13.767 0.813 0.813 0.813 0.534 0.429 0.305
box -50.666 0.813 -14.580 0.813 0.813 0.813 0.534 0.429 0.305
box -48.634 1.600 -14.376 2.642 0.102 1.219 0.545 0.606 0.365
box -48.532 0.813 -14.275 0.102 0.787 1.016 0.545 0.606 0.365
box -47.008 0.813 -14.173 0.813 0.787 0.813 0.534 0.429 0.305
box -46.195 0.813 -14.275 0.102 0.787 1.016 0.545 0.606 0.365
box -52.019 3.363 -36.576 0.127 0.320 0.813 0.400 0.410 0.430
box -50.394 4.801 -36.576 1.626 0.076 0.813 0.400 0.410 0.430
box -52.019 4.801 -36.576 1.626 0.076 0.813 0.400 0.410 0.430
box -48.895 3.363 -36.576 0.127 0.320 0.813 0.400 0.410 0.430
box -43.891 3.363 -24.384 0.127 0.320 0.813 0.400 0.410 0.430
box -42.266 4.801 -24.384 1.626 0.076 0.813 0.400 0.410 0.430
box -43.891 4.801 -24.384 1.626 0.076 0.813 0.400 0.410 0.430
box -40.767 3.363 -24.384 0.127 0.320 0.813 0.400 0.410 0.430
box -40.767 3.363 -18.694 0.127 0.320 0.813 0.400 0.410 0.430
box -43.891 4.801 -18.694 1.626 0.076 0.813 0.400 0.410 0.430
box -42.266 4.801 -18.694 1.626 0.076 0.813 0.400 0.410 0.430
box -43.891 3.363 -18.694 0.127 0.320 0.813 0.400 0.410 0.430
box -13.818 -0.295 -34.671 0.813 0.320 0.127 0.400 0.410 0.430
box -13.818 1.143 -37.795 0.813 0.076 1.626 0.400 0.410 0.430
box -13.818 1.143 -36.170 0.813 0.076 1.626 0.400 0.410 0.430
box -13.818 -0.295 -37.795 0.813 0.320 0.127 0.400 0.410 0.430
box -33.325 4.288 -26.264 0.813 0.640 0.254 0.400 0.410 0.430
box -33.325 7.163 -32.512 0.813 0.152 3.251 0.400 0.410 0.430
box -33.325 7.163 -29.261 0.813 0.152 3.251 0.400 0.410 0.430
box -33.325 4.288 -32.512 0.813 0.640 0.254 0.400 0.410 0.430
box -56.083 4.288 -26.264 0.813 0.640 0.254 0.559 0.611 0.603
box -56.083 7.163 -32.512 0.813 0.152 3.251 0.559 0.611 0.603
box -56.083 7.163 -29.261 0.813 0.152 3.251 0.559 0.611 0.603
box -56.083 4.288 -32.512 0.813 0.640 0.254 0.400 0.410 0.430
box -44.704 4.288 -26.264 0.813 0.640 0.254 0.400 0.410 0.430
box -44.704 7.163 -32.512 0.813 0.152 3.251 0.400 0.410 0.430
box -44.704 7.163 -29.261 0.813 0.152 3.251 0.400 0.410 0.430
box -44.704 4.288 -32.512 0.813 0.640 0.254 0.400 0.410 0.430
box -39.014 4.288 -26.264 0.813 0.640 0.254 0.400 0.410 0.430
box -39.014 7.163 -32.512 0.813 0.152 3.251 0.400 0.410 0.430
box -39.014 7.163 -29.261 0.813 0.152 3.251 0.400 0.410 0.430
box -39.014 4.288 -32.512 0.813 0.640 0.254 0.400 0.410 0.430
box -45.517 -0.000 -13.513 6.502 0.406 0.305 0.415 0.474 0.466
box -45.517 -0.000 -13.818 6.502 0.610 0.305 0.415 0.474 0.466
box -45.517 -0.000 -13.208 6.502 0.203 0.305 0.415 0.474 0.466
box -53.645 12.192 26.416 7.112 0.610 6.096 0.400 0.410 0.430
box -53.645 10.566 26.416 7.112 1.626 6.096 0.400 0.410 0.430
box -53.645 7.263 26.416 7.112 3.303 6.096 0.400 0.410 0.430
box -46.533 10.160 28.448 5.080 2.235 5.690 0.434 0.603 0.297
box -46.533 9.144 28.448 5.080 1.016 5.690 0.434 0.603 0.297
box -46.533 6.706 28.448 5.080 2.438 5.690 0.434 0.603 0.297
box -41.453 8.941 28.042 9.754 2.235 6.096 0.400 0.410 0.430
box -41.453 4.267 28.042 9.754 4.674 6.096 0.400 0.410 0.430
box -31.699 11.176 27.635 5.690 1.219 6.502 0.400 0.410 0.430
box -31.699 9.144 27.635 5.690 2.032 6.502 0.400 0.410 0.430
box -31.699 4.267 27.635 5.690 4.877 6.502 0.400 0.410 0.430
box -68.072 8.826 28.245 9.754 2.794 5.893 0.400 0.410 0.430
box -68.072 4.712 28.245 9.754 4.115 5.893 0.400 0.410 0.430
box -73.152 8.014 28.651 5.080 2.388 5.486 0.559 0.611 0.603
box -73.152 4.712 28.651 5.080 3.302 5.486 0.559 0.611 0.603
box -80.467 5.269 26.619 7.315 4.633 7.518 0.434 0.603 0.297
box -80.467 9.902 26.619 7.315 0.905 7.518 0.434 0.603 0.297
box -67.869 8.725 2.438 6.299 2.794 9.754 0.434 0.603 0.297
box -67.869 2.032 2.438 6.299 6.693 9.754 0.434 0.603 0.297
box -67.666 7.912 -2.642 5.690 2.388 5.080 0.434 0.603 0.297
box -67.666 2.172 -2.642 5.690 5.740 5.080 0.434 0.603 0.297
box -66.040 8.582 -9.754 6.096 0.905 7.112 0.434 0.603 0.297
box -66.040 1.626 -9.754 6.096 6.956 7.112 0.434 0.603 0.297
box -32.106 -2.845 -29.261 0.406 3.454 3.251 0.400 0.410 0.430
box -31.293 -2.845 -29.261 0.406 3.048 3.251 0.400 0.410 0.430
box -31.699 -2.845 -29.261 0.406 3.251 3.251 0.434 0.603 0.297
box -29.261 -2.845 -31.293 3.251 0.406 0.406 0.434 0.603 0.297
box -29.261 -2.845 -31.699 3.251 0.203 0.406 0.434 0.603 0.297
box -13.005 -3.200 -37.795 0.406 0.152 3.251 0.434 0.603 0.297
box -50.597 0.203 -62.179 3.658 0.203 0.813 0.474 0.479 0.466
box -50.394 0.406 -62.179 3.251 0.203 0.508 0.474 0.479 0.466
box -50.394 0.610 -62.179 3.251 0.203 0.203 0.344 0.576 0.526
box -33.457 2.540 -67.354 0.955 0.626 0.806 0.400 0.410 0.430
box -33.934 2.540 -67.152 0.477 0.626 0.604 0.400 0.410 0.430
box 6.502 1.626 -45.517 3.251 0.203 1.219 0.400 0.410 0.430
box 6.502 1.829 -45.517 3.251 0.203 0.914 0.400 0.410 0.430
box 6.502 2.032 -45.517 3.251 0.203 0.610 0.325 0.645 0.259
box 6.502 2.235 -45.517 3.251 0.203 0.305 0.344 0.576 0.526
box 6.502 0.813 -45.517 3.251 0.203 2.438 0.400 0.410 0.430
box 6.502 1.016 -45.517 3.251 0.203 2.134 0.400 0.410 0.430
box 6.502 1.219 -45.517 3.251 0.203 1.829 0.344 0.576 0.526
box 6.502 1.422 -45.517 3.251 0.203 1.524 0.344 0.576 0.526
box 6.502 0.000 -43.078 3.251 0.203 1.219 0.474 0.479 0.466
box 6.502 0.203 -43.078 3.251 0.203 0.914 0.400 0.410 0.430
box 6.502 0.406 -43.078 3.251 0.203 0.610 0.344 0.576 0.526
box 6.502 0.610 -43.078 3.251 0.203 0.305 0.344 0.576 0.526
box -52.222 0.203 -45.822 3.658 0.203 0.711 0.474 0.479 0.466
box -52.019 0.406 -45.517 3.251 0.203 0.406 0.400 0.410 0.430
box -52.019 0.610 -45.212 3.251 0.203 0.102 0.344 0.576 0.526
box 13.005 4.857 -15.037 6.502 0.227 0.813 0.400 0.410 0.430
box 13.005 4.857 -11.379 6.502 0.227 0.813 0.400 0.410 0.430
box -3.454 2.845 -23.774 0.203 2.845 1.219 0.400 0.410 0.430
box -3.454 -0.000 -23.774 0.203 2.845 1.219 0.400 0.410 0.430
box -3.454 2.845 -29.870 0.203 2.845 1.219 0.400 0.410 0.430
box -3.454 -0.000 -29.870 0.203 2.845 1.219 0.400 0.410 0.430
box -13.005 6.350 -4.877 3.251 0.152 0.813 0.400 0.410 0.430
box -13.005 6.350 -1.626 3.251 0.152 0.813 0.400 0.410 0.430
box -13.005 6.350 2.032 3.251 0.152 0.813 0.400 0.410 0.430
box -13.005 6.350 5.690 3.251 0.152 0.813 0.400 0.410 0.430
box -13.005 6.350 8.941 3.251 0.152 0.813 0.400 0.410 0.430
box -52.019 3.363 -45.517 0.127 0.320 0.813 0.400 0.410 0.430
box -50.394 4.801 -45.517 1.626 0.076 0.813 0.400 0.410 0.430
box -52.019 4.801 -45.517 1.626 0.076 0.813 0.400 0.410 0.430
box -48.895 3.363 -45.517 0.127 0.320 0.813 0.400 0.410 0.430
box -3.454 -0.000 -17.678 0.203 2.845 1.219 0.400 0.410 0.430
box -3.454 2.845 -17.678 0.203 2.845 1.219 0.400 0.410 0.430
box -6.023 6.701 -63.257 0.733 2.442 4.609 0.434 0.603 0.297
box -6.390 7.007 -63.257 0.367 1.832 4.609 0.434 0.603 0.297
box -5.290 7.007 -63.257 0.367 1.832 4.609 0.434 0.603 0.297
box -6.756 7.617 -63.257 0.367 0.611 4.609 0.434 0.603 0.297
box -4.923 7.617 -63.257 0.367 0.611 4.609 0.434 0.603 0.297
box -6.023 6.396 -62.873 0.733 0.305 3.841 0.434 0.603 0.297
box -6.756 6.701 -62.873 0.733 0.305 3.841 0.434 0.603 0.297
box -5.290 6.701 -62.873 0.733 0.305 3.841 0.434 0.603 0.297
box -7.123 7.007 -62.873 0.733 0.611 3.841 0.434 0.603 0.297
box -4.923 7.007 -62.873 0.733 0.611 3.841 0.434 0.603 0.297
box -7.490 7.312 -62.873 0.367 1.221 3.841 0.434 0.603 0.297
box -4.190 7.312 -62.873 0.367 1.221 3.841 0.434 0.603 0.297
box -7.123 7.617 -62.873 0.367 1.221 3.841 0.434 0.603 0.297
box -4.556 7.617 -62.873 0.367 1.221 3.841 0.434 0.603 0.297
box -6.756 8.228 -62.873 0.367 0.916 3.841 0.434 0.603 0.297
box -4.923 8.228 -62.873 0.367 0.916 3.841 0.434 0.603 0.297
box -6.390 8.839 -62.873 0.367 0.611 3.841 0.434 0.603 0.297
box -5.290 8.839 -62.873 0.367 0.305 3.841 0.434 0.603 0.297
box -6.023 9.144 -62.873 0.733 0.305 3.841 0.434 0.603 0.297
box -6.023 6.091 -62.489 0.733 0.305 3.073 0.434 0.603 0.297
box -7.123 6.396 -62.489 1.100 0.305 3.073 0.434 0.603 0.297
box -5.290 6.396 -62.489 1.100 0.305 3.073 0.434 0.603 0.297
box -7.123 6.701 -62.489 0.367 0.305 3.073 0.434 0.603 0.297
box -4.556 6.701 -62.489 0.367 0.305 3.073 0.434 0.603 0.297
box -7.490 7.007 -62.489 0.367 0.305 3.073 0.434 0.603 0.297
box -4.190 7.007 -62.489 0.367 0.305 3.073 0.434 0.603 0.297
box -7.490 8.533 -62.489 0.367 0.305 3.073 0.434 0.603 0.297
box -4.190 8.533 -62.489 0.367 0.305 3.073 0.434 0.603 0.297
box -7.123 8.839 -62.489 0.367 0.611 3.073 0.434 0.603 0.297
box -4.556 8.839 -62.489 0.367 0.611 3.073 0.434 0.603 0.297
box -6.756 9.144 -62.489 0.367 0.305 3.073 0.434 0.603 0.297
box -5.290 9.144 -62.489 0.733 0.305 3.073 0.434 0.603 0.297
box -6.023 9.449 -62.489 0.733 0.305 3.073 0.434 0.603 0.297
box -6.756 6.091 -62.105 0.733 0.305 2.305 0.434 0.603 0.297
box -5.290 6.091 -62.105 0.733 0.305 2.305 0.434 0.603 0.297
box -7.490 6.701 -62.105 0.367 0.305 2.305 0.434 0.603 0.297
box -4.190 6.701 -62.105 0.367 0.305 2.305 0.434 0.603 0.297
box -7.856 7.617 -62.105 0.367 0.611 2.305 0.434 0.603 0.297
box -3.823 7.617 -62.105 0.367 0.611 2.305 0.434 0.603 0.297
box -7.490 8.839 -62.105 0.367 0.305 2.305 0.434 0.603 0.297
box -4.190 8.839 -62.105 0.367 0.305 2.305 0.434 0.603 0.297
box -6.756 9.449 -62.105 0.733 0.305 2.305 0.434 0.603 0.297
box -5.290 9.449 -62.105 0.733 0.305 2.305 0.434 0.603 0.297
box -7.856 7.007 -61.721 0.367 0.611 1.536 0.434 0.603 0.297
box -3.823 7.007 -61.721 0.367 0.611 1.536 0.434 0.603 0.297
box -7.856 8.228 -61.721 0.367 0.611 1.536 0.434 0.603 0.297
box -3.823 8.228 -61.721 0.367 0.611 1.536 0.434 0.603 0.297
box -7.490 9.144 -61.721 0.367 0.305 1.536 0.434 0.603 0.297
box -7.123 6.091 -61.337 0.367 0.305 0.768 0.434 0.603 0.297
box -4.556 6.091 -61.337 0.367 0.305 0.768 0.434 0.603 0.297
box -7.490 6.396 -61.337 0.367 0.305 1.152 0.434 0.603 0.297
box -4.190 6.396 -61.337 0.367 0.305 0.768 0.434 0.603 0.297
box -7.856 6.701 -61.337 0.367 0.305 0.768 0.434 0.603 0.297
box -3.823 6.701 -61.337 0.367 0.305 0.768 0.434 0.603 0.297
box -7.856 8.839 -61.337 0.367 0.305 0.768 0.434 0.603 0.297
box -3.823 8.839 -61.337 0.367 0.305 0.768 0.434 0.603 0.297
box -4.190 9.144 -61.337 0.367 0.305 0.768 0.434 0.603 0.297
box -7.123 9.449 -61.337 0.367 0.305 0.768 0.434 0.603 0.297
box -4.556 9.449 -61.337 0.367 0.305 0.768 0.434 0.603 0.297
box 4.543 6.705 -53.123 0.733 2.439 4.609 0.434 0.603 0.297
box 4.177 7.010 -53.123 0.367 1.829 4.609 0.434 0.603 0.297
box 5.277 7.010 -53.123 0.367 1.829 4.609 0.434 0.603 0.297
box 3.810 7.620 -53.123 0.367 0.610 4.609 0.434 0.603 0.297
box 5.643 7.620 -53.123 0.367 0.610 4.609 0.434 0.603 0.297
box 4.177 6.401 -52.739 1.100 0.305 3.841 0.434 0.603 0.297
box 3.810 6.705 -52.739 0.733 0.305 3.841 0.434 0.603 0.297
box 5.277 6.705 -52.739 0.733 0.305 3.841 0.434 0.603 0.297
box 3.444 7.010 -52.739 0.733 0.610 3.841 0.434 0.603 0.297
box 5.643 7.010 -52.739 0.733 0.610 3.841 0.434 0.603 0.297
box 3.077 7.315 -52.739 0.367 1.219 3.841 0.434 0.603 0.297
box 6.377 7.315 -52.739 0.367 1.219 3.841 0.434 0.603 0.297
box 3.444 7.620 -52.739 0.367 1.219 3.841 0.434 0.603 0.297
box 6.010 7.620 -52.739 0.367 1.219 3.841 0.434 0.603 0.297
box 3.810 8.230 -52.739 0.367 0.914 3.841 0.434 0.603 0.297
box 5.643 8.230 -52.739 0.367 0.914 3.841 0.434 0.603 0.297
box 4.177 8.839 -52.739 0.367 0.610 3.841 0.434 0.603 0.297
box 5.277 8.839 -52.739 0.367 0.305 3.841 0.434 0.603 0.297
box 4.543 9.144 -52.739 0.733 0.305 3.841 0.434 0.603 0.297
box 4.543 6.096 -52.355 0.733 0.305 3.073 0.434 0.603 0.297
box 3.444 6.401 -52.355 0.733 0.305 3.073 0.434 0.603 0.297
box 5.277 6.401 -52.355 1.100 0.305 3.073 0.434 0.603 0.297
box 3.444 6.705 -52.355 0.367 0.305 3.073 0.434 0.603 0.297
box 6.010 6.705 -52.355 0.367 0.305 3.073 0.434 0.603 0.297
box 3.077 7.010 -52.355 0.367 0.305 3.073 0.434 0.603 0.297
box 6.377 7.010 -52.355 0.367 0.305 3.073 0.434 0.603 0.297
box 3.077 8.534 -52.355 0.367 0.305 3.073 0.434 0.603 0.297
box 6.377 8.534 -52.355 0.367 0.305 3.073 0.434 0.603 0.297
box 3.444 8.839 -52.355 0.367 0.610 3.073 0.434 0.603 0.297
box 6.010 8.839 -52.355 0.367 0.610 3.073 0.434 0.603 0.297
box 3.810 9.144 -52.355 0.367 0.305 3.073 0.434 0.603 0.297
box 5.277 9.144 -52.355 0.733 0.305 3.073 0.434 0.603 0.297
box 4.543 9.449 -52.355 0.733 0.305 3.073 0.434 0.603 0.297
box 3.810 6.096 -51.971 0.733 0.305 2.305 0.434 0.603 0.297
box 5.277 6.096 -51.971 0.733 0.305 2.305 0.434 0.603 0.297
box 3.077 6.705 -51.971 0.367 0.305 2.305 0.434 0.603 0.297
box 6.377 6.705 -51.971 0.367 0.305 2.305 0.434 0.603 0.297
box 2.710 7.620 -51.971 0.367 0.610 2.305 0.434 0.603 0.297
box 6.743 7.620 -51.971 0.367 0.610 2.305 0.434 0.603 0.297
box 3.077 8.839 -51.971 0.367 0.305 2.305 0.434 0.603 0.297
box 6.377 8.839 -51.971 0.367 0.305 2.305 0.434 0.603 0.297
box 3.810 9.449 -51.971 0.733 0.305 2.305 0.434 0.603 0.297
box 5.277 9.449 -51.971 0.733 0.305 2.305 0.434 0.603 0.297
box 3.077 6.401 -51.586 0.367 0.305 1.536 0.434 0.603 0.297
box 2.710 7.010 -51.586 0.367 0.610 1.536 0.434 0.603 0.297
box 6.743 7.010 -51.586 0.367 0.610 1.536 0.434 0.603 0.297
box 2.710 8.230 -51.586 0.367 0.610 1.536 0.434 0.603 0.297
box 6.743 8.230 -51.586 0.367 0.610 1.536 0.434 0.603 0.297
box 3.077 9.144 -51.586 0.367 0.305 1.536 0.434 0.603 0.297
box 3.444 6.096 -51.202 0.367 0.305 0.768 0.434 0.603 0.297
box 6.010 6.096 -51.202 0.367 0.305 0.768 0.434 0.603 0.297
box 6.377 6.401 -51.202 0.367 0.305 0.768 0.434 0.603 0.297
box 2.710 6.705 -51.202 0.367 0.305 0.768 0.434 0.603 0.297
box 6.743 6.705 -51.202 0.367 0.305 0.768 0.434 0.603 0.297
box 2.710 8.839 -51.202 0.367 0.305 0.768 0.434 0.603 0.297
box 6.743 8.839 -51.202 0.367 0.305 0.768 0.434 0.603 0.297
box 6.377 9.144 -51.202 0.367 0.305 0.768 0.434 0.603 0.297
box 3.444 9.449 -51.202 0.367 0.305 0.768 0.434 0.603 0.297
box 6.010 9.449 -51.202 0.367 0.305 0.768 0.434 0.603 0.297
box -6.067 6.705 -50.253 0.733 2.439 4.609 0.434 0.603 0.297
box -6.434 7.010 -50.253 0.367 1.829 4.609 0.434 0.603 0.297
box -5.334 7.010 -50.253 0.367 1.829 4.609 0.434 0.603 0.297
box -6.801 7.619 -50.253 0.367 0.610 4.609 0.434 0.603 0.297
box -4.968 7.619 -50.253 0.367 0.610 4.609 0.434 0.603 0.297
box -6.434 6.400 -49.869 1.100 0.305 3.841 0.434 0.603 0.297
box -6.801 6.705 -49.869 0.733 0.305 3.841 0.434 0.603 0.297
box -5.334 6.705 -49.869 0.733 0.305 3.841 0.434 0.603 0.297
box -7.167 7.010 -49.869 0.733 0.610 3.841 0.434 0.603 0.297
box -4.968 7.010 -49.869 0.733 0.610 3.841 0.434 0.603 0.297
box -7.534 7.315 -49.869 0.367 1.220 3.841 0.434 0.603 0.297
box -4.234 7.315 -49.869 0.367 1.220 3.841 0.434 0.603 0.297
box -7.167 7.619 -49.869 0.367 1.220 3.841 0.434 0.603 0.297
box -4.601 7.619 -49.869 0.367 1.220 3.841 0.434 0.603 0.297
box -6.801 8.229 -49.869 0.367 0.915 3.841 0.434 0.603 0.297
box -4.968 8.229 -49.869 0.367 0.915 3.841 0.434 0.603 0.297
box -6.434 8.839 -49.869 0.367 0.610 3.841 0.434 0.603 0.297
box -5.334 8.839 -49.869 0.367 0.305 3.841 0.434 0.603 0.297
box -6.067 9.144 -49.869 0.733 0.305 3.841 0.434 0.603 0.297
box -6.067 6.095 -49.484 0.733 0.305 3.073 0.434 0.603 0.297
box -7.167 6.400 -49.484 0.733 0.305 3.073 0.434 0.603 0.297
box -5.334 6.400 -49.484 1.100 0.305 3.073 0.434 0.603 0.297
box -7.167 6.705 -49.484 0.367 0.305 3.073 0.434 0.603 0.297
box -4.601 6.705 -49.484 0.367 0.305 3.073 0.434 0.603 0.297
box -7.534 7.010 -49.484 0.367 0.305 3.073 0.434 0.603 0.297
box -4.234 7.010 -49.484 0.367 0.305 3.073 0.434 0.603 0.297
box -7.534 8.534 -49.484 0.367 0.305 3.073 0.434 0.603 0.297
box -4.234 8.534 -49.484 0.367 0.305 3.073 0.434 0.603 0.297
box -7.167 8.839 -49.484 0.367 0.610 3.073 0.434 0.603 0.297
box -4.601 8.839 -49.484 0.367 0.610 3.073 0.434 0.603 0.297
box -6.801 9.144 -49.484 0.367 0.305 3.073 0.434 0.603 0.297
box -5.334 9.144 -49.484 0.733 0.305 3.073 0.434 0.603 0.297
box -6.067 9.449 -49.484 0.733 0.305 3.073 0.434 0.603 0.297
box -6.801 6.095 -49.100 0.733 0.305 2.305 0.434 0.603 0.297
box -5.334 6.095 -49.100 0.733 0.305 2.305 0.434 0.603 0.297
box -7.534 6.705 -49.100 0.367 0.305 2.305 0.434 0.603 0.297
box -4.234 6.705 -49.100 0.367 0.305 2.305 0.434 0.603 0.297
box -7.901 7.619 -49.100 0.367 0.610 2.305 0.434 0.603 0.297
box -3.868 7.619 -49.100 0.367 0.610 2.305 0.434 0.603 0.297
box -7.534 8.839 -49.100 0.367 0.305 2.305 0.434 0.603 0.297
box -4.234 8.839 -49.100 0.367 0.305 2.305 0.434 0.603 0.297
box -6.801 9.449 -49.100 0.733 0.305 2.305 0.434 0.603 0.297
box -5.334 9.449 -49.100 0.733 0.305 2.305 0.434 0.603 0.297
box -7.534 6.400 -48.716 0.367 0.305 1.536 0.434 0.603 0.297
box -7.901 7.010 -48.716 0.367 0.610 1.536 0.434 0.603 0.297
box -3.868 7.010 -48.716 0.367 0.610 1.536 0.434 0.603 0.297
box -7.901 8.229 -48.716 0.367 0.610 1.536 0.434 0.603 0.297
box -3.868 8.229 -48.716 0.367 0.610 1.536 0.434 0.603 0.297
box -7.534 9.144 -48.716 0.367 0.305 1.536 0.434 0.603 0.297
box -7.167 6.095 -48.332 0.367 0.305 0.768 0.434 0.603 0.297
box -4.601 6.095 -48.332 0.367 0.305 0.768 0.434 0.603 0.297
box -4.234 6.400 -48.332 0.367 0.305 0.768 0.434 0.603 0.297
box -7.901 6.705 -48.332 0.367 0.305 0.768 0.434 0.603 0.297
box -3.868 6.705 -48.332 0.367 0.305 0.768 0.434 0.603 0.297
box -7.901 8.839 -48.332 0.367 0.305 0.768 0.434 0.603 0.297
box -3.868 8.839 -48.332 0.367 0.305 0.768 0.434 0.603 0.297
box -4.234 9.144 -48.332 0.367 0.305 0.768 0.434 0.603 0.297
box -7.167 9.449 -48.332 0.367 0.305 0.768 0.434 0.603 0.297
box -4.601 9.449 -48.332 0.367 0.305 0.768 0.434 0.603 0.297
box -6.067 6.705 -43.750 0.733 2.439 4.609 0.434 0.603 0.297
box -6.434 7.010 -43.750 0.367 1.829 4.609 0.434 0.603 0.297
box -5.334 7.010 -43.750 0.367 1.829 4.609 0.434 0.603 0.297
box -6.801 7.620 -43.750 0.367 0.610 4.609 0.434 0.603 0.297
box -4.968 7.620 -43.750 0.367 0.610 4.609 0.434 0.603 0.297
box -6.434 6.400 -43.366 1.100 0.305 3.841 0.434 0.603 0.297
box -6.801 6.705 -43.366 0.733 0.305 3.841 0.434 0.603 0.297
box -5.334 6.705 -43.366 0.733 0.305 3.841 0.434 0.603 0.297
box -7.167 7.010 -43.366 0.733 0.610 3.841 0.434 0.603 0.297
box -4.968 7.010 -43.366 0.733 0.610 3.841 0.434 0.603 0.297
box -7.534 7.315 -43.366 0.367 1.219 3.841 0.434 0.603 0.297
box -4.234 7.315 -43.366 0.367 1.219 3.841 0.434 0.603 0.297
box -7.167 7.620 -43.366 0.367 1.219 3.841 0.434 0.603 0.297
box -4.601 7.620 -43.366 0.367 1.219 3.841 0.434 0.603 0.297
box -6.801 8.229 -43.366 0.367 0.915 3.841 0.434 0.603 0.297
box -4.968 8.229 -43.366 0.367 0.915 3.841 0.434 0.603 0.297
box -6.434 8.839 -43.366 0.367 0.610 3.841 0.434 0.603 0.297
box -5.334 8.839 -43.366 0.367 0.305 3.841 0.434 0.603 0.297
box -6.067 9.144 -43.366 0.733 0.305 3.841 0.434 0.603 0.297
box -6.067 6.095 -42.982 0.733 0.305 3.073 0.434 0.603 0.297
box -7.167 6.400 -42.982 0.733 0.305 3.073 0.434 0.603 0.297
box -5.334 6.400 -42.982 1.100 0.305 3.073 0.434 0.603 0.297
box -7.167 6.705 -42.982 0.367 0.305 3.073 0.434 0.603 0.297
box -4.601 6.705 -42.982 0.367 0.305 3.073 0.434 0.603 0.297
box -7.534 7.010 -42.982 0.367 0.305 3.073 0.434 0.603 0.297
box -4.234 7.010 -42.982 0.367 0.305 3.073 0.434 0.603 0.297
box -7.534 8.534 -42.982 0.367 0.305 3.073 0.434 0.603 0.297
box -4.234 8.534 -42.982 0.367 0.305 3.073 0.434 0.603 0.297
box -7.167 8.839 -42.982 0.367 0.610 3.073 0.434 0.603 0.297
box -4.601 8.839 -42.982 0.367 0.610 3.073 0.434 0.603 0.297
box -6.801 9.144 -42.982 0.367 0.305 3.073 0.434 0.603 0.297
box -5.334 9.144 -42.982 0.733 0.305 3.073 0.434 0.603 0.297
box -6.067 9.449 -42.982 0.733 0.305 3.073 0.434 0.603 0.297
box -6.801 6.095 -42.598 0.733 0.305 2.305 0.434 0.603 0.297
box -5.334 6.095 -42.598 0.733 0.305 2.305 0.434 0.603 0.297
box -7.534 6.705 -42.598 0.367 0.305 2.305 0.434 0.603 0.297
box -4.234 6.705 -42.598 0.367 0.305 2.305 0.434 0.603 0.297
box -7.901 7.620 -42.598 0.367 0.610 2.305 0.434 0.603 0.297
box -3.868 7.620 -42.598 0.367 0.610 2.305 0.434 0.603 0.297
box -7.534 8.839 -42.598 0.367 0.305 2.305 0.434 0.603 0.297
box -4.234 8.839 -42.598 0.367 0.305 2.305 0.434 0.603 0.297
box -6.801 9.449 -42.598 0.733 0.305 2.305 0.434 0.603 0.297
box -5.334 9.449 -42.598 0.733 0.305 2.305 0.434 0.603 0.297
box -7.534 6.400 -42.214 0.367 0.305 1.536 0.434 0.603 0.297
box -7.901 7.010 -42.214 0.367 0.610 1.536 0.434 0.603 0.297
box -3.868 7.010 -42.214 0.367 0.610 1.536 0.434 0.603 0.297
box -7.901 8.229 -42.214 0.367 0.610 1.536 0.434 0.603 0.297
box -3.868 8.229 -42.214 0.367 0.610 1.536 0.434 0.603 0.297
box -7.534 9.144 -42.214 0.367 0.305 1.536 0.434 0.603 0.297
box -7.167 6.095 -41.830 0.367 0.305 0.768 0.434 0.603 0.297
box -4.601 6.095 -41.830 0.367 0.305 0.768 0.434 0.603 0.297
box -4.234 6.400 -41.830 0.367 0.305 0.768 0.434 0.603 0.297
box -7.901 6.705 -41.830 0.367 0.305 0.768 0.434 0.603 0.297
box -3.868 6.705 -41.830 0.367 0.305 0.768 0.434 0.603 0.297
box -7.901 8.839 -41.830 0.367 0.305 0.768 0.434 0.603 0.297
box -3.868 8.839 -41.830 0.367 0.305 0.768 0.434 0.603 0.297
box -4.234 9.144 -41.830 0.367 0.305 0.768 0.434 0.603 0.297
box -7.167 9.449 -41.830 0.367 0.305 0.768 0.434 0.603 0.297
box -4.601 9.449 -41.830 0.367 0.305 0.768 0.434 0.603 0.297
box 3.705 6.703 -43.750 0.733 2.441 4.609 0.434 0.603 0.297
box 3.339 7.008 -43.750 0.367 1.831 4.609 0.434 0.603 0.297
box 4.438 7.008 -43.750 0.367 1.831 4.609 0.434 0.603 0.297
box 2.972 7.618 -43.750 0.367 0.610 4.609 0.434 0.603 0.297
box 4.805 7.618 -43.750 0.367 0.610 4.609 0.434 0.603 0.297
box 3.705 6.398 -43.366 0.733 0.305 3.841 0.434 0.603 0.297
box 2.972 6.703 -43.366 0.733 0.305 3.841 0.434 0.603 0.297
box 4.438 6.703 -43.366 0.733 0.305 3.841 0.434 0.603 0.297
box 2.605 7.008 -43.366 0.733 0.610 3.841 0.434 0.603 0.297
box 4.805 7.008 -43.366 0.733 0.610 3.841 0.434 0.603 0.297
box 2.239 7.313 -43.366 0.367 1.221 3.841 0.434 0.603 0.297
box 5.538 7.313 -43.366 0.367 1.221 3.841 0.434 0.603 0.297
box 2.605 7.618 -43.366 0.367 1.221 3.841 0.434 0.603 0.297
box 5.172 7.618 -43.366 0.367 1.221 3.841 0.434 0.603 0.297
box 2.972 8.229 -43.366 0.367 0.916 3.841 0.434 0.603 0.297
box 4.805 8.229 -43.366 0.367 0.916 3.841 0.434 0.603 0.297
box 3.339 8.839 -43.366 0.367 0.610 3.841 0.434 0.603 0.297
box 4.438 8.839 -43.366 0.367 0.305 3.841 0.434 0.603 0.297
box 3.705 9.144 -43.366 0.733 0.305 3.841 0.434 0.603 0.297
box 3.705 6.093 -42.982 0.733 0.305 3.073 0.434 0.603 0.297
box 2.605 6.398 -42.982 1.100 0.305 3.073 0.434 0.603 0.297
box 4.438 6.398 -42.982 1.100 0.305 3.073 0.434 0.603 0.297
box 2.605 6.703 -42.982 0.367 0.305 3.073 0.434 0.603 0.297
box 5.172 6.703 -42.982 0.367 0.305 3.073 0.434 0.603 0.297
box 2.239 7.008 -42.982 0.367 0.305 3.073 0.434 0.603 0.297
box 5.538 7.008 -42.982 0.367 0.305 3.073 0.434 0.603 0.297
box 2.239 8.534 -42.982 0.367 0.305 3.073 0.434 0.603 0.297
box 5.538 8.534 -42.982 0.367 0.305 3.073 0.434 0.603 0.297
box 2.605 8.839 -42.982 0.367 0.610 3.073 0.434 0.603 0.297
box 5.172 8.839 -42.982 0.367 0.610 3.073 0.434 0.603 0.297
box 2.972 9.144 -42.982 0.367 0.305 3.073 0.434 0.603 0.297
box 4.438 9.144 -42.982 0.733 0.305 3.073 0.434 0.603 0.297
box 3.705 9.449 -42.982 0.733 0.305 3.073 0.434 0.603 0.297
box 2.972 6.093 -42.598 0.733 0.305 2.305 0.434 0.603 0.297
box 4.438 6.093 -42.598 0.733 0.305 2.305 0.434 0.603 0.297
box 2.239 6.703 -42.598 0.367 0.305 2.305 0.434 0.603 0.297
box 5.538 6.703 -42.598 0.367 0.305 2.305 0.434 0.603 0.297
box 1.872 7.618 -42.598 0.367 0.610 2.305 0.434 0.603 0.297
box 5.905 7.618 -42.598 0.367 0.610 2.305 0.434 0.603 0.297
box 2.239 8.839 -42.598 0.367 0.305 2.305 0.434 0.603 0.297
box 5.538 8.839 -42.598 0.367 0.305 2.305 0.434 0.603 0.297
box 2.972 9.449 -42.598 0.733 0.305 2.305 0.434 0.603 0.297
box 4.438 9.449 -42.598 0.733 0.305 2.305 0.434 0.603 0.297
box 1.872 7.008 -42.214 0.367 0.610 1.536 0.434 0.603 0.297
box 5.905 7.008 -42.214 0.367 0.610 1.536 0.434 0.603 0.297
box 1.872 8.229 -42.214 0.367 0.610 1.536 0.434 0.603 0.297
box 5.905 8.229 -42.214 0.367 0.610 1.536 0.434 0.603 0.297
box 2.239 9.144 -42.214 0.367 0.305 1.536 0.434 0.603 0.297
box 2.605 6.093 -41.830 0.367 0.305 0.768 0.434 0.603 0.297
box 5.172 6.093 -41.830 0.367 0.305 0.768 0.434 0.603 0.297
box 2.239 6.398 -41.830 0.367 0.305 1.152 0.434 0.603 0.297
box 5.538 6.398 -41.830 0.367 0.305 0.768 0.434 0.603 0.297
box 1.872 6.703 -41.830 0.367 0.305 0.768 0.434 0.603 0.297
box 5.905 6.703 -41.830 0.367 0.305 0.768 0.434 0.603 0.297
box 1.872 8.839 -41.830 0.367 0.305 0.768 0.434 0.603 0.297
box 5.905 8.839 -41.830 0.367 0.305 0.768 0.434 0.603 0.297
box 5.538 9.144 -41.830 0.367 0.305 0.768 0.434 0.603 0.297
box 2.605 9.449 -41.830 0.367 0.305 0.768 0.434 0.603 0.297
box 5.172 9.449 -41.830 0.367 0.305 0.768 0.434 0.603 0.297
box 3.339 6.398 -39.909 0.367 0.305 0.384 0.434 0.603 0.297
box -1.385 4.741 -47.956 1.164 4.335 7.316 0.434 0.603 0.297
box -1.967 5.283 -47.956 0.582 3.251 7.316 0.434 0.603 0.297
box -0.221 5.283 -47.956 0.582 3.251 7.316 0.434 0.603 0.297
box -2.549 6.367 -47.956 0.582 1.084 7.316 0.434 0.603 0.297
box 0.361 6.367 -47.956 0.582 1.084 7.316 0.434 0.603 0.297
box -1.967 4.199 -47.346 1.746 0.542 6.097 0.434 0.603 0.297
box -2.549 4.741 -47.346 1.164 0.542 6.097 0.434 0.603 0.297
box -0.221 4.741 -47.346 1.164 0.542 6.097 0.434 0.603 0.297
box -3.131 5.283 -47.346 1.164 1.084 6.097 0.434 0.603 0.297
box 0.361 5.283 -47.346 1.164 1.084 6.097 0.434 0.603 0.297
box -3.713 5.825 -47.346 0.582 2.168 6.097 0.434 0.603 0.297
box 1.525 5.825 -47.346 0.582 2.168 6.097 0.434 0.603 0.297
box -3.131 6.367 -47.346 0.582 2.168 6.097 0.434 0.603 0.297
box 0.943 6.367 -47.346 0.582 2.168 6.097 0.434 0.603 0.297
box -2.549 7.451 -47.346 0.582 1.626 6.097 0.434 0.603 0.297
box 0.361 7.451 -47.346 0.582 1.626 6.097 0.434 0.603 0.297
box -1.967 8.534 -47.346 0.582 1.084 6.097 0.434 0.603 0.297
box -0.221 8.534 -47.346 0.582 0.542 6.097 0.434 0.603 0.297
box -1.385 9.076 -47.346 1.164 0.542 6.097 0.434 0.603 0.297
box -1.385 3.657 -46.736 1.164 0.542 4.877 0.434 0.603 0.297
box -3.131 4.199 -46.736 1.164 0.542 4.877 0.434 0.603 0.297
box -0.221 4.199 -46.736 1.746 0.542 4.877 0.434 0.603 0.297
box -3.131 4.741 -46.736 0.582 0.542 4.877 0.434 0.603 0.297
box 0.943 4.741 -46.736 0.582 0.542 4.877 0.434 0.603 0.297
box -3.713 5.283 -46.736 0.582 0.542 4.877 0.434 0.603 0.297
box 1.525 5.283 -46.736 0.582 0.542 4.877 0.434 0.603 0.297
box -3.713 7.993 -46.736 0.582 0.542 4.877 0.434 0.603 0.297
box 1.525 7.993 -46.736 0.582 0.542 4.877 0.434 0.603 0.297
box -3.131 8.534 -46.736 0.582 1.084 4.877 0.434 0.603 0.297
box 0.943 8.534 -46.736 0.582 1.084 4.877 0.434 0.603 0.297
box -2.549 9.076 -46.736 0.582 0.542 4.877 0.434 0.603 0.297
box -0.221 9.076 -46.736 1.164 0.542 4.877 0.434 0.603 0.297
box -1.385 9.618 -46.736 1.164 0.542 4.877 0.434 0.603 0.297
box -2.549 3.657 -46.127 1.164 0.542 3.658 0.434 0.603 0.297
box -0.221 3.657 -46.127 1.164 0.542 3.658 0.434 0.603 0.297
box -3.713 4.741 -46.127 0.582 0.542 3.658 0.434 0.603 0.297
box 1.525 4.741 -46.127 0.582 0.542 3.658 0.434 0.603 0.297
box -4.295 6.367 -46.127 0.582 1.084 3.658 0.434 0.603 0.297
box 2.107 6.367 -46.127 0.582 1.084 3.658 0.434 0.603 0.297
box -3.713 8.534 -46.127 0.582 0.542 3.658 0.434 0.603 0.297
box 1.525 8.534 -46.127 0.582 0.542 3.658 0.434 0.603 0.297
box -2.549 9.618 -46.127 1.164 0.542 3.658 0.434 0.603 0.297
box -0.221 9.618 -46.127 1.164 0.542 3.658 0.434 0.603 0.297
box -3.713 4.199 -45.517 0.582 0.542 2.439 0.434 0.603 0.297
box -4.295 5.283 -45.517 0.582 1.084 2.439 0.434 0.603 0.297
box 2.107 5.283 -45.517 0.582 1.084 2.439 0.434 0.603 0.297
box -4.295 7.451 -45.517 0.582 1.084 2.439 0.434 0.603 0.297
box 2.107 7.451 -45.517 0.582 1.084 2.439 0.434 0.603 0.297
box -3.713 9.076 -45.517 0.582 0.542 2.439 0.434 0.603 0.297
box -3.131 3.657 -44.907 0.582 0.542 1.219 0.434 0.603 0.297
box 0.943 3.657 -44.907 0.582 0.542 1.219 0.434 0.603 0.297
box 1.525 4.199 -44.907 0.582 0.542 1.219 0.434 0.603 0.297
box -4.295 4.741 -44.907 0.582 0.542 1.219 0.434 0.603 0.297
box 2.107 4.741 -44.907 0.582 0.542 1.219 0.434 0.603 0.297
box -4.295 8.534 -44.907 0.582 0.542 1.219 0.434 0.603 0.297
box 2.107 8.534 -44.907 0.582 0.542 1.219 0.434 0.603 0.297
box 1.525 9.076 -44.907 0.582 0.542 1.219 0.434 0.603 0.297
box -3.131 9.618 -44.907 0.582 0.542 1.219 0.434 0.603 0.297
box 0.943 9.618 -44.907 0.582 0.542 1.219 0.434 0.603 0.297
box -20.282 4.970 -20.117 1.164 4.335 7.316 0.434 0.603 0.297
box -20.864 5.512 -20.117 0.582 3.252 7.316 0.434 0.603 0.297
box -19.118 5.512 -20.117 0.582 3.252 7.316 0.434 0.603 0.297
box -21.446 6.596 -20.117 0.582 1.084 7.316 0.434 0.603 0.297
box -18.537 6.596 -20.117 0.582 1.084 7.316 0.434 0.603 0.297
box -20.864 4.428 -19.508 1.746 0.542 6.097 0.434 0.603 0.297
box -21.446 4.970 -19.508 1.164 0.542 6.097 0.434 0.603 0.297
box -19.118 4.970 -19.508 1.164 0.542 6.097 0.434 0.603 0.297
box -22.028 5.512 -19.508 1.164 1.084 6.097 0.434 0.603 0.297
box -18.537 5.512 -19.508 1.164 1.084 6.097 0.434 0.603 0.297
box -22.610 6.054 -19.508 0.582 2.168 6.097 0.434 0.603 0.297
box -17.373 6.054 -19.508 0.582 2.168 6.097 0.434 0.603 0.297
box -22.028 6.596 -19.508 0.582 2.168 6.097 0.434 0.603 0.297
box -17.955 6.596 -19.508 0.582 2.168 6.097 0.434 0.603 0.297
box -21.446 7.680 -19.508 0.582 1.626 6.097 0.434 0.603 0.297
box -18.537 7.680 -19.508 0.582 1.626 6.097 0.434 0.603 0.297
box -20.864 8.763 -19.508 0.582 1.084 6.097 0.434 0.603 0.297
box -19.118 8.763 -19.508 0.582 0.542 6.097 0.434 0.603 0.297
box -20.282 9.305 -19.508 1.164 0.542 6.097 0.434 0.603 0.297
box -20.282 3.886 -18.898 1.164 0.542 4.877 0.434 0.603 0.297
box -22.028 4.428 -18.898 1.164 0.542 4.877 0.434 0.603 0.297
box -19.118 4.428 -18.898 1.746 0.542 4.877 0.434 0.603 0.297
box -22.028 4.970 -18.898 0.582 0.542 4.877 0.434 0.603 0.297
box -17.955 4.970 -18.898 0.582 0.542 4.877 0.434 0.603 0.297
box -22.610 5.512 -18.898 0.582 0.542 4.877 0.434 0.603 0.297
box -17.373 5.512 -18.898 0.582 0.542 4.877 0.434 0.603 0.297
box -22.610 8.221 -18.898 0.582 0.542 4.877 0.434 0.603 0.297
box -17.373 8.221 -18.898 0.582 0.542 4.877 0.434 0.603 0.297
box -22.028 8.763 -18.898 0.582 1.084 4.877 0.434 0.603 0.297
box -17.955 8.763 -18.898 0.582 1.084 4.877 0.434 0.603 0.297
box -21.446 9.305 -18.898 0.582 0.542 4.877 0.434 0.603 0.297
box -19.118 9.305 -18.898 1.164 0.542 4.877 0.434 0.603 0.297
box -20.282 9.847 -18.898 1.164 0.542 4.877 0.434 0.603 0.297
box -21.446 3.886 -18.288 1.164 0.542 3.658 0.434 0.603 0.297
box -19.118 3.886 -18.288 1.164 0.542 3.658 0.434 0.603 0.297
box -22.610 4.970 -18.288 0.582 0.542 3.658 0.434 0.603 0.297
box -17.373 4.970 -18.288 0.582 0.542 3.658 0.434 0.603 0.297
box -23.192 6.596 -18.288 0.582 1.084 3.658 0.434 0.603 0.297
box -16.791 6.596 -18.288 0.582 1.084 3.658 0.434 0.603 0.297
box -22.610 8.763 -18.288 0.582 0.542 3.658 0.434 0.603 0.297
box -17.373 8.763 -18.288 0.582 0.542 3.658 0.434 0.603 0.297
box -21.446 9.847 -18.288 1.164 0.542 3.658 0.434 0.603 0.297
box -19.118 9.847 -18.288 1.164 0.542 3.658 0.434 0.603 0.297
box -22.610 4.428 -17.679 0.582 0.542 2.439 0.434 0.603 0.297
box -23.192 5.512 -17.679 0.582 1.084 2.439 0.434 0.603 0.297
box -16.791 5.512 -17.679 0.582 1.084 2.439 0.434 0.603 0.297
box -23.192 7.680 -17.679 0.582 1.084 2.439 0.434 0.603 0.297
box -16.791 7.680 -17.679 0.582 1.084 2.439 0.434 0.603 0.297
box -22.610 9.305 -17.679 0.582 0.542 2.439 0.434 0.603 0.297
box -22.028 3.886 -17.069 0.582 0.542 1.219 0.434 0.603 0.297
box -17.955 3.886 -17.069 0.582 0.542 1.219 0.434 0.603 0.297
box -17.373 4.428 -17.069 0.582 0.542 1.219 0.434 0.603 0.297
box -23.192 4.970 -17.069 0.582 0.542 1.219 0.434 0.603 0.297
box -16.791 4.970 -17.069 0.582 0.542 1.219 0.434 0.603 0.297
box -23.192 8.763 -17.069 0.582 0.542 1.219 0.434 0.603 0.297
box -16.791 8.763 -17.069 0.582 0.542 1.219 0.434 0.603 0.297
box -17.373 9.305 -17.069 0.582 0.542 1.219 0.434 0.603 0.297
box -22.028 9.847 -17.069 0.582 0.542 1.219 0.434 0.603 0.297
box -17.955 9.847 -17.069 0.582 0.542 1.219 0.434 0.603 0.297
box -33.084 4.970 -22.352 1.164 4.335 7.316 0.434 0.603 0.297
box -33.666 5.512 -22.352 0.582 3.251 7.316 0.434 0.603 0.297
box -31.920 5.512 -22.352 0.582 3.251 7.316 0.434 0.603 0.297
box -34.248 6.595 -22.352 0.582 1.084 7.316 0.434 0.603 0.297
box -31.338 6.595 -22.352 0.582 1.084 7.316 0.434 0.603 0.297
box -33.666 4.428 -21.743 1.746 0.542 6.097 0.434 0.603 0.297
box -34.248 4.970 -21.743 1.164 0.542 6.097 0.434 0.603 0.297
box -31.920 4.970 -21.743 1.164 0.542 6.097 0.434 0.603 0.297
box -34.830 5.512 -21.743 1.164 1.084 6.097 0.434 0.603 0.297
box -31.338 5.512 -21.743 1.164 1.084 6.097 0.434 0.603 0.297
box -35.412 6.054 -21.743 0.582 2.168 6.097 0.434 0.603 0.297
box -30.174 6.054 -21.743 0.582 2.168 6.097 0.434 0.603 0.297
box -34.830 6.595 -21.743 0.582 2.168 6.097 0.434 0.603 0.297
box -30.756 6.595 -21.743 0.582 2.168 6.097 0.434 0.603 0.297
box -34.248 7.679 -21.743 0.582 1.626 6.097 0.434 0.603 0.297
box -31.338 7.679 -21.743 0.582 1.626 6.097 0.434 0.603 0.297
box -33.666 8.763 -21.743 0.582 1.084 6.097 0.434 0.603 0.297
box -31.920 8.763 -21.743 0.582 0.542 6.097 0.434 0.603 0.297
box -33.084 9.305 -21.743 1.164 0.542 6.097 0.434 0.603 0.297
box -33.084 3.886 -21.133 1.164 0.542 4.877 0.434 0.603 0.297
box -34.830 4.428 -21.133 1.164 0.542 4.877 0.434 0.603 0.297
box -31.920 4.428 -21.133 1.746 0.542 4.877 0.434 0.603 0.297
box -34.830 4.970 -21.133 0.582 0.542 4.877 0.434 0.603 0.297
box -30.756 4.970 -21.133 0.582 0.542 4.877 0.434 0.603 0.297
box -35.412 5.512 -21.133 0.582 0.542 4.877 0.434 0.603 0.297
box -30.174 5.512 -21.133 0.582 0.542 4.877 0.434 0.603 0.297
box -35.412 8.221 -21.133 0.582 0.542 4.877 0.434 0.603 0.297
box -30.174 8.221 -21.133 0.582 0.542 4.877 0.434 0.603 0.297
box -34.830 8.763 -21.133 0.582 1.084 4.877 0.434 0.603 0.297
box -30.756 8.763 -21.133 0.582 1.084 4.877 0.434 0.603 0.297
box -34.248 9.305 -21.133 0.582 0.542 4.877 0.434 0.603 0.297
box -31.920 9.305 -21.133 1.164 0.542 4.877 0.434 0.603 0.297
box -33.084 9.847 -21.133 1.164 0.542 4.877 0.434 0.603 0.297
box -34.248 3.886 -20.523 1.164 0.542 3.658 0.434 0.603 0.297
box -31.920 3.886 -20.523 1.164 0.542 3.658 0.434 0.603 0.297
box -35.412 4.970 -20.523 0.582 0.542 3.658 0.434 0.603 0.297
box -30.174 4.970 -20.523 0.582 0.542 3.658 0.434 0.603 0.297
box -35.994 6.595 -20.523 0.582 1.084 3.658 0.434 0.603 0.297
box -29.592 6.595 -20.523 0.582 1.084 3.658 0.434 0.603 0.297
box -35.412 8.763 -20.523 0.582 0.542 3.658 0.434 0.603 0.297
box -30.174 8.763 -20.523 0.582 0.542 3.658 0.434 0.603 0.297
box -34.248 9.847 -20.523 1.164 0.542 3.658 0.434 0.603 0.297
box -31.920 9.847 -20.523 1.164 0.542 3.658 0.434 0.603 0.297
box -35.412 4.428 -19.914 0.582 0.542 2.439 0.434 0.603 0.297
box -35.994 5.512 -19.914 0.582 1.084 2.439 0.434 0.603 0.297
box -29.592 5.512 -19.914 0.582 1.084 2.439 0.434 0.603 0.297
box -35.994 7.679 -19.914 0.582 1.084 2.439 0.434 0.603 0.297
box -29.592 7.679 -19.914 0.582 1.084 2.439 0.434 0.603 0.297
box -35.412 9.305 -19.914 0.582 0.542 2.439 0.434 0.603 0.297
box -34.830 3.886 -19.304 0.582 0.542 1.219 0.434 0.603 0.297
box -30.756 3.886 -19.304 0.582 0.542 1.219 0.434 0.603 0.297
box -30.174 4.428 -19.304 0.582 0.542 1.219 0.434 0.603 0.297
box -35.994 4.970 -19.304 0.582 0.542 1.219 0.434 0.603 0.297
box -29.592 4.970 -19.304 0.582 0.542 1.219 0.434 0.603 0.297
box -35.994 8.763 -19.304 0.582 0.542 1.219 0.434 0.603 0.297
box -29.592 8.763 -19.304 0.582 0.542 1.219 0.434 0.603 0.297
box -30.174 9.305 -19.304 0.582 0.542 1.219 0.434 0.603 0.297
box -34.830 9.847 -19.304 0.582 0.542 1.219 0.434 0.603 0.297
box -30.756 9.847 -19.304 0.582 0.542 1.219 0.434 0.603 0.297
box -20.079 4.970 -6.909 1.164 4.335 7.316 0.434 0.603 0.297
box -20.661 5.511 -6.909 0.582 3.251 7.316 0.434 0.603 0.297
box -18.915 5.511 -6.909 0.582 3.251 7.316 0.434 0.603 0.297
box -21.243 6.595 -6.909 0.582 1.084 7.316 0.434 0.603 0.297
box -18.333 6.595 -6.909 0.582 1.084 7.316 0.434 0.603 0.297
box -20.661 4.428 -6.300 1.746 0.542 6.097 0.434 0.603 0.297
box -21.243 4.970 -6.300 1.164 0.542 6.097 0.434 0.603 0.297
box -18.915 4.970 -6.300 1.164 0.542 6.097 0.434 0.603 0.297
box -21.825 5.511 -6.300 1.164 1.084 6.097 0.434 0.603 0.297
box -18.333 5.511 -6.300 1.164 1.084 6.097 0.434 0.603 0.297
box -22.407 6.053 -6.300 0.582 2.168 6.097 0.434 0.603 0.297
box -17.169 6.053 -6.300 0.582 2.168 6.097 0.434 0.603 0.297
box -21.825 6.595 -6.300 0.582 2.168 6.097 0.434 0.603 0.297
box -17.751 6.595 -6.300 0.582 2.168 6.097 0.434 0.603 0.297
box -21.243 7.679 -6.300 0.582 1.626 6.097 0.434 0.603 0.297
box -18.333 7.679 -6.300 0.582 1.626 6.097 0.434 0.603 0.297
box -20.661 8.763 -6.300 0.582 1.084 6.097 0.434 0.603 0.297
box -18.915 8.763 -6.300 0.582 0.542 6.097 0.434 0.603 0.297
box -20.079 9.305 -6.300 1.164 0.542 6.097 0.434 0.603 0.297
box -20.079 3.886 -5.690 1.164 0.542 4.877 0.434 0.603 0.297
box -21.825 4.428 -5.690 1.164 0.542 4.877 0.434 0.603 0.297
box -18.915 4.428 -5.690 1.746 0.542 4.877 0.434 0.603 0.297
box -21.825 4.970 -5.690 0.582 0.542 4.877 0.434 0.603 0.297
box -17.751 4.970 -5.690 0.582 0.542 4.877 0.434 0.603 0.297
box -22.407 5.511 -5.690 0.582 0.542 4.877 0.434 0.603 0.297
box -17.169 5.511 -5.690 0.582 0.542 4.877 0.434 0.603 0.297
box -22.407 8.221 -5.690 0.582 0.542 4.877 0.434 0.603 0.297
box -17.169 8.221 -5.690 0.582 0.542 4.877 0.434 0.603 0.297
box -21.825 8.763 -5.690 0.582 1.084 4.877 0.434 0.603 0.297
box -17.751 8.763 -5.690 0.582 1.084 4.877 0.434 0.603 0.297
box -21.243 9.305 -5.690 0.582 0.542 4.877 0.434 0.603 0.297
box -18.915 9.305 -5.690 1.164 0.542 4.877 0.434 0.603 0.297
box -20.079 9.847 -5.690 1.164 0.542 4.877 0.434 0.603 0.297
box -21.243 3.886 -5.080 1.164 0.542 3.658 0.434 0.603 0.297
box -18.915 3.886 -5.080 1.164 0.542 3.658 0.434 0.603 0.297
box -22.407 4.970 -5.080 0.582 0.542 3.658 0.434 0.603 0.297
box -17.169 4.970 -5.080 0.582 0.542 3.658 0.434 0.603 0.297
box -22.989 6.595 -5.080 0.582 1.084 3.658 0.434 0.603 0.297
box -16.587 6.595 -5.080 0.582 1.084 3.658 0.434 0.603 0.297
box -22.407 8.763 -5.080 0.582 0.542 3.658 0.434 0.603 0.297
box -17.169 8.763 -5.080 0.582 0.542 3.658 0.434 0.603 0.297
box -21.243 9.847 -5.080 1.164 0.542 3.658 0.434 0.603 0.297
box -18.915 9.847 -5.080 1.164 0.542 3.658 0.434 0.603 0.297
box -22.407 4.428 -4.471 0.582 0.542 2.439 0.434 0.603 0.297
box -22.989 5.511 -4.471 0.582 1.084 2.439 0.434 0.603 0.297
box -16.587 5.511 -4.471 0.582 1.084 2.439 0.434 0.603 0.297
box -22.989 7.679 -4.471 0.582 1.084 2.439 0.434 0.603 0.297
box -16.587 7.679 -4.471 0.582 1.084 2.439 0.434 0.603 0.297
box -22.407 9.305 -4.471 0.582 0.542 2.439 0.434 0.603 0.297
box -21.825 3.886 -3.861 0.582 0.542 1.219 0.434 0.603 0.297
box -17.751 3.886 -3.861 0.582 0.542 1.219 0.434 0.603 0.297
box -17.169 4.428 -3.861 0.582 0.542 1.219 0.434 0.603 0.297
box -22.989 4.970 -3.861 0.582 0.542 1.219 0.434 0.603 0.297
box -16.587 4.970 -3.861 0.582 0.542 1.219 0.434 0.603 0.297
box -22.989 8.763 -3.861 0.582 0.542 1.219 0.434 0.603 0.297
box -16.587 8.763 -3.861 0.582 0.542 1.219 0.434 0.603 0.297
box -17.169 9.305 -3.861 0.582 0.542 1.219 0.434 0.603 0.297
box -21.825 9.847 -3.861 0.582 0.542 1.219 0.434 0.603 0.297
box -17.751 9.847 -3.861 0.582 0.542 1.219 0.434 0.603 0.297
box -32.982 4.970 -0.610 1.164 4.335 7.316 0.434 0.603 0.297
box -33.564 5.512 -0.610 0.582 3.251 7.316 0.434 0.603 0.297
box -31.818 5.512 -0.610 0.582 3.251 7.316 0.434 0.603 0.297
box -34.146 6.596 -0.610 0.582 1.084 7.316 0.434 0.603 0.297
box -31.237 6.596 -0.610 0.582 1.084 7.316 0.434 0.603 0.297
box -33.564 4.428 -0.000 1.746 0.542 6.097 0.434 0.603 0.297
box -34.146 4.970 -0.000 1.164 0.542 6.097 0.434 0.603 0.297
box -31.818 4.970 -0.000 1.164 0.542 6.097 0.434 0.603 0.297
box -34.728 5.512 -0.000 1.164 1.084 6.097 0.434 0.603 0.297
box -31.237 5.512 -0.000 1.164 1.084 6.097 0.434 0.603 0.297
box -35.310 6.054 -0.000 0.582 2.168 6.097 0.434 0.603 0.297
box -30.073 6.054 -0.000 0.582 2.168 6.097 0.434 0.603 0.297
box -34.728 6.596 -0.000 0.582 2.168 6.097 0.434 0.603 0.297
box -30.655 6.596 -0.000 0.582 2.168 6.097 0.434 0.603 0.297
box -34.146 7.679 -0.000 0.582 1.626 6.097 0.434 0.603 0.297
box -31.237 7.679 -0.000 0.582 1.626 6.097 0.434 0.603 0.297
box -33.564 8.763 -0.000 0.582 1.084 6.097 0.434 0.603 0.297
box -31.818 8.763 -0.000 0.582 0.542 6.097 0.434 0.603 0.297
box -32.982 9.305 -0.000 1.164 0.542 6.097 0.434 0.603 0.297
box -32.982 3.886 0.609 1.164 0.542 4.877 0.434 0.603 0.297
box -34.728 4.428 0.609 1.164 0.542 4.877 0.434 0.603 0.297
box -31.818 4.428 0.609 1.746 0.542 4.877 0.434 0.603 0.297
box -34.728 4.970 0.609 0.582 0.542 4.877 0.434 0.603 0.297
box -30.655 4.970 0.609 0.582 0.542 4.877 0.434 0.603 0.297
box -35.310 5.512 0.609 0.582 0.542 4.877 0.434 0.603 0.297
box -30.073 5.512 0.609 0.582 0.542 4.877 0.434 0.603 0.297
box -35.310 8.221 0.609 0.582 0.542 4.877 0.434 0.603 0.297
box -30.073 8.221 0.609 0.582 0.542 4.877 0.434 0.603 0.297
box -34.728 8.763 0.609 0.582 1.084 4.877 0.434 0.603 0.297
box -30.655 8.763 0.609 0.582 1.084 4.877 0.434 0.603 0.297
box -34.146 9.305 0.609 0.582 0.542 4.877 0.434 0.603 0.297
box -31.818 9.305 0.609 1.164 0.542 4.877 0.434 0.603 0.297
box -32.982 9.847 0.609 1.164 0.542 4.877 0.434 0.603 0.297
box -34.146 3.886 1.219 1.164 0.542 3.658 0.434 0.603 0.297
box -31.818 3.886 1.219 1.164 0.542 3.658 0.434 0.603 0.297
box -35.310 4.970 1.219 0.582 0.542 3.658 0.434 0.603 0.297
box -30.073 4.970 1.219 0.582 0.542 3.658 0.434 0.603 0.297
box -35.892 6.596 1.219 0.582 1.084 3.658 0.434 0.603 0.297
box -29.491 6.596 1.219 0.582 1.084 3.658 0.434 0.603 0.297
box -35.310 8.763 1.219 0.582 0.542 3.658 0.434 0.603 0.297
box -30.073 8.763 1.219 0.582 0.542 3.658 0.434 0.603 0.297
box -34.146 9.847 1.219 1.164 0.542 3.658 0.434 0.603 0.297
box -31.818 9.847 1.219 1.164 0.542 3.658 0.434 0.603 0.297
box -35.310 4.428 1.829 0.582 0.542 2.439 0.434 0.603 0.297
box -35.892 5.512 1.829 0.582 1.084 2.439 0.434 0.603 0.297
box -29.491 5.512 1.829 0.582 1.084 2.439 0.434 0.603 0.297
box -35.892 7.679 1.829 0.582 1.084 2.439 0.434 0.603 0.297
box -29.491 7.679 1.829 0.582 1.084 2.439 0.434 0.603 0.297
box -35.310 9.305 1.829 0.582 0.542 2.439 0.434 0.603 0.297
box -34.728 3.886 2.438 0.582 0.542 1.219 0.434 0.603 0.297
box -30.655 3.886 2.438 0.582 0.542 1.219 0.434 0.603 0.297
box -30.073 4.428 2.438 0.582 0.542 1.219 0.434 0.603 0.297
box -35.892 4.970 2.438 0.582 0.542 1.219 0.434 0.603 0.297
box -29.491 4.970 2.438 0.582 0.542 1.219 0.434 0.603 0.297
box -35.892 8.763 2.438 0.582 0.542 1.219 0.434 0.603 0.297
box -29.491 8.763 2.438 0.582 0.542 1.219 0.434 0.603 0.297
box -30.073 9.305 2.438 0.582 0.542 1.219 0.434 0.603 0.297
box -34.728 9.847 2.438 0.582 0.542 1.219 0.434 0.603 0.297
box -30.655 9.847 2.438 0.582 0.542 1.219 0.434 0.603 0.297
box -52.794 4.969 -22.556 1.164 4.336 7.316 0.434 0.603 0.297
box -53.376 5.511 -22.556 0.582 3.252 7.316 0.434 0.603 0.297
box -51.630 5.511 -22.556 0.582 3.252 7.316 0.434 0.603 0.297
box -53.958 6.595 -22.556 0.582 1.084 7.316 0.434 0.603 0.297
box -51.049 6.595 -22.556 0.582 1.084 7.316 0.434 0.603 0.297
box -53.376 4.427 -21.946 1.746 0.542 6.097 0.434 0.603 0.297
box -53.958 4.969 -21.946 1.164 0.542 6.097 0.434 0.603 0.297
box -51.630 4.969 -21.946 1.164 0.542 6.097 0.434 0.603 0.297
box -54.540 5.511 -21.946 1.164 1.084 6.097 0.434 0.603 0.297
box -51.049 5.511 -21.946 1.164 1.084 6.097 0.434 0.603 0.297
box -55.122 6.053 -21.946 0.582 2.168 6.097 0.434 0.603 0.297
box -49.885 6.053 -21.946 0.582 2.168 6.097 0.434 0.603 0.297
box -54.540 6.595 -21.946 0.582 2.168 6.097 0.434 0.603 0.297
box -50.467 6.595 -21.946 0.582 2.168 6.097 0.434 0.603 0.297
box -53.958 7.679 -21.946 0.582 1.626 6.097 0.434 0.603 0.297
box -51.049 7.679 -21.946 0.582 1.626 6.097 0.434 0.603 0.297
box -53.376 8.763 -21.946 0.582 1.084 6.097 0.434 0.603 0.297
box -51.630 8.763 -21.946 0.582 0.542 6.097 0.434 0.603 0.297
box -52.794 9.305 -21.946 1.164 0.542 6.097 0.434 0.603 0.297
box -52.794 3.885 -21.336 1.164 0.542 4.877 0.434 0.603 0.297
box -54.540 4.427 -21.336 1.164 0.542 4.877 0.434 0.603 0.297
box -51.630 4.427 -21.336 1.746 0.542 4.877 0.434 0.603 0.297
box -54.540 4.969 -21.336 0.582 0.542 4.877 0.434 0.603 0.297
box -50.467 4.969 -21.336 0.582 0.542 4.877 0.434 0.603 0.297
box -55.122 5.511 -21.336 0.582 0.542 4.877 0.434 0.603 0.297
box -49.885 5.511 -21.336 0.582 0.542 4.877 0.434 0.603 0.297
box -55.122 8.221 -21.336 0.582 0.542 4.877 0.434 0.603 0.297
box -49.885 8.221 -21.336 0.582 0.542 4.877 0.434 0.603 0.297
box -54.540 8.763 -21.336 0.582 1.084 4.877 0.434 0.603 0.297
box -50.467 8.763 -21.336 0.582 1.084 4.877 0.434 0.603 0.297
box -53.958 9.305 -21.336 0.582 0.542 4.877 0.434 0.603 0.297
box -51.630 9.305 -21.336 1.164 0.542 4.877 0.434 0.603 0.297
box -52.794 9.847 -21.336 1.164 0.542 4.877 0.434 0.603 0.297
box -53.958 3.885 -20.727 1.164 0.542 3.658 0.434 0.603 0.297
box -51.630 3.885 -20.727 1.164 0.542 3.658 0.434 0.603 0.297
box -55.122 4.969 -20.727 0.582 0.542 3.658 0.434 0.603 0.297
box -49.885 4.969 -20.727 0.582 0.542 3.658 0.434 0.603 0.297
box -55.704 6.595 -20.727 0.582 1.084 3.658 0.434 0.603 0.297
box -49.303 6.595 -20.727 0.582 1.084 3.658 0.434 0.603 0.297
box -55.122 8.763 -20.727 0.582 0.542 3.658 0.434 0.603 0.297
box -49.885 8.763 -20.727 0.582 0.542 3.658 0.434 0.603 0.297
box -53.958 9.847 -20.727 1.164 0.542 3.658 0.434 0.603 0.297
box -51.630 9.847 -20.727 1.164 0.542 3.658 0.434 0.603 0.297
box -55.122 4.427 -20.117 0.582 0.542 2.439 0.434 0.603 0.297
box -55.704 5.511 -20.117 0.582 1.084 2.439 0.434 0.603 0.297
box -49.303 5.511 -20.117 0.582 1.084 2.439 0.434 0.603 0.297
box -55.704 7.679 -20.117 0.582 1.084 2.439 0.434 0.603 0.297
box -49.303 7.679 -20.117 0.582 1.084 2.439 0.434 0.603 0.297
box -55.122 9.305 -20.117 0.582 0.542 2.439 0.434 0.603 0.297
box -54.540 3.885 -19.507 0.582 0.542 1.219 0.434 0.603 0.297
box -50.467 3.885 -19.507 0.582 0.542 1.219 0.434 0.603 0.297
box -49.885 4.427 -19.507 0.582 0.542 1.219 0.434 0.603 0.297
box -55.704 4.969 -19.507 0.582 0.542 1.219 0.434 0.603 0.297
box -49.303 4.969 -19.507 0.582 0.542 1.219 0.434 0.603 0.297
box -55.704 8.763 -19.507 0.582 0.542 1.219 0.434 0.603 0.297
box -49.303 8.763 -19.507 0.582 0.542 1.219 0.434 0.603 0.297
box -49.885 9.305 -19.507 0.582 0.542 1.219 0.434 0.603 0.297
box -54.540 9.847 -19.507 0.582 0.542 1.219 0.434 0.603 0.297
box -50.467 9.847 -19.507 0.582 0.542 1.219 0.434 0.603 0.297
box -48.114 8.890 -38.292 11.706 2.211 18.110 0.434 0.603 0.297
box -48.114 11.100 -38.292 10.242 0.737 16.600 0.434 0.603 0.297
box -46.651 11.837 -38.292 8.779 1.474 18.110 0.434 0.603 0.297
box -49.577 8.890 -36.783 1.463 2.948 13.582 0.434 0.603 0.297
box -36.409 8.890 -36.783 1.463 2.211 15.091 0.434 0.603 0.297
box -37.872 11.100 -36.783 1.463 2.211 15.091 0.434 0.603 0.297
box -48.114 11.837 -36.783 1.463 1.474 15.091 0.434 0.603 0.297
box -46.651 13.311 -36.783 8.779 1.474 15.091 0.434 0.603 0.297
box -45.188 14.785 -36.783 5.853 0.737 15.091 0.434 0.603 0.297
box -51.041 8.890 -35.274 1.463 2.948 10.564 0.434 0.603 0.297
box -34.945 8.890 -35.274 1.463 2.211 12.073 0.434 0.603 0.297
box -36.409 11.100 -35.274 1.463 2.211 12.073 0.434 0.603 0.297
box -49.577 11.837 -35.274 1.463 1.474 12.073 0.434 0.603 0.297
box -48.114 13.311 -35.274 1.463 1.474 12.073 0.434 0.603 0.297
box -37.872 13.311 -35.274 1.463 1.474 12.073 0.434 0.603 0.297
box -46.651 14.785 -35.274 1.463 1.474 10.564 0.434 0.603 0.297
box -39.335 14.785 -35.274 1.463 0.737 12.073 0.434 0.603 0.297
box -45.188 15.522 -35.274 5.853 0.737 12.073 0.434 0.603 0.297
box -34.945 11.100 -33.765 1.463 2.211 9.055 0.434 0.603 0.297
box -51.041 11.837 -33.765 1.463 1.474 9.055 0.434 0.603 0.297
box -49.577 13.311 -33.765 1.463 1.474 9.055 0.434 0.603 0.297
box -36.409 13.311 -33.765 1.463 1.474 9.055 0.434 0.603 0.297
box -48.114 14.785 -33.765 1.463 1.474 7.546 0.434 0.603 0.297
box -37.872 14.785 -33.765 1.463 0.737 9.055 0.434 0.603 0.297
box -39.335 15.522 -33.765 1.463 1.474 9.055 0.434 0.603 0.297
box -46.651 16.259 -33.765 7.316 0.737 9.055 0.434 0.603 0.297
box -43.725 16.996 -33.765 2.926 0.737 9.055 0.434 0.603 0.297
box -49.577 14.785 -32.256 1.463 0.737 6.037 0.434 0.603 0.297
box -36.409 14.785 -32.256 1.463 0.737 6.037 0.434 0.603 0.297
box -37.872 15.522 -32.256 1.463 0.737 7.546 0.434 0.603 0.297
box -45.188 16.996 -32.256 1.463 0.737 6.037 0.434 0.603 0.297
box -40.798 16.996 -32.256 1.463 0.737 6.037 0.434 0.603 0.297
box -46.651 16.996 -30.747 1.463 0.737 3.018 0.434 0.603 0.297
box -39.335 16.996 -30.747 1.463 0.737 3.018 0.434 0.603 0.297
box -48.114 14.785 -26.219 1.463 0.737 1.509 0.434 0.603 0.297
box -51.041 8.890 -24.710 1.463 2.211 1.509 0.434 0.603 0.297
box -34.945 11.100 -24.710 1.463 0.737 1.509 0.434 0.603 0.297
box -46.651 14.785 -24.710 1.463 0.737 1.509 0.434 0.603 0.297
box -39.335 15.522 -24.710 1.463 0.737 1.509 0.434 0.603 0.297
box -49.577 8.890 -23.201 1.463 2.211 1.509 0.434 0.603 0.297
box -36.409 11.100 -23.201 1.463 0.737 1.509 0.434 0.603 0.297
box -46.651 11.100 -21.692 10.242 0.737 1.509 0.434 0.603 0.297
box -30.965 6.603 -52.117 11.961 2.048 18.511 0.434 0.603 0.297
box -30.965 8.651 -52.117 10.466 0.683 16.969 0.434 0.603 0.297
box -29.470 9.333 -52.117 8.971 1.365 18.511 0.434 0.603 0.297
box -32.460 6.603 -50.575 1.495 2.731 13.883 0.434 0.603 0.297
box -19.004 6.603 -50.575 1.495 2.048 15.426 0.434 0.603 0.297
box -20.499 8.651 -50.575 1.495 2.048 15.426 0.434 0.603 0.297
box -30.965 9.333 -50.575 1.495 2.048 13.883 0.434 0.603 0.297
box -29.470 10.699 -50.575 8.971 2.048 15.426 0.434 0.603 0.297
box -33.955 6.603 -49.032 1.495 2.731 10.798 0.434 0.603 0.297
box -17.509 6.603 -49.032 1.495 2.048 12.341 0.434 0.603 0.297
box -19.004 8.651 -49.032 1.495 2.048 12.341 0.434 0.603 0.297
box -32.460 9.333 -49.032 1.495 2.048 10.798 0.434 0.603 0.297
box -20.499 10.699 -49.032 1.495 1.365 12.341 0.434 0.603 0.297
box -30.965 11.381 -49.032 1.495 1.365 12.341 0.434 0.603 0.297
box -29.470 12.746 -49.032 8.971 0.683 12.341 0.434 0.603 0.297
box -27.974 13.429 -49.032 2.990 0.683 10.798 0.434 0.603 0.297
box -17.509 8.651 -47.489 1.495 2.048 9.256 0.434 0.603 0.297
box -33.955 9.333 -47.489 1.495 1.365 9.256 0.434 0.603 0.297
box -19.004 10.699 -47.489 1.495 1.365 9.256 0.434 0.603 0.297
box -32.460 11.381 -47.489 1.495 1.365 9.256 0.434 0.603 0.297
box -20.499 12.064 -47.489 1.495 1.365 9.256 0.434 0.603 0.297
box -30.965 12.746 -47.489 1.495 0.683 9.256 0.434 0.603 0.297
box -29.470 13.429 -47.489 1.495 0.683 9.256 0.434 0.603 0.297
box -24.984 13.429 -47.489 4.485 0.683 9.256 0.434 0.603 0.297
box -27.974 14.112 -47.489 5.980 0.683 9.256 0.434 0.603 0.297
box -19.004 12.064 -45.947 1.495 0.683 7.713 0.434 0.603 0.297
box -29.470 14.112 -45.947 1.495 0.683 6.170 0.434 0.603 0.297
box -21.994 14.112 -45.947 1.495 0.683 6.170 0.434 0.603 0.297
box -33.955 6.603 -38.234 1.495 2.048 1.543 0.434 0.603 0.297
box -17.509 8.651 -38.234 1.495 0.683 1.543 0.434 0.603 0.297
box -32.460 9.333 -38.234 1.495 1.365 1.543 0.434 0.603 0.297
box -19.004 10.699 -38.234 1.495 0.683 1.543 0.434 0.603 0.297
box -20.499 12.064 -38.234 1.495 0.683 1.543 0.434 0.603 0.297
box -24.984 13.429 -38.234 2.990 0.683 1.543 0.434 0.603 0.297
box -32.460 6.603 -36.691 1.495 2.048 1.543 0.434 0.603 0.297
box -19.004 8.651 -36.691 1.495 0.683 1.543 0.434 0.603 0.297
box -30.965 9.333 -36.691 1.495 1.365 1.543 0.434 0.603 0.297
box -20.499 10.699 -36.691 1.495 0.683 1.543 0.434 0.603 0.297
box -29.470 8.651 -35.149 10.466 0.683 1.543 0.434 0.603 0.297
box -23.489 10.699 -35.149 2.990 0.683 1.543 0.434 0.603 0.297
box -6.868 7.318 -6.431 7.275 1.321 11.257 0.434 0.603 0.297
box -6.868 8.639 -6.431 6.366 0.881 10.319 0.434 0.603 0.297
box -5.959 9.520 -6.431 5.456 0.440 11.257 0.434 0.603 0.297
box -5.959 9.960 -6.431 2.728 0.440 10.319 0.434 0.603 0.297
box -7.778 7.318 -5.493 0.909 2.202 8.443 0.434 0.603 0.297
box 0.407 7.318 -5.493 0.909 0.881 9.381 0.434 0.603 0.297
box -0.502 8.639 -5.493 0.909 1.321 9.381 0.434 0.603 0.297
box -6.868 9.520 -5.493 0.909 0.881 8.443 0.434 0.603 0.297
box -3.231 9.960 -5.493 2.728 1.321 9.381 0.434 0.603 0.297
box -5.959 10.401 -5.493 2.728 0.881 9.381 0.434 0.603 0.297
box -8.687 7.318 -4.555 0.909 2.202 6.567 0.434 0.603 0.297
box 1.316 7.318 -4.555 0.909 0.881 7.505 0.434 0.603 0.297
box 0.407 8.199 -4.555 0.909 1.761 7.505 0.434 0.603 0.297
box -7.778 9.520 -4.555 0.909 0.881 6.567 0.434 0.603 0.297
box -0.502 9.960 -4.555 0.909 1.321 7.505 0.434 0.603 0.297
box -6.868 10.401 -4.555 0.909 0.881 7.505 0.434 0.603 0.297
box -5.959 11.281 -4.555 5.456 0.440 7.505 0.434 0.603 0.297
box -5.049 11.721 -4.555 3.638 0.440 7.505 0.434 0.603 0.297
box 1.316 8.199 -3.617 0.909 1.761 5.629 0.434 0.603 0.297
box -8.687 9.520 -3.617 0.909 0.881 3.752 0.434 0.603 0.297
box 0.407 9.960 -3.617 0.909 1.321 5.629 0.434 0.603 0.297
box -7.778 10.401 -3.617 0.909 0.881 5.629 0.434 0.603 0.297
box -6.868 11.281 -3.617 0.909 0.440 5.629 0.434 0.603 0.297
box -0.502 11.281 -3.617 0.909 0.440 5.629 0.434 0.603 0.297
box -5.959 11.721 -3.617 0.909 0.440 5.629 0.434 0.603 0.297
box -1.412 11.721 -3.617 0.909 0.440 5.629 0.434 0.603 0.297
box -5.049 12.162 -3.617 3.638 0.440 5.629 0.434 0.603 0.297
box -6.868 11.721 -2.679 0.909 0.440 3.752 0.434 0.603 0.297
box -0.502 11.721 -2.679 0.909 0.440 3.752 0.434 0.603 0.297
box -5.959 12.162 -2.679 0.909 0.440 3.752 0.434 0.603 0.297
box -1.412 12.162 -2.679 0.909 0.440 3.752 0.434 0.603 0.297
box -8.687 9.520 0.135 0.909 0.440 1.876 0.434 0.603 0.297
box 1.316 9.960 0.135 0.909 0.440 1.876 0.434 0.603 0.297
box -8.687 7.318 2.012 0.909 1.321 0.938 0.434 0.603 0.297
box 1.316 8.199 2.012 0.909 0.881 0.938 0.434 0.603 0.297
box -7.778 9.520 2.012 0.909 0.440 0.938 0.434 0.603 0.297
box 0.407 9.960 2.012 0.909 0.440 0.938 0.434 0.603 0.297
box -7.778 7.318 2.950 0.909 1.321 0.938 0.434 0.603 0.297
box 0.407 8.199 2.950 0.909 0.881 0.938 0.434 0.603 0.297
box -6.868 9.520 2.950 0.909 0.440 0.938 0.434 0.603 0.297
box -0.502 9.960 2.950 0.909 0.440 0.938 0.434 0.603 0.297
box -5.959 8.639 3.888 6.366 0.440 0.938 0.434 0.603 0.297
box -5.959 9.080 3.888 5.456 0.440 0.938 0.434 0.603 0.297
box -4.140 9.960 3.888 3.638 0.440 0.938 0.434 0.603 0.297
box 14.780 6.527 -31.368 0.719 0.169 1.198 0.434 0.603 0.297
box 15.019 6.697 -31.368 0.240 0.169 1.198 0.434 0.603 0.297
box 14.540 6.527 -31.129 0.240 0.169 1.198 0.434 0.603 0.297
box 15.498 6.527 -31.129 0.240 0.169 0.719 0.434 0.603 0.297
box 14.780 6.697 -31.129 0.240 0.339 0.958 0.434 0.603 0.297
box 15.259 6.697 -31.129 0.240 0.169 0.719 0.434 0.603 0.297
box 15.019 6.866 -31.129 0.240 0.169 0.958 0.434 0.603 0.297
box 14.301 6.527 -30.889 0.240 0.169 0.719 0.434 0.603 0.297
box 14.540 6.697 -30.889 0.240 0.339 0.479 0.434 0.603 0.297
box 15.498 6.697 -30.889 0.240 0.169 0.240 0.434 0.603 0.297
box 15.259 6.866 -30.889 0.240 0.169 0.479 0.434 0.603 0.297
box 14.301 6.697 -30.650 0.240 0.169 0.240 0.434 0.603 0.297
box 14.540 6.697 -30.410 0.240 0.169 0.240 0.434 0.603 0.297
box 14.780 6.527 -30.171 0.479 0.169 0.240 0.434 0.603 0.297
box 14.780 6.697 -30.171 0.240 0.169 0.240 0.434 0.603 0.297
box 13.052 6.527 -29.682 0.719 0.170 1.198 0.434 0.603 0.297
box 13.292 6.697 -29.682 0.240 0.170 1.198 0.434 0.603 0.297
box 12.813 6.527 -29.443 0.240 0.170 1.198 0.434 0.603 0.297
box 13.771 6.527 -29.443 0.240 0.170 0.719 0.434 0.603 0.297
box 13.052 6.697 -29.443 0.240 0.339 0.959 0.434 0.603 0.297
box 13.532 6.697 -29.443 0.240 0.170 0.719 0.434 0.603 0.297
box 13.292 6.866 -29.443 0.240 0.170 0.959 0.434 0.603 0.297
box 12.573 6.527 -29.203 0.240 0.170 0.719 0.434 0.603 0.297
box 12.813 6.697 -29.203 0.240 0.339 0.479 0.434 0.603 0.297
box 13.771 6.697 -29.203 0.240 0.170 0.240 0.434 0.603 0.297
box 13.532 6.866 -29.203 0.240 0.170 0.479 0.434 0.603 0.297
box 12.573 6.697 -28.964 0.240 0.170 0.240 0.434 0.603 0.297
box 12.813 6.697 -28.724 0.240 0.170 0.240 0.434 0.603 0.297
box 13.052 6.527 -28.484 0.479 0.170 0.240 0.434 0.603 0.297
box 13.052 6.697 -28.484 0.240 0.170 0.240 0.434 0.603 0.297
box -0.813 -0.813 -0.813 1.626 1.626 1.626 0.434 0.603 0.297

# ---- convex brushes (angled solids, kept as plane sets) ----
brush 0.400 0.410 0.430
plane -1.000000 0.000000 -0.000000 3.251200
plane 1.000000 0.000000 -0.000000 -0.000000
plane 0.000000 0.000000 1.000000 29.260799
plane 0.000000 0.000000 -1.000000 -22.758400
plane 0.000000 -1.000000 -0.000000 -0.000000
plane 0.000000 1.000000 -0.000000 3.251200
plane -0.707107 0.000000 -0.707107 -14.943146
brush 0.261 0.380 0.466
plane -1.000000 0.000000 -0.000000 -13.817600
plane 1.000000 0.000000 -0.000000 26.009600
plane 0.000000 0.000000 1.000000 -58.521599
plane 0.000000 0.000000 -1.000000 71.526398
plane 0.000000 -1.000000 -0.000000 6.502400
plane 0.000000 1.000000 -0.000000 1.625600
plane 0.000000 -0.992278 -0.124035 13.710898
plane -0.240772 0.963087 0.120386 -13.307549
plane -0.242536 0.970142 -0.000000 -4.731210
plane 0.000000 0.992278 0.124035 -7.258718
brush 0.434 0.603 0.297
plane -1.000000 0.000000 -0.000000 0.000000
plane 1.000000 0.000000 -0.000000 0.406400
plane 0.000000 0.000000 1.000000 -6.908800
plane 0.000000 0.000000 -1.000000 7.315200
plane 0.000000 -1.000000 -0.000000 -3.251200
plane 0.000000 1.000000 -0.000000 4.064000
plane 0.707107 -0.000000 -0.707107 5.172628
brush 0.400 0.410 0.430
plane -1.000000 0.000000 -0.000000 38.201599
plane 1.000000 0.000000 -0.000000 -32.512001
plane 0.000000 0.000000 1.000000 -70.713600
plane 0.000000 0.000000 -1.000000 75.183998
plane 0.000000 -1.000000 -0.000000 -3.251200
plane 0.000000 1.000000 -0.000000 5.689600
plane -0.514496 0.000000 0.857493 -43.072762
brush 0.400 0.410 0.430
plane -1.000000 0.000000 -0.000000 38.201599
plane 1.000000 0.000000 -0.000000 -32.512001
plane 0.000000 0.000000 1.000000 -70.713600
plane 0.000000 0.000000 -1.000000 75.183998
plane 0.000000 -1.000000 -0.000000 -0.000000
plane 0.000000 1.000000 -0.000000 3.251200
plane -0.514496 0.000000 0.857493 -43.072762
brush 0.400 0.410 0.430
plane -1.000000 0.000000 -0.000000 47.955200
plane 1.000000 0.000000 -0.000000 -45.923199
plane 0.000000 0.000000 1.000000 -73.152000
plane 0.000000 0.000000 -1.000000 75.183998
plane 0.000000 -1.000000 -0.000000 -2.438400
plane 0.000000 1.000000 -0.000000 5.689600
plane -0.707107 0.000000 0.707107 -19.253670
brush 0.400 0.410 0.430
plane -1.000000 0.000000 -0.000000 47.955200
plane 1.000000 0.000000 -0.000000 -45.923199
plane 0.000000 0.000000 1.000000 -73.152000
plane 0.000000 0.000000 -1.000000 75.183998
plane 0.000000 -1.000000 -0.000000 -0.812800
plane 0.000000 1.000000 -0.000000 2.438400
plane -0.707107 0.000000 0.707107 -19.253670
brush 0.434 0.603 0.297
plane -1.000000 0.000000 -0.000000 26.416000
plane 1.000000 0.000000 -0.000000 -26.009600
plane 0.000000 0.000000 1.000000 -26.009600
plane 0.000000 0.000000 -1.000000 29.667200
plane 0.000000 -1.000000 -0.000000 -4.064000
plane 0.000000 1.000000 -0.000000 7.315200
plane -0.948683 0.000000 -0.316228 34.056465
brush 0.400 0.410 0.430
plane -1.000000 0.000000 -0.000000 27.228800
plane 1.000000 0.000000 -0.000000 -26.416000
plane 0.000000 0.000000 1.000000 -26.416000
plane 0.000000 0.000000 -1.000000 28.448000
plane 0.000000 -1.000000 -0.000000 -4.064000
plane 0.000000 1.000000 -0.000000 7.315200
plane -0.832050 0.000000 -0.554700 37.759552
plane -0.707107 -0.000000 0.707107 0.000000
brush 0.400 0.410 0.430
plane -1.000000 0.000000 -0.000000 28.448000
plane 1.000000 0.000000 -0.000000 -26.416000
plane 0.000000 0.000000 1.000000 -26.416000
plane 0.000000 0.000000 -1.000000 27.228800
plane 0.000000 -1.000000 -0.000000 -4.064000
plane 0.000000 1.000000 -0.000000 7.315200
plane -0.554700 0.000000 -0.832050 37.759552
plane 0.707107 0.000000 -0.707107 -0.000000
brush 0.400 0.410 0.430
plane -1.000000 0.000000 -0.000000 29.667200
plane 1.000000 0.000000 -0.000000 -26.416000
plane 0.000000 0.000000 1.000000 -26.009600
plane 0.000000 0.000000 -1.000000 26.416000
plane 0.000000 -1.000000 -0.000000 -4.064000
plane 0.000000 1.000000 -0.000000 7.315200
plane -0.316228 0.000000 -0.948683 34.056465
brush 0.434 0.603 0.297
plane -1.000000 0.000000 -0.000000 26.416000
plane 1.000000 0.000000 -0.000000 -26.009600
plane 0.000000 0.000000 1.000000 -26.009600
plane 0.000000 0.000000 -1.000000 29.667200
plane 0.000000 -1.000000 -0.000000 -0.812800
plane 0.000000 1.000000 -0.000000 4.064000
plane -0.948683 0.000000 -0.316228 34.056465
brush 0.400 0.410 0.430
plane -1.000000 0.000000 -0.000000 27.228800
plane 1.000000 0.000000 -0.000000 -26.416000
plane 0.000000 0.000000 1.000000 -26.416000
plane 0.000000 0.000000 -1.000000 28.448000
plane 0.000000 -1.000000 -0.000000 -0.812800
plane 0.000000 1.000000 -0.000000 4.064000
plane -0.832050 0.000000 -0.554700 37.759552
plane -0.707107 -0.000000 0.707107 0.000000
brush 0.400 0.410 0.430
plane -1.000000 0.000000 -0.000000 28.448000
plane 1.000000 0.000000 -0.000000 -26.416000
plane 0.000000 0.000000 1.000000 -26.416000
plane 0.000000 0.000000 -1.000000 27.228800
plane 0.000000 -1.000000 -0.000000 -0.812800
plane 0.000000 1.000000 -0.000000 4.064000
plane -0.554700 0.000000 -0.832050 37.759552
plane 0.707107 0.000000 -0.707107 -0.000000
brush 0.400 0.410 0.430
plane -1.000000 0.000000 -0.000000 29.667200
plane 1.000000 0.000000 -0.000000 -26.416000
plane 0.000000 0.000000 1.000000 -26.009600
plane 0.000000 0.000000 -1.000000 26.416000
plane 0.000000 -1.000000 -0.000000 -0.812800
plane 0.000000 1.000000 -0.000000 4.064000
plane -0.316228 0.000000 -0.948683 34.056465
brush 0.434 0.603 0.297
plane -1.000000 0.000000 -0.000000 47.142399
plane 1.000000 0.000000 -0.000000 -45.516800
plane 0.000000 0.000000 1.000000 -24.383999
plane 0.000000 0.000000 -1.000000 26.009600
plane 0.000000 -1.000000 -0.000000 -0.812800
plane 0.000000 1.000000 -0.000000 4.064000
plane 0.707107 0.000000 -0.707107 -14.512094
plane 0.242536 0.000000 -0.970143 13.799307
plane 0.970143 0.000000 -0.242536 -38.243797
brush 0.434 0.603 0.297
plane -1.000000 0.000000 -0.000000 47.142399
plane 1.000000 0.000000 -0.000000 -45.516800
plane 0.000000 0.000000 1.000000 -24.383999
plane 0.000000 0.000000 -1.000000 26.009600
plane 0.000000 -1.000000 -0.000000 -4.064000
plane 0.000000 1.000000 -0.000000 4.876800
plane 0.707107 0.000000 -0.707107 -14.512094
plane 0.242536 0.000000 -0.970143 13.799307
plane 0.970143 0.000000 -0.242536 -38.243797
brush 0.434 0.603 0.297
plane -1.000000 0.000000 -0.000000 42.265598
plane 1.000000 0.000000 -0.000000 -40.639999
plane 0.000000 0.000000 1.000000 -32.512001
plane 0.000000 0.000000 -1.000000 34.137600
plane 0.000000 -1.000000 -0.000000 -0.812800
plane 0.000000 1.000000 -0.000000 4.064000
plane -0.962651 0.000000 0.270746 31.444416
plane -0.270746 0.000000 0.962651 -20.294600
plane -0.707107 0.000000 0.707107 6.160456
brush 0.434 0.603 0.297
plane -1.000000 0.000000 -0.000000 42.265598
plane 1.000000 0.000000 -0.000000 -40.639999
plane 0.000000 0.000000 1.000000 -32.512001
plane 0.000000 0.000000 -1.000000 34.137600
plane 0.000000 -1.000000 -0.000000 -4.064000
plane 0.000000 1.000000 -0.000000 4.876800
plane -0.270746 0.000000 0.962651 -20.294600
plane -0.962651 0.000000 0.270746 31.444416
plane -0.707107 0.000000 0.707107 6.160456
brush 0.400 0.410 0.430
plane -1.000000 0.000000 -0.000000 28.448000
plane 1.000000 0.000000 -0.000000 -26.416000
plane 0.000000 0.000000 1.000000 -26.416000
plane 0.000000 0.000000 -1.000000 27.228800
plane 0.000000 -1.000000 -0.000000 -0.406400
plane 0.000000 1.000000 -0.000000 0.812800
plane 0.707107 0.000000 -0.707107 -0.000000
plane -0.554700 0.000000 -0.832050 37.759552
brush 0.400 0.410 0.430
plane -1.000000 0.000000 -0.000000 29.667200
plane 1.000000 0.000000 -0.000000 -26.416000
plane 0.000000 0.000000 1.000000 -26.009600
plane 0.000000 0.000000 -1.000000 26.416000
plane 0.000000 -1.000000 -0.000000 -0.406400
plane 0.000000 1.000000 -0.000000 0.812800
plane -0.316228 0.000000 -0.948683 34.056465
brush 0.400 0.410 0.430
plane -1.000000 0.000000 -0.000000 27.228800
plane 1.000000 0.000000 -0.000000 -26.416000
plane 0.000000 0.000000 1.000000 -26.416000
plane 0.000000 0.000000 -1.000000 28.448000
plane 0.000000 -1.000000 -0.000000 -0.406400
plane 0.000000 1.000000 -0.000000 0.812800
plane -0.707107 -0.000000 0.707107 0.000000
plane -0.832050 0.000000 -0.554700 37.759552
brush 0.434 0.603 0.297
plane -1.000000 0.000000 -0.000000 26.416000
plane 1.000000 0.000000 -0.000000 -26.009600
plane 0.000000 0.000000 1.000000 -26.009600
plane 0.000000 0.000000 -1.000000 29.667200
plane 0.000000 -1.000000 -0.000000 -0.406400
plane 0.000000 1.000000 -0.000000 0.812800
plane -0.948683 0.000000 -0.316228 34.056465
brush 0.400 0.410 0.430
plane -1.000000 0.000000 -0.000000 56.896000
plane 1.000000 0.000000 -0.000000 -26.009600
plane 0.000000 0.000000 1.000000 -27.635201
plane 0.000000 0.000000 -1.000000 28.854399
plane 0.000000 -1.000000 -0.000000 -7.030707
plane 0.000000 1.000000 -0.000000 7.315200
plane 0.000000 -0.985030 -0.172381 -2.161694
brush 0.400 0.410 0.430
plane -1.000000 0.000000 -0.000000 56.896000
plane 1.000000 0.000000 -0.000000 -26.009600
plane 0.000000 0.000000 1.000000 -29.667200
plane 0.000000 0.000000 -1.000000 30.886400
plane 0.000000 -1.000000 -0.000000 -7.030707
plane 0.000000 1.000000 -0.000000 7.315200
plane 0.000000 -0.985030 0.172380 -12.249702
brush 0.400 0.410 0.430
plane -1.000000 0.000000 -0.000000 28.854399
plane 1.000000 0.000000 -0.000000 -26.009600
plane 0.000000 0.000000 1.000000 -28.854399
plane 0.000000 0.000000 -1.000000 29.260799
plane 0.000000 -1.000000 -0.000000 -7.244030
plane 0.000000 1.000000 -0.000000 7.315200
plane 0.000000 -0.985020 -0.172440 -2.159894
brush 0.400 0.410 0.430
plane -1.000000 0.000000 -0.000000 35.356800
plane 1.000000 0.000000 -0.000000 -29.667200
plane 0.000000 0.000000 1.000000 -28.854399
plane 0.000000 0.000000 -1.000000 29.260799
plane 0.000000 -1.000000 -0.000000 -7.244030
plane 0.000000 1.000000 -0.000000 7.315200
plane 0.000000 -0.985020 -0.172440 -2.159894
brush 0.400 0.410 0.430
plane -1.000000 0.000000 -0.000000 28.854399
plane 1.000000 0.000000 -0.000000 -26.009600
plane 0.000000 0.000000 1.000000 -29.260799
plane 0.000000 0.000000 -1.000000 29.667200
plane 0.000000 -1.000000 -0.000000 -7.244030
plane 0.000000 1.000000 -0.000000 7.315200
plane -0.000000 -0.985041 0.172321 -12.248029
brush 0.400 0.410 0.430
plane -1.000000 0.000000 -0.000000 35.356800
plane 1.000000 0.000000 -0.000000 -29.667200
plane 0.000000 0.000000 1.000000 -29.260799
plane 0.000000 0.000000 -1.000000 29.667200
plane 0.000000 -1.000000 -0.000000 -7.244030
plane 0.000000 1.000000 -0.000000 7.315200
plane 0.000000 -0.985030 0.172380 -12.249702
brush 0.400 0.410 0.430
plane -1.000000 0.000000 -0.000000 41.859200
plane 1.000000 0.000000 -0.000000 -36.169601
plane 0.000000 0.000000 1.000000 -29.260799
plane 0.000000 0.000000 -1.000000 29.667200
plane 0.000000 -1.000000 -0.000000 -7.244030
plane 0.000000 1.000000 -0.000000 7.315200
plane -0.000000 -0.985041 0.172321 -12.248029
brush 0.400 0.410 0.430
plane -1.000000 0.000000 -0.000000 41.859200
plane 1.000000 0.000000 -0.000000 -36.169601
plane 0.000000 0.000000 1.000000 -28.854399
plane 0.000000 0.000000 -1.000000 29.260799
plane 0.000000 -1.000000 -0.000000 -7.244030
plane 0.000000 1.000000 -0.000000 7.315200
plane 0.000000 -0.985020 -0.172440 -2.159894
brush 0.400 0.410 0.430
plane -1.000000 0.000000 -0.000000 48.361599
plane 1.000000 0.000000 -0.000000 -42.672001
plane 0.000000 0.000000 1.000000 -28.854399
plane 0.000000 0.000000 -1.000000 29.260799
plane 0.000000 -1.000000 -0.000000 -7.244030
plane 0.000000 1.000000 -0.000000 7.315200
plane 0.000000 -0.985020 -0.172440 -2.159894
brush 0.400 0.410 0.430
plane -1.000000 0.000000 -0.000000 56.896000
plane 1.000000 0.000000 -0.000000 -49.174400
plane 0.000000 0.000000 1.000000 -28.854399
plane 0.000000 0.000000 -1.000000 29.260799
plane 0.000000 -1.000000 -0.000000 -7.244030
plane 0.000000 1.000000 -0.000000 7.315200
plane 0.000000 -0.985020 -0.172440 -2.159894
brush 0.400 0.410 0.430
plane -1.000000 0.000000 -0.000000 48.361599
plane 1.000000 0.000000 -0.000000 -42.672001
plane 0.000000 0.000000 1.000000 -29.260799
plane 0.000000 0.000000 -1.000000 29.667200
plane 0.000000 -1.000000 -0.000000 -7.244030
plane 0.000000 1.000000 -0.000000 7.315200
plane 0.000000 -0.985030 0.172380 -12.249702
brush 0.400 0.410 0.430
plane -1.000000 0.000000 -0.000000 56.896000
plane 1.000000 0.000000 -0.000000 -49.174400
plane 0.000000 0.000000 1.000000 -29.260799
plane 0.000000 0.000000 -1.000000 29.667200
plane 0.000000 -1.000000 -0.000000 -7.244030
plane 0.000000 1.000000 -0.000000 7.315200
plane -0.000000 -0.985041 0.172321 -12.248029
brush 0.400 0.410 0.430
plane -1.000000 0.000000 -0.000000 18.491199
plane 1.000000 0.000000 -0.000000 -13.817600
plane 0.000000 0.000000 1.000000 -35.763199
plane 0.000000 0.000000 -1.000000 36.169601
plane 0.000000 -1.000000 -0.000000 -1.977806
plane 0.000000 1.000000 -0.000000 2.032000
plane 0.000000 -0.991231 -0.132144 2.765402
brush 0.434 0.603 0.297
plane -1.000000 0.000000 -0.000000 47.142399
plane 1.000000 0.000000 -0.000000 -43.891201
plane 0.000000 0.000000 1.000000 -39.014400
plane 0.000000 0.000000 -1.000000 45.516800
plane 0.000000 -1.000000 -0.000000 -2.844800
plane 0.000000 1.000000 -0.000000 4.876800
plane 0.707107 0.000000 -0.707107 0.287368
brush 0.434 0.603 0.297
plane -1.000000 0.000000 -0.000000 47.142399
plane 1.000000 0.000000 -0.000000 -43.891201
plane 0.000000 0.000000 1.000000 -39.014400
plane 0.000000 0.000000 -1.000000 45.516800
plane 0.000000 -1.000000 -0.000000 -4.876800
plane 0.000000 1.000000 -0.000000 5.689600
plane 0.707107 0.000000 -0.707107 0.287368
brush 0.434 0.603 0.297
plane -1.000000 0.000000 -0.000000 47.142399
plane 1.000000 0.000000 -0.000000 -43.891201
plane 0.000000 0.000000 1.000000 -39.014400
plane 0.000000 0.000000 -1.000000 45.516800
plane 0.000000 -1.000000 -0.000000 -0.000000
plane 0.000000 1.000000 -0.000000 2.844800
plane 0.707107 0.000000 -0.707107 0.287368
brush 0.434 0.603 0.297
plane -1.000000 0.000000 -0.000000 54.863998
plane 1.000000 0.000000 -0.000000 -48.767998
plane 0.000000 0.000000 1.000000 -15.443200
plane 0.000000 0.000000 -1.000000 19.913599
plane 0.000000 -1.000000 -0.000000 -4.876800
plane 0.000000 1.000000 -0.000000 8.128000
plane 0.707107 0.000000 0.707107 -46.553650
brush 0.434 0.603 0.297
plane -1.000000 0.000000 -0.000000 54.863998
plane 1.000000 0.000000 -0.000000 -48.767998
plane 0.000000 0.000000 1.000000 -15.443200
plane 0.000000 0.000000 -1.000000 18.694399
plane 0.000000 -1.000000 -0.000000 -0.000000
plane 0.000000 1.000000 -0.000000 3.251200
plane 0.707107 0.000000 0.707107 -46.553650
brush 0.434 0.603 0.297
plane -1.000000 0.000000 -0.000000 54.863998
plane 1.000000 0.000000 -0.000000 -48.767998
plane 0.000000 0.000000 1.000000 -15.443200
plane 0.000000 0.000000 -1.000000 18.694399
plane 0.000000 -1.000000 -0.000000 -3.251200
plane 0.000000 1.000000 -0.000000 4.876800
plane 0.707107 0.000000 0.707107 -46.553650
brush 0.400 0.410 0.430
plane -1.000000 0.000000 -0.000000 17.068800
plane 1.000000 0.000000 -0.000000 -13.817600
plane 0.000000 0.000000 1.000000 -16.256001
plane 0.000000 0.000000 -1.000000 28.448000
plane 0.000000 -1.000000 -0.000000 -0.812800
plane 0.000000 1.000000 -0.000000 4.064000
plane 0.707107 0.000000 0.707107 -21.408932
brush 0.400 0.410 0.430
plane -1.000000 0.000000 -0.000000 17.068800
plane 1.000000 0.000000 -0.000000 -13.817600
plane 0.000000 0.000000 1.000000 -16.256001
plane 0.000000 0.000000 -1.000000 28.448000
plane 0.000000 -1.000000 -0.000000 -0.000000
plane 0.000000 1.000000 -0.000000 0.812800
plane 0.707107 0.000000 0.707107 -21.408932
brush 0.400 0.410 0.430
plane -1.000000 0.000000 -0.000000 13.817600
plane 1.000000 0.000000 -0.000000 -13.004800
plane 0.000000 0.000000 1.000000 -28.448000
plane 0.000000 0.000000 -1.000000 34.543999
plane 0.000000 -1.000000 -0.000000 -0.000000
plane 0.000000 1.000000 -0.000000 2.032000
plane 0.707107 0.000000 0.707107 -29.455242
brush 0.400 0.410 0.430
plane -1.000000 0.000000 -0.000000 13.817600
plane 1.000000 0.000000 -0.000000 -13.004800
plane 0.000000 0.000000 1.000000 -28.448000
plane 0.000000 0.000000 -1.000000 34.543999
plane 0.000000 -1.000000 -0.000000 3.251200
plane 0.000000 1.000000 -0.000000 0.000000
plane 0.707107 0.000000 0.707107 -29.455242
brush 0.400 0.410 0.430
plane -1.000000 0.000000 -0.000000 -13.004800
plane 1.000000 0.000000 -0.000000 16.256001
plane 0.000000 0.000000 1.000000 -27.635201
plane 0.000000 0.000000 -1.000000 35.763199
plane 0.000000 -1.000000 -0.000000 -0.000000
plane 0.000000 1.000000 -0.000000 2.844800
plane 0.747409 0.000000 0.664364 -8.639919
brush 0.434 0.603 0.297
plane -1.000000 0.000000 -0.000000 5.689600
plane 1.000000 0.000000 -0.000000 1.625600
plane 0.000000 0.000000 1.000000 -58.521599
plane 0.000000 0.000000 -1.000000 65.024002
plane 0.000000 -1.000000 -0.000000 -0.000000
plane 0.000000 1.000000 -0.000000 1.625600
plane 0.707107 0.000000 0.707107 -41.955757
brush 0.434 0.603 0.297
plane -1.000000 0.000000 -0.000000 -22.758400
plane 1.000000 0.000000 -0.000000 24.383999
plane 0.000000 0.000000 1.000000 -2.438400
plane 0.000000 0.000000 -1.000000 19.507200
plane 0.000000 -1.000000 -0.000000 -0.000000
plane 0.000000 1.000000 -0.000000 3.251200
plane 0.707107 -0.000000 -0.707107 30.173660
brush 0.400 0.410 0.430
plane -1.000000 0.000000 -0.000000 -9.753600
plane 1.000000 0.000000 -0.000000 13.004800
plane 0.000000 0.000000 1.000000 -6.502400
plane 0.000000 0.000000 -1.000000 13.004800
plane 0.000000 -1.000000 -0.000000 -5.486400
plane 0.000000 1.000000 -0.000000 6.502400
plane -0.707107 -0.000000 0.707107 -12.644201
brush 0.400 0.410 0.430
plane -1.000000 0.000000 -0.000000 -9.753600
plane 1.000000 0.000000 -0.000000 13.004800
plane 0.000000 0.000000 1.000000 -6.502400
plane 0.000000 0.000000 -1.000000 12.191999
plane 0.000000 -1.000000 -0.000000 -2.641600
plane 0.000000 1.000000 -0.000000 5.486400
plane -0.707107 -0.000000 0.707107 -12.644201
brush 0.400 0.410 0.430
plane -1.000000 0.000000 -0.000000 -9.753600
plane 1.000000 0.000000 -0.000000 13.004800
plane 0.000000 0.000000 1.000000 -6.502400
plane 0.000000 0.000000 -1.000000 12.191999
plane 0.000000 -1.000000 -0.000000 -0.000000
plane 0.000000 1.000000 -0.000000 2.641600
plane -0.707107 -0.000000 0.707107 -12.644201
brush 0.400 0.410 0.430
plane -1.000000 0.000000 -0.000000 -13.004800
plane 1.000000 0.000000 -0.000000 16.256001
plane 0.000000 0.000000 1.000000 -27.635201
plane 0.000000 0.000000 -1.000000 35.763199
plane 0.000000 -1.000000 -0.000000 -2.844800
plane 0.000000 1.000000 -0.000000 5.689600
plane 0.747409 0.000000 0.664364 -8.639919
brush 0.400 0.410 0.430
plane -1.000000 0.000000 -0.000000 -22.758400
plane 1.000000 0.000000 -0.000000 24.383999
plane 0.000000 0.000000 1.000000 -2.438400
plane 0.000000 0.000000 -1.000000 19.507200
plane 0.000000 -1.000000 -0.000000 -3.251200
plane 0.000000 1.000000 -0.000000 5.689600
plane 0.707107 -0.000000 -0.707107 30.173660
brush 0.434 0.603 0.297
plane -1.000000 0.000000 -0.000000 5.689600
plane 1.000000 0.000000 -0.000000 1.625600
plane 0.000000 0.000000 1.000000 -58.521599
plane 0.000000 0.000000 -1.000000 65.024002
plane 0.000000 -1.000000 -0.000000 3.251200
plane 0.000000 1.000000 -0.000000 0.000000
plane 0.707107 0.000000 0.707107 -41.955757
brush 0.434 0.603 0.297
plane -1.000000 0.000000 -0.000000 0.000000
plane 1.000000 0.000000 -0.000000 2.438400
plane 0.000000 0.000000 1.000000 -47.142399
plane 0.000000 0.000000 -1.000000 52.019199
plane 0.000000 -1.000000 -0.000000 -0.000000
plane 0.000000 1.000000 -0.000000 1.625600
plane -0.554700 0.000000 -0.832050 41.930012
brush 0.434 0.603 0.297
plane -1.000000 0.000000 -0.000000 0.000000
plane 1.000000 0.000000 -0.000000 2.438400
plane 0.000000 0.000000 1.000000 -47.142399
plane 0.000000 0.000000 -1.000000 52.019199
plane 0.000000 -1.000000 -0.000000 3.251200
plane 0.000000 1.000000 -0.000000 0.000000
plane -0.554700 0.000000 -0.832050 41.930012
brush 0.400 0.410 0.430
plane -1.000000 0.000000 -0.000000 8.128000
plane 1.000000 0.000000 -0.000000 -6.502400
plane 0.000000 0.000000 1.000000 -58.521599
plane 0.000000 0.000000 -1.000000 60.959999
plane 0.000000 -1.000000 -0.000000 0.406400
plane 0.000000 1.000000 -0.000000 4.876800
plane -0.707107 -0.000000 0.707107 -36.783131
brush 0.400 0.410 0.430
plane -1.000000 0.000000 -0.000000 8.128000
plane 1.000000 0.000000 -0.000000 -6.502400
plane 0.000000 0.000000 1.000000 -58.521599
plane 0.000000 0.000000 -1.000000 60.959999
plane 0.000000 -1.000000 -0.000000 3.657600
plane 0.000000 1.000000 -0.000000 -0.406400
plane -0.707107 -0.000000 0.707107 -36.783131
brush 0.400 0.410 0.430
plane -1.000000 0.000000 -0.000000 8.128000
plane 1.000000 0.000000 -0.000000 -6.502400
plane 0.000000 0.000000 1.000000 -60.959999
plane 0.000000 0.000000 -1.000000 63.398399
plane 0.000000 -1.000000 -0.000000 0.406400
plane 0.000000 1.000000 -0.000000 4.876800
plane -0.707107 0.000000 -0.707107 49.427334
brush 0.400 0.410 0.430
plane -1.000000 0.000000 -0.000000 8.128000
plane 1.000000 0.000000 -0.000000 -6.502400
plane 0.000000 0.000000 1.000000 -60.959999
plane 0.000000 0.000000 -1.000000 63.398399
plane 0.000000 -1.000000 -0.000000 3.657600
plane 0.000000 1.000000 -0.000000 -0.406400
plane -0.707107 0.000000 -0.707107 49.427334
brush 0.400 0.410 0.430
plane -1.000000 0.000000 -0.000000 8.128000
plane 1.000000 0.000000 -0.000000 -6.502400
plane 0.000000 0.000000 1.000000 -47.955200
plane 0.000000 0.000000 -1.000000 50.393600
plane 0.000000 -1.000000 -0.000000 3.657600
plane 0.000000 1.000000 -0.000000 -0.406400
plane -0.707107 0.000000 -0.707107 40.231552
brush 0.400 0.410 0.430
plane -1.000000 0.000000 -0.000000 8.128000
plane 1.000000 0.000000 -0.000000 -6.502400
plane 0.000000 0.000000 1.000000 -47.955200
plane 0.000000 0.000000 -1.000000 50.393600
plane 0.000000 -1.000000 -0.000000 0.406400
plane 0.000000 1.000000 -0.000000 4.876800
plane -0.707107 0.000000 -0.707107 40.231552
brush 0.400 0.410 0.430
plane -1.000000 0.000000 -0.000000 8.128000
plane 1.000000 0.000000 -0.000000 -6.502400
plane 0.000000 0.000000 1.000000 -45.516800
plane 0.000000 0.000000 -1.000000 47.955200
plane 0.000000 -1.000000 -0.000000 0.406400
plane 0.000000 1.000000 -0.000000 4.876800
plane -0.707107 -0.000000 0.707107 -27.587347
brush 0.400 0.410 0.430
plane -1.000000 0.000000 -0.000000 8.128000
plane 1.000000 0.000000 -0.000000 -6.502400
plane 0.000000 0.000000 1.000000 -45.516800
plane 0.000000 0.000000 -1.000000 47.955200
plane 0.000000 -1.000000 -0.000000 3.657600
plane 0.000000 1.000000 -0.000000 -0.406400
plane -0.707107 -0.000000 0.707107 -27.587347
brush 0.400 0.410 0.430
plane -1.000000 0.000000 -0.000000 8.128000
plane 1.000000 0.000000 -0.000000 -6.502400
plane 0.000000 0.000000 1.000000 -60.959999
plane 0.000000 0.000000 -1.000000 63.398399
plane 0.000000 -1.000000 -0.000000 -4.876800
plane 0.000000 1.000000 -0.000000 8.128000
plane -0.707107 0.000000 -0.707107 49.427334
brush 0.400 0.410 0.430
plane -1.000000 0.000000 -0.000000 8.128000
plane 1.000000 0.000000 -0.000000 -6.502400
plane 0.000000 0.000000 1.000000 -45.516800
plane 0.000000 0.000000 -1.000000 47.955200
plane 0.000000 -1.000000 -0.000000 -4.876800
plane 0.000000 1.000000 -0.000000 8.128000
plane -0.707107 -0.000000 0.707107 -27.587347
brush 0.400 0.410 0.430
plane -1.000000 0.000000 -0.000000 8.128000
plane 1.000000 0.000000 -0.000000 -6.502400
plane 0.000000 0.000000 1.000000 -58.521599
plane 0.000000 0.000000 -1.000000 60.959999
plane 0.000000 -1.000000 -0.000000 -4.876800
plane 0.000000 1.000000 -0.000000 8.128000
plane -0.707107 -0.000000 0.707107 -36.783131
brush 0.400 0.410 0.430
plane -1.000000 0.000000 -0.000000 8.128000
plane 1.000000 0.000000 -0.000000 -6.502400
plane 0.000000 0.000000 1.000000 -47.955200
plane 0.000000 0.000000 -1.000000 50.393600
plane 0.000000 -1.000000 -0.000000 -4.876800
plane 0.000000 1.000000 -0.000000 8.128000
plane -0.707107 0.000000 -0.707107 40.231552
brush 0.400 0.410 0.430
plane -1.000000 0.000000 -0.000000 6.502400
plane 1.000000 0.000000 -0.000000 -3.251200
plane 0.000000 0.000000 1.000000 -58.521599
plane 0.000000 0.000000 -1.000000 63.398399
plane 0.000000 -1.000000 -0.000000 -7.315200
plane 0.000000 1.000000 -0.000000 8.128000
plane 0.707118 0.000000 -0.707096 41.380306
plane 0.707107 -0.000044 0.707107 -44.829762
brush 0.400 0.410 0.430
plane -1.000000 0.000000 -0.000000 6.502400
plane 1.000000 0.000000 -0.000000 -3.251200
plane 0.000000 0.000000 1.000000 -45.516800
plane 0.000000 0.000000 -1.000000 50.393600
plane 0.000000 -1.000000 -0.000000 -7.315200
plane 0.000000 1.000000 -0.000000 8.128000
plane 0.707118 0.000000 -0.707096 32.184669
plane 0.707107 -0.000044 0.707107 -35.633984
brush 0.400 0.410 0.430
plane -1.000000 0.000000 -0.000000 6.502400
plane 1.000000 0.000000 -0.000000 6.502400
plane 0.000000 0.000000 1.000000 -40.639999
plane 0.000000 0.000000 -1.000000 50.393600
plane 0.000000 -1.000000 -0.000000 -4.876800
plane 0.000000 1.000000 -0.000000 7.315200
plane 0.316228 0.000000 0.948683 -38.040432
brush 0.400 0.410 0.430
plane -1.000000 0.000000 -0.000000 6.502400
plane 1.000000 0.000000 -0.000000 6.502400
plane 0.000000 0.000000 1.000000 -40.639999
plane 0.000000 0.000000 -1.000000 43.078400
plane 0.000000 -1.000000 -0.000000 -0.000000
plane 0.000000 1.000000 -0.000000 2.438400
plane 0.316228 0.000000 0.948683 -38.040432
brush 0.400 0.410 0.430
plane -1.000000 0.000000 -0.000000 6.502400
plane 1.000000 0.000000 -0.000000 -3.251200
plane 0.000000 0.000000 1.000000 -40.639999
plane 0.000000 0.000000 -1.000000 43.891201
plane 0.000000 -1.000000 -0.000000 -7.315200
plane 0.000000 1.000000 -0.000000 8.128000
plane -0.707107 -0.000000 0.707107 -26.437876
plane 0.707107 0.000000 -0.707107 27.587347
brush 0.400 0.410 0.430
plane -1.000000 0.000000 -0.000000 6.502400
plane 1.000000 0.000000 -0.000000 6.502400
plane 0.000000 0.000000 1.000000 -40.639999
plane 0.000000 0.000000 -1.000000 50.393600
plane 0.000000 -1.000000 -0.000000 -2.438400
plane 0.000000 1.000000 -0.000000 4.876800
plane 0.316228 0.000000 0.948683 -38.040432
brush 0.400 0.410 0.430
plane -1.000000 0.000000 -0.000000 -32.105598
plane 1.000000 0.000000 -0.000000 32.512001
plane 0.000000 0.000000 1.000000 -58.521599
plane 0.000000 0.000000 -1.000000 71.120003
plane 0.000000 -1.000000 -0.000000 -2.438400
plane 0.000000 1.000000 -0.000000 3.251200
plane 0.707107 0.000000 0.707107 -18.463408
brush 0.400 0.410 0.430
plane -1.000000 0.000000 -0.000000 3.251200
plane 1.000000 0.000000 -0.000000 -0.000000
plane 0.000000 0.000000 1.000000 29.260799
plane 0.000000 0.000000 -1.000000 -22.758400
plane 0.000000 -1.000000 -0.000000 -3.251200
plane 0.000000 1.000000 -0.000000 6.502400
plane -0.707107 0.000000 -0.707107 -14.943146
brush 0.400 0.410 0.430
plane -1.000000 0.000000 -0.000000 3.251200
plane 1.000000 0.000000 -0.000000 13.004800
plane 0.000000 0.000000 1.000000 -19.507200
plane 0.000000 0.000000 -1.000000 34.137600
plane 0.000000 -1.000000 -0.000000 -0.000000
plane 0.000000 1.000000 -0.000000 3.251200
plane -0.707107 0.000000 -0.707107 24.713667
brush 0.400 0.410 0.430
plane -1.000000 0.000000 -0.000000 3.251200
plane 1.000000 0.000000 -0.000000 13.004800
plane 0.000000 0.000000 1.000000 -12.191999
plane 0.000000 0.000000 -1.000000 19.507200
plane 0.000000 -1.000000 -0.000000 -0.000000
plane 0.000000 1.000000 -0.000000 3.251200
plane -0.707107 0.000000 0.707107 -8.046310
brush 0.400 0.410 0.430
plane -1.000000 0.000000 -0.000000 39.827198
plane 1.000000 0.000000 -0.000000 -39.014400
plane 0.000000 0.000000 1.000000 -13.004800
plane 0.000000 0.000000 -1.000000 13.817600
plane 0.000000 -1.000000 -0.000000 -0.000000
plane 0.000000 1.000000 -0.000000 0.812800
plane -0.707107 -0.000000 0.707107 18.391565
brush 0.434 0.603 0.297
plane -1.000000 0.000000 -0.000000 45.516800
plane 1.000000 0.000000 -0.000000 -44.703999
plane 0.000000 0.000000 1.000000 -13.004800
plane 0.000000 0.000000 -1.000000 13.817600
plane 0.000000 -1.000000 -0.000000 -0.000000
plane 0.000000 1.000000 -0.000000 0.812800
plane 0.707107 0.000000 0.707107 -41.381023
brush 0.434 0.603 0.297
plane -1.000000 0.000000 -0.000000 26.416000
plane 1.000000 0.000000 -0.000000 -26.009600
plane 0.000000 0.000000 1.000000 -26.009600
plane 0.000000 0.000000 -1.000000 29.667200
plane 0.000000 -1.000000 -0.000000 2.844800
plane 0.000000 1.000000 -0.000000 0.406400
plane -0.948683 0.000000 -0.316228 34.056465
brush 0.400 0.410 0.430
plane -1.000000 0.000000 -0.000000 27.228800
plane 1.000000 0.000000 -0.000000 -26.416000
plane 0.000000 0.000000 1.000000 -26.416000
plane 0.000000 0.000000 -1.000000 28.448000
plane 0.000000 -1.000000 -0.000000 2.844800
plane 0.000000 1.000000 -0.000000 0.406400
plane -0.707107 -0.000000 0.707107 0.000000
plane -0.832050 0.000000 -0.554700 37.759552
brush 0.400 0.410 0.430
plane -1.000000 0.000000 -0.000000 28.448000
plane 1.000000 0.000000 -0.000000 -26.416000
plane 0.000000 0.000000 1.000000 -26.416000
plane 0.000000 0.000000 -1.000000 27.228800
plane 0.000000 -1.000000 -0.000000 2.844800
plane 0.000000 1.000000 -0.000000 0.406400
plane 0.707107 0.000000 -0.707107 -0.000000
plane -0.554700 0.000000 -0.832050 37.759552
brush 0.400 0.410 0.430
plane -1.000000 0.000000 -0.000000 29.667200
plane 1.000000 0.000000 -0.000000 -26.416000
plane 0.000000 0.000000 1.000000 -26.009600
plane 0.000000 0.000000 -1.000000 26.416000
plane 0.000000 -1.000000 -0.000000 2.844800
plane 0.000000 1.000000 -0.000000 0.406400
plane -0.316228 0.000000 -0.948683 34.056465
brush 0.400 0.410 0.430
plane -1.000000 0.000000 -0.000000 -26.009600
plane 1.000000 0.000000 -0.000000 26.822399
plane 0.000000 0.000000 1.000000 -58.521599
plane 0.000000 0.000000 -1.000000 61.772800
plane 0.000000 -1.000000 -0.000000 3.251200
plane 0.000000 1.000000 -0.000000 2.438400
plane -0.707107 0.000000 0.707107 -59.808506
brush 0.434 0.603 0.297
plane -1.000000 0.000000 -0.000000 29.260799
plane 1.000000 0.000000 -0.000000 -19.507200
plane 0.000000 0.000000 1.000000 -58.521599
plane 0.000000 0.000000 -1.000000 71.526398
plane 0.000000 -1.000000 -0.000000 6.502400
plane 0.000000 1.000000 -0.000000 1.625600
plane 0.314027 0.942082 0.117760 -16.080215
plane 0.000000 -0.992278 -0.124035 13.710898
plane 0.000000 0.992278 0.124035 -7.258718
plane 0.316228 0.948683 -0.000000 -7.710887
brush 0.434 0.603 0.297
plane -1.000000 0.000000 -0.000000 32.512001
plane 1.000000 0.000000 -0.000000 -29.260799
plane 0.000000 0.000000 1.000000 -58.521599
plane 0.000000 0.000000 -1.000000 71.526398
plane 0.000000 -1.000000 -0.000000 6.502400
plane 0.000000 1.000000 -0.000000 1.625600
plane 0.000000 0.992278 0.124035 -7.258718
plane 0.000000 -0.992278 -0.124035 13.710898
brush 0.434 0.603 0.297
plane -1.000000 0.000000 -0.000000 19.507200
plane 1.000000 0.000000 -0.000000 -0.000000
plane 0.000000 0.000000 1.000000 -58.521599
plane 0.000000 0.000000 -1.000000 71.526398
plane 0.000000 -1.000000 -0.000000 6.502400
plane 0.000000 1.000000 -0.000000 -1.625600
plane 0.000000 0.992278 0.124035 -10.484806
plane 0.000000 -0.992278 -0.124035 13.710898
brush 0.397 0.523 0.650
plane -1.000000 0.000000 -0.000000 32.308800
plane 1.000000 0.000000 -0.000000 -6.502400
plane 0.000000 0.000000 1.000000 -63.804798
plane 0.000000 0.000000 -1.000000 71.526398
plane 0.000000 -1.000000 -0.000000 2.844800
plane 0.000000 1.000000 -0.000000 9.347199
plane -0.234641 0.000000 0.972082 -59.578262
plane -0.171341 0.000000 0.985212 -61.747112
brush 0.397 0.523 0.650
plane -1.000000 0.000000 -0.000000 -13.004800
plane 1.000000 0.000000 -0.000000 16.256001
plane 0.000000 0.000000 1.000000 -27.635201
plane 0.000000 0.000000 -1.000000 35.763199
plane 0.000000 -1.000000 -0.000000 -5.689600
plane 0.000000 1.000000 -0.000000 8.534400
plane 0.747409 0.000000 0.664364 -8.639919
brush 0.397 0.523 0.650
plane -1.000000 0.000000 -0.000000 3.251200
plane 1.000000 0.000000 -0.000000 13.004800
plane 0.000000 0.000000 1.000000 -19.507200
plane 0.000000 0.000000 -1.000000 34.137600
plane 0.000000 -1.000000 -0.000000 -5.689600
plane 0.000000 1.000000 -0.000000 8.534400
plane -0.707107 0.000000 -0.707107 24.713667
brush 0.397 0.523 0.650
plane -1.000000 0.000000 -0.000000 -13.004800
plane 1.000000 0.000000 -0.000000 24.383999
plane 0.000000 0.000000 1.000000 -2.438400
plane 0.000000 0.000000 -1.000000 19.507200
plane 0.000000 -1.000000 -0.000000 -5.689600
plane 0.000000 1.000000 -0.000000 8.128000
plane 0.707107 -0.000000 -0.707107 30.173660
brush 0.397 0.523 0.650
plane -1.000000 0.000000 -0.000000 3.251200
plane 1.000000 0.000000 -0.000000 13.004800
plane 0.000000 0.000000 1.000000 -12.191999
plane 0.000000 0.000000 -1.000000 19.507200
plane 0.000000 -1.000000 -0.000000 -5.689600
plane 0.000000 1.000000 -0.000000 8.534400
plane -0.707107 0.000000 0.707107 -8.046310
brush 0.397 0.523 0.650
plane -1.000000 0.000000 -0.000000 9.753600
plane 1.000000 0.000000 -0.000000 3.251200
plane 0.000000 0.000000 1.000000 12.191999
plane 0.000000 0.000000 -1.000000 -8.940800
plane 0.000000 -1.000000 -0.000000 -6.502400
plane 0.000000 1.000000 -0.000000 9.753600
plane -0.707107 0.000000 0.707107 13.793674
plane 0.707107 0.000000 0.707107 9.195783
brush 0.397 0.523 0.650
plane -1.000000 0.000000 -0.000000 3.251200
plane 1.000000 0.000000 -0.000000 -0.000000
plane 0.000000 0.000000 1.000000 29.260799
plane 0.000000 0.000000 -1.000000 -22.758400
plane 0.000000 -1.000000 -0.000000 -6.502400
plane 0.000000 1.000000 -0.000000 9.753600
plane -0.707107 0.000000 -0.707107 -14.943146
brush 0.400 0.410 0.430
plane -1.000000 0.000000 -0.000000 3.251200
plane 1.000000 0.000000 -0.000000 0.812800
plane 0.000000 0.000000 1.000000 -29.870399
plane 0.000000 0.000000 -1.000000 34.137600
plane 0.000000 -1.000000 -0.000000 -3.251200
plane 0.000000 1.000000 -0.000000 5.689600
plane -0.707107 0.000000 -0.707107 24.713667
brush 0.434 0.603 0.297
plane -1.000000 0.000000 -0.000000 6.502400
plane 1.000000 0.000000 -0.000000 13.004800
plane 0.000000 0.000000 1.000000 16.256001
plane 0.000000 0.000000 -1.000000 4.064000
plane 0.000000 -1.000000 -0.000000 3.251200
plane 0.000000 1.000000 -0.000000 0.000000
plane -0.952424 0.000000 0.304776 4.954434
brush 0.434 0.603 0.297
plane -1.000000 0.000000 -0.000000 13.004800
plane 1.000000 0.000000 -0.000000 -0.000000
plane 0.000000 0.000000 1.000000 16.256001
plane 0.000000 0.000000 -1.000000 4.064000
plane 0.000000 -1.000000 -0.000000 1.625600
plane 0.000000 1.000000 -0.000000 0.000000
plane 0.952424 -0.000000 -0.304776 -4.954434
brush 0.434 0.603 0.297
plane -1.000000 0.000000 -0.000000 13.817600
plane 1.000000 0.000000 -0.000000 -6.502400
plane 0.000000 0.000000 1.000000 -4.064000
plane 0.000000 0.000000 -1.000000 19.507200
plane 0.000000 -1.000000 -0.000000 1.625600
plane 0.000000 1.000000 -0.000000 0.000000
plane -0.998618 0.000000 0.052559 12.773226
brush 0.434 0.603 0.297
plane -1.000000 0.000000 -0.000000 21.132799
plane 1.000000 0.000000 -0.000000 -13.004800
plane 0.000000 0.000000 1.000000 -4.064000
plane 0.000000 0.000000 -1.000000 19.507200
plane 0.000000 -1.000000 -0.000000 1.625600
plane 0.000000 1.000000 -0.000000 0.000000
plane 0.998618 0.000000 -0.052559 -12.773226
brush 0.434 0.603 0.297
plane -1.000000 0.000000 -0.000000 19.507200
plane 1.000000 0.000000 -0.000000 -6.502400
plane 0.000000 0.000000 1.000000 -32.512001
plane 0.000000 0.000000 -1.000000 52.019199
plane 0.000000 -1.000000 -0.000000 6.502400
plane 0.000000 1.000000 -0.000000 -3.251200
plane -0.982872 -0.000000 0.184289 9.586542
plane 0.124035 0.000000 -0.992278 49.197933
brush 0.434 0.603 0.297
plane -1.000000 0.000000 -0.000000 -19.507200
plane 1.000000 0.000000 -0.000000 31.699200
plane 0.000000 0.000000 1.000000 -19.507200
plane 0.000000 0.000000 -1.000000 31.699200
plane 0.000000 -1.000000 -0.000000 3.251200
plane 0.000000 1.000000 -0.000000 0.000000
plane 0.997785 0.000000 -0.066519 32.926594
brush 0.434 0.603 0.297
plane -1.000000 0.000000 -0.000000 -30.886400
plane 1.000000 0.000000 -0.000000 41.452801
plane 0.000000 0.000000 1.000000 -19.507200
plane 0.000000 0.000000 -1.000000 31.699200
plane 0.000000 -1.000000 -0.000000 3.251200
plane 0.000000 1.000000 -0.000000 0.000000
plane -0.997785 0.000000 0.066519 -32.926594
brush 0.434 0.603 0.297
plane -1.000000 0.000000 -0.000000 -30.886400
plane 1.000000 0.000000 -0.000000 45.516800
plane 0.000000 0.000000 1.000000 -31.699200
plane 0.000000 0.000000 -1.000000 45.516800
plane 0.000000 -1.000000 -0.000000 3.251200
plane 0.000000 1.000000 -0.000000 0.000000
plane 0.959365 0.000000 0.282166 30.823938
brush 0.434 0.603 0.297
plane -1.000000 0.000000 -0.000000 -30.886400
plane 1.000000 0.000000 -0.000000 45.516800
plane 0.000000 0.000000 1.000000 -51.206398
plane 0.000000 0.000000 -1.000000 58.521599
plane 0.000000 -1.000000 -0.000000 3.251200
plane 0.000000 1.000000 -0.000000 0.000000
plane -0.976187 0.000000 -0.216930 -19.042675
brush 0.434 0.603 0.297
plane -1.000000 0.000000 -0.000000 -32.512001
plane 1.000000 0.000000 -0.000000 41.046398
plane 0.000000 0.000000 1.000000 -71.526398
plane 0.000000 0.000000 -1.000000 79.654396
plane 0.000000 -1.000000 -0.000000 -0.000000
plane 0.000000 1.000000 -0.000000 3.251200
plane 0.988936 0.000000 -0.148340 51.202538
brush 0.434 0.603 0.297
plane -1.000000 0.000000 -0.000000 -26.009600
plane 1.000000 0.000000 -0.000000 32.512001
plane 0.000000 0.000000 1.000000 -51.206398
plane 0.000000 0.000000 -1.000000 60.959999
plane 0.000000 -1.000000 -0.000000 3.251200
plane 0.000000 1.000000 -0.000000 0.000000
plane 0.351123 0.000000 -0.936329 66.211205
plane 0.976187 0.000000 0.216930 19.042675
brush 0.261 0.380 0.466
plane -1.000000 0.000000 -0.000000 56.896000
plane 1.000000 0.000000 -0.000000 -43.891201
plane 0.000000 0.000000 1.000000 -45.516800
plane 0.000000 0.000000 -1.000000 52.019199
plane 0.000000 -1.000000 -0.000000 3.251200
plane 0.000000 1.000000 -0.000000 0.000000
plane 0.982872 0.000000 0.184289 -52.725983
brush 0.434 0.603 0.297
plane -1.000000 0.000000 -0.000000 45.110401
plane 1.000000 0.000000 -0.000000 -32.512001
plane 0.000000 0.000000 1.000000 -45.516800
plane 0.000000 0.000000 -1.000000 52.019199
plane 0.000000 -1.000000 -0.000000 1.625600
plane 0.000000 1.000000 -0.000000 0.000000
plane -0.982872 0.000000 -0.184289 52.725983
brush 0.261 0.380 0.466
plane -1.000000 0.000000 -0.000000 45.110401
plane 1.000000 0.000000 -0.000000 -32.512001
plane 0.000000 0.000000 1.000000 -39.014400
plane 0.000000 0.000000 -1.000000 45.516800
plane 0.000000 -1.000000 -0.000000 1.625600
plane 0.000000 1.000000 -0.000000 0.000000
plane 0.970143 0.000000 0.242536 -42.580723
brush 0.434 0.603 0.297
plane -1.000000 0.000000 -0.000000 19.507200
plane 1.000000 0.000000 -0.000000 -6.502400
plane 0.000000 0.000000 1.000000 -50.393600
plane 0.000000 0.000000 -1.000000 58.521599
plane 0.000000 -1.000000 -0.000000 6.502400
plane 0.000000 1.000000 -0.000000 -3.251200
plane -0.124035 0.000000 0.992278 -49.197933
brush 0.400 0.410 0.430
plane -1.000000 0.000000 -0.000000 -26.009600
plane 1.000000 0.000000 -0.000000 26.416000
plane 0.000000 0.000000 1.000000 -58.521599
plane 0.000000 0.000000 -1.000000 61.366398
plane 0.000000 -1.000000 -0.000000 -2.438400
plane 0.000000 1.000000 -0.000000 3.251200
plane -0.707107 0.000000 0.707107 -59.808506
plane 0.707107 -0.000000 -0.707107 61.963768
brush 0.400 0.410 0.430
plane -1.000000 0.000000 -0.000000 -13.411200
plane 1.000000 0.000000 -0.000000 13.817600
plane 0.000000 0.000000 1.000000 -50.393600
plane 0.000000 0.000000 -1.000000 61.366398
plane 0.000000 -1.000000 -0.000000 -2.438400
plane 0.000000 1.000000 -0.000000 3.251200
plane -0.707107 0.000000 -0.707107 33.837608
brush 0.397 0.523 0.650
plane -1.000000 0.000000 -0.000000 16.256001
plane 1.000000 0.000000 -0.000000 -9.550400
plane 0.000000 0.000000 1.000000 -61.975998
plane 0.000000 0.000000 -1.000000 68.071999
plane 0.000000 -1.000000 -0.000000 -3.454400
plane 0.000000 1.000000 -0.000000 9.347199
plane -0.144275 0.000000 0.989538 -59.949699
plane -0.165162 0.000000 -0.986266 68.714493
plane -0.999659 0.000000 0.026115 14.502069
brush 0.415 0.474 0.466
plane -1.000000 0.000000 -0.000000 -30.378399
plane 1.000000 0.000000 -0.000000 31.292799
plane 0.000000 0.000000 1.000000 -70.205597
plane 0.000000 0.000000 -1.000000 71.120003
plane 0.000000 -1.000000 -0.000000 -2.438400
plane 0.000000 1.000000 -0.000000 2.641600
plane -0.707107 -0.000000 0.707107 -71.770210
brush 0.415 0.474 0.466
plane -1.000000 0.000000 -0.000000 -26.416000
plane 1.000000 0.000000 -0.000000 31.292799
plane 0.000000 0.000000 1.000000 -70.205597
plane 0.000000 0.000000 -1.000000 71.120003
plane 0.000000 -1.000000 -0.000000 -2.438400
plane 0.000000 1.000000 -0.000000 2.641600
plane 0.707107 0.000000 -0.707107 71.770210
plane -0.707107 0.000000 -0.707107 30.963926
brush 0.415 0.474 0.466
plane -1.000000 0.000000 -0.000000 -26.416000
plane 1.000000 0.000000 -0.000000 27.330400
plane 0.000000 0.000000 1.000000 -70.205597
plane 0.000000 0.000000 -1.000000 71.120003
plane 0.000000 -1.000000 -0.000000 -2.438400
plane 0.000000 1.000000 -0.000000 2.641600
plane 0.707107 0.000000 0.707107 -30.963926
brush 0.415 0.474 0.466
plane -1.000000 0.000000 -0.000000 -26.720800
plane 1.000000 0.000000 -0.000000 30.987999
plane 0.000000 0.000000 1.000000 -70.510399
plane 0.000000 0.000000 -1.000000 71.120003
plane 0.000000 -1.000000 -0.000000 -2.641600
plane 0.000000 1.000000 -0.000000 2.844800
plane 0.707107 0.000000 -0.707107 71.770210
plane -0.707107 0.000000 -0.707107 30.963926
brush 0.415 0.474 0.466
plane -1.000000 0.000000 -0.000000 -26.720800
plane 1.000000 0.000000 -0.000000 27.330400
plane 0.000000 0.000000 1.000000 -70.510399
plane 0.000000 0.000000 -1.000000 71.120003
plane 0.000000 -1.000000 -0.000000 -2.641600
plane 0.000000 1.000000 -0.000000 2.844800
plane 0.707107 0.000000 0.707107 -30.963926
brush 0.415 0.474 0.466
plane -1.000000 0.000000 -0.000000 -30.378399
plane 1.000000 0.000000 -0.000000 30.987999
plane 0.000000 0.000000 1.000000 -70.510399
plane 0.000000 0.000000 -1.000000 71.120003
plane 0.000000 -1.000000 -0.000000 -2.641600
plane 0.000000 1.000000 -0.000000 2.844800
plane -0.707107 -0.000000 0.707107 -71.770210
brush 0.400 0.410 0.430
plane -1.000000 0.000000 -0.000000 8.839200
plane 1.000000 0.000000 -0.000000 -8.128000
plane 0.000000 0.000000 1.000000 -40.639999
plane 0.000000 0.000000 -1.000000 42.265598
plane 0.000000 -1.000000 -0.000000 -0.673124
plane 0.000000 1.000000 -0.000000 1.422400
plane -0.447214 0.894427 -0.000000 4.907186
plane 0.202569 -0.979268 -0.000000 -2.341662
plane -0.593830 -0.804591 -0.000000 4.390645
brush 0.400 0.410 0.430
plane -1.000000 0.000000 -0.000000 9.626600
plane 1.000000 0.000000 -0.000000 -8.128000
plane 0.000000 0.000000 1.000000 -40.639999
plane 0.000000 0.000000 -1.000000 42.265598
plane 0.000000 -1.000000 -0.000000 -1.066800
plane 0.000000 1.000000 -0.000000 1.422400
plane -0.770031 0.638006 -0.000000 8.263561
plane 0.447214 -0.894427 -0.000000 -4.907186
plane -0.320804 -0.947146 -0.000000 1.825239
brush 0.400 0.410 0.430
plane -1.000000 0.000000 -0.000000 10.566400
plane 1.000000 0.000000 -0.000000 -9.552889
plane 0.000000 0.000000 1.000000 -40.639999
plane 0.000000 0.000000 -1.000000 42.265598
plane 0.000000 -1.000000 -0.000000 -1.333456
plane 0.000000 1.000000 -0.000000 1.422400
plane -0.094214 -0.995552 -0.000000 -0.420568
plane 0.770156 -0.637855 -0.000000 -8.264544
brush 0.400 0.410 0.430
plane -1.000000 0.000000 -0.000000 11.579899
plane 1.000000 0.000000 -0.000000 -10.566400
plane 0.000000 0.000000 1.000000 -40.639999
plane 0.000000 0.000000 -1.000000 42.265598
plane 0.000000 -1.000000 -0.000000 -1.333456
plane 0.000000 1.000000 -0.000000 1.422400
plane 0.094134 -0.995560 -0.000000 -2.410743
plane -0.769670 -0.638442 0.000000 8.004593
brush 0.400 0.410 0.430
plane -1.000000 0.000000 -0.000000 13.004800
plane 1.000000 0.000000 -0.000000 -11.506200
plane 0.000000 0.000000 1.000000 -40.639999
plane 0.000000 0.000000 -1.000000 42.265598
plane 0.000000 -1.000000 -0.000000 -1.066800
plane 0.000000 1.000000 -0.000000 1.422400
plane -0.447214 -0.894427 -0.000000 4.543691
plane 0.769849 0.638226 0.000000 -8.006975
plane 0.320793 -0.947149 -0.000000 -4.954123
brush 0.400 0.410 0.430
plane -1.000000 0.000000 -0.000000 13.004800
plane 1.000000 0.000000 -0.000000 -12.293600
plane 0.000000 0.000000 1.000000 -40.639999
plane 0.000000 0.000000 -1.000000 42.265598
plane 0.000000 -1.000000 -0.000000 -0.673124
plane 0.000000 1.000000 -0.000000 1.422400
plane 0.447214 0.894427 -0.000000 -4.543691
plane -0.202716 -0.979238 -0.000000 1.941134
plane 0.593870 -0.804561 -0.000000 -8.159101
brush 0.400 0.410 0.430
plane -1.000000 0.000000 -0.000000 -17.983200
plane 1.000000 0.000000 -0.000000 18.694399
plane 0.000000 0.000000 1.000000 -17.881599
plane 0.000000 0.000000 -1.000000 19.507200
plane 0.000000 -1.000000 -0.000000 -3.517919
plane 0.000000 1.000000 -0.000000 4.267200
plane -0.447214 0.894427 -0.000000 -4.543691
plane -0.593827 -0.804592 0.000000 -13.826159
plane 0.202568 -0.979268 -0.000000 0.305884
brush 0.400 0.410 0.430
plane -1.000000 0.000000 -0.000000 -17.195799
plane 1.000000 0.000000 -0.000000 18.694399
plane 0.000000 0.000000 1.000000 -17.881599
plane 0.000000 0.000000 -1.000000 19.507200
plane 0.000000 -1.000000 -0.000000 -3.911600
plane 0.000000 1.000000 -0.000000 4.267200
plane -0.769913 0.638148 -0.000000 -10.572901
plane 0.447214 -0.894427 -0.000000 4.543691
plane -0.320807 -0.947145 0.000000 -9.474201
brush 0.400 0.410 0.430
plane -1.000000 0.000000 -0.000000 -16.256001
plane 1.000000 0.000000 -0.000000 17.269545
plane 0.000000 0.000000 1.000000 -17.881599
plane 0.000000 0.000000 -1.000000 19.507200
plane 0.000000 -1.000000 -0.000000 -4.178264
plane 0.000000 1.000000 -0.000000 4.267200
plane -0.094201 -0.995553 0.000000 -5.779557
plane 0.769898 -0.638167 -0.000000 10.572577
brush 0.400 0.410 0.430
plane -1.000000 0.000000 -0.000000 -15.242555
plane 1.000000 0.000000 -0.000000 16.256001
plane 0.000000 0.000000 1.000000 -17.881599
plane 0.000000 0.000000 -1.000000 19.507200
plane 0.000000 -1.000000 -0.000000 -4.178264
plane 0.000000 1.000000 -0.000000 4.267200
plane 0.094174 -0.995556 -0.000000 -2.717340
plane -0.770131 -0.637886 -0.000000 -14.460759
brush 0.400 0.410 0.430
plane -1.000000 0.000000 -0.000000 -13.817600
plane 1.000000 0.000000 -0.000000 15.316200
plane 0.000000 0.000000 1.000000 -17.881599
plane 0.000000 0.000000 -1.000000 19.507200
plane 0.000000 -1.000000 -0.000000 -3.911600
plane 0.000000 1.000000 -0.000000 4.267200
plane -0.447214 -0.894427 0.000000 -9.996119
plane 0.770041 0.637995 -0.000000 14.459850
plane 0.320835 -0.947135 -0.000000 0.956528
brush 0.400 0.410 0.430
plane -1.000000 0.000000 -0.000000 -13.817600
plane 1.000000 0.000000 -0.000000 14.528800
plane 0.000000 0.000000 1.000000 -17.881599
plane 0.000000 0.000000 -1.000000 19.507200
plane 0.000000 -1.000000 -0.000000 -3.517919
plane 0.000000 1.000000 -0.000000 4.267200
plane 0.447214 0.894427 -0.000000 9.996119
plane 0.593877 -0.804556 -0.000000 5.481224
plane -0.202703 -0.979240 0.000000 -6.281760
brush 0.434 0.603 0.297
plane -1.000000 0.000000 -0.000000 13.004800
plane 1.000000 0.000000 -0.000000 -11.379200
plane 0.000000 0.000000 1.000000 9.550400
plane 0.000000 0.000000 -1.000000 4.673600
plane 0.000000 -1.000000 -0.000000 -6.350000
plane 0.000000 1.000000 -0.000000 6.604000
plane -0.093341 0.995634 -0.000000 7.637311
plane 0.093341 -0.995634 -0.000000 -7.536155
brush 0.434 0.603 0.297
plane -1.000000 0.000000 -0.000000 11.379200
plane 1.000000 0.000000 -0.000000 -9.753600
plane 0.000000 0.000000 1.000000 9.550400
plane 0.000000 0.000000 -1.000000 4.673600
plane 0.000000 -1.000000 -0.000000 -6.350000
plane 0.000000 1.000000 -0.000000 6.604000
plane 0.093341 0.995634 0.000000 5.513026
plane -0.093341 -0.995634 0.000000 -5.411870
brush 0.434 0.603 0.297
plane -1.000000 0.000000 -0.000000 -31.699200
plane 1.000000 0.000000 -0.000000 32.512001
plane 0.000000 0.000000 1.000000 -58.521599
plane 0.000000 0.000000 -1.000000 71.526398
plane 0.000000 -1.000000 -0.000000 -0.406400
plane 0.000000 1.000000 -0.000000 2.438400
plane 0.707107 0.000000 0.707107 -18.463408
brush 0.400 0.410 0.430
plane -1.000000 0.000000 -0.000000 34.137600
plane 1.000000 0.000000 -0.000000 -32.512001
plane 0.000000 0.000000 1.000000 -57.810398
plane 0.000000 0.000000 -1.000000 58.521599
plane 0.000000 -1.000000 -0.000000 -3.924268
plane 0.000000 1.000000 -0.000000 4.673600
plane 0.000000 -0.804556 0.593877 -37.806351
plane 0.000000 -0.979240 -0.202703 7.983681
plane 0.000000 0.894427 0.447214 -21.991461
brush 0.400 0.410 0.430
plane -1.000000 0.000000 -0.000000 34.137600
plane 1.000000 0.000000 -0.000000 -32.512001
plane 0.000000 0.000000 1.000000 -57.022999
plane 0.000000 0.000000 -1.000000 58.521599
plane 0.000000 -1.000000 -0.000000 -4.318000
plane 0.000000 1.000000 -0.000000 4.673600
plane 0.000000 -0.947135 0.320835 -22.637308
plane 0.000000 0.638114 0.769942 -40.978821
plane 0.000000 -0.894427 -0.447214 21.991461
brush 0.400 0.410 0.430
plane -1.000000 0.000000 -0.000000 34.137600
plane 1.000000 0.000000 -0.000000 -32.512001
plane 0.000000 0.000000 1.000000 -56.082649
plane 0.000000 0.000000 -1.000000 57.096668
plane 0.000000 -1.000000 -0.000000 -4.584676
plane 0.000000 1.000000 -0.000000 4.673600
plane 0.000000 -0.638114 -0.769942 40.978821
plane 0.000000 -0.995558 0.094147 -9.932924
brush 0.400 0.410 0.430
plane -1.000000 0.000000 -0.000000 34.137600
plane 1.000000 0.000000 -0.000000 -32.512001
plane 0.000000 0.000000 1.000000 -55.069698
plane 0.000000 0.000000 -1.000000 56.083199
plane 0.000000 -1.000000 -0.000000 -4.584676
plane 0.000000 1.000000 -0.000000 4.673600
plane 0.000000 -0.638005 0.770032 -45.387249
plane 0.000000 -0.995556 -0.094174 0.628761
brush 0.400 0.410 0.430
plane -1.000000 0.000000 -0.000000 34.137600
plane 1.000000 0.000000 -0.000000 -32.512001
plane 0.000000 0.000000 1.000000 -53.644798
plane 0.000000 0.000000 -1.000000 55.143398
plane 0.000000 -1.000000 -0.000000 -4.318000
plane 0.000000 1.000000 -0.000000 4.673600
plane 0.000000 -0.947145 -0.320807 13.348019
plane 0.000000 -0.894427 0.447214 -28.170881
plane 0.000000 0.638005 -0.770032 45.387249
brush 0.400 0.410 0.430
plane -1.000000 0.000000 -0.000000 34.137600
plane 1.000000 0.000000 -0.000000 -32.512001
plane 0.000000 0.000000 1.000000 -53.644798
plane 0.000000 0.000000 -1.000000 54.355999
plane 0.000000 -1.000000 -0.000000 -3.924268
plane 0.000000 1.000000 -0.000000 4.673600
plane 0.000000 -0.804592 -0.593827 28.803600
plane 0.000000 0.894427 -0.447214 28.170881
plane 0.000000 -0.979268 0.202568 -14.745722
brush 0.397 0.523 0.650
plane -1.000000 0.000000 -0.000000 28.854399
plane 1.000000 0.000000 -0.000000 -22.351999
plane 0.000000 0.000000 1.000000 -65.024002
plane 0.000000 0.000000 -1.000000 68.275200
plane 0.000000 -1.000000 -0.000000 2.844800
plane 0.000000 1.000000 -0.000000 9.347199
plane 0.216930 0.000000 0.976187 -68.897461
plane 0.242536 0.000000 -0.970143 59.238453
plane -0.644136 -0.000000 0.764911 -33.638313
plane 0.832050 0.000000 0.554700 -55.568535
brush 0.397 0.523 0.650
plane -1.000000 0.000000 -0.000000 10.370111
plane 1.000000 0.000000 -0.000000 -8.128000
plane 0.000000 0.000000 1.000000 -41.356533
plane 0.000000 0.000000 -1.000000 42.586193
plane 0.000000 -1.000000 -0.000000 -1.219200
plane 0.000000 1.000000 -0.000000 7.721600
plane 0.422663 -0.000000 -0.906287 34.248516
plane -0.422610 0.000000 0.906311 -34.046925
plane -0.906344 -0.000005 -0.422541 27.315420
brush 0.397 0.523 0.650
plane -1.000000 0.000000 -0.000000 -13.817600
plane 1.000000 0.000000 -0.000000 16.059713
plane 0.000000 0.000000 1.000000 -18.582369
plane 0.000000 0.000000 -1.000000 19.812000
plane 0.000000 -1.000000 -0.000000 -4.064000
plane 0.000000 1.000000 -0.000000 8.636000
plane -0.422672 0.000005 -0.906283 11.203610
plane 0.422610 -0.000000 0.906312 -11.001972
plane 0.906199 0.000005 -0.422851 22.852945
brush 0.434 0.603 0.297
plane -1.000000 0.000000 -0.000000 -31.699200
plane 1.000000 0.000000 -0.000000 32.512001
plane 0.000000 0.000000 1.000000 -58.521599
plane 0.000000 0.000000 -1.000000 71.526398
plane 0.000000 -1.000000 -0.000000 3.251200
plane 0.000000 1.000000 -0.000000 0.406400
plane 0.707107 0.000000 0.707107 -18.463408
brush 0.400 0.410 0.430
plane -1.000000 0.000000 -0.000000 3.251200
plane 1.000000 0.000000 -0.000000 13.004800
plane 0.000000 0.000000 1.000000 -12.191999
plane 0.000000 0.000000 -1.000000 17.678400
plane 0.000000 -1.000000 -0.000000 -3.251200
plane 0.000000 1.000000 -0.000000 5.689600
plane -0.707107 0.000000 0.707107 -8.046310
brush 0.397 0.523 0.650
plane -1.000000 0.000000 -0.000000 9.753600
plane 1.000000 0.000000 -0.000000 -6.502400
plane 0.000000 0.000000 1.000000 -61.772800
plane 0.000000 0.000000 -1.000000 69.494400
plane 0.000000 -1.000000 -0.000000 2.844800
plane 0.000000 1.000000 -0.000000 9.347199
plane -0.171335 0.000000 0.985213 -59.745274
brush 0.434 0.603 0.297
plane -1.000000 0.000000 -0.000000 6.299200
plane 1.000000 0.000000 -0.000000 6.502400
plane 0.000000 0.000000 1.000000 -63.398399
plane 0.000000 0.000000 -1.000000 78.028801
plane 0.000000 -1.000000 -0.000000 3.251200
plane 0.000000 1.000000 -0.000000 1.625600
plane 0.707107 0.000000 0.707107 -45.978916
plane 0.447214 0.000000 0.894427 -58.159237
plane -0.447214 0.000000 -0.894427 66.883125
brush 0.397 0.523 0.650
plane -1.000000 0.000000 -0.000000 -24.180799
plane 1.000000 0.000000 -0.000000 26.619200
plane 0.000000 0.000000 1.000000 -4.673600
plane 0.000000 0.000000 -1.000000 7.112000
plane 0.000000 -1.000000 -0.000000 -0.000000
plane 0.000000 1.000000 -0.000000 19.100800
plane 0.707107 -0.000000 -0.707107 22.127352
brush 0.397 0.523 0.650
plane -1.000000 0.000000 -0.000000 34.114758
plane 1.000000 0.000000 -0.000000 -32.512001
plane 0.000000 0.000000 1.000000 -66.446396
plane 0.000000 0.000000 -1.000000 67.121033
plane 0.000000 -1.000000 -0.000000 -4.978400
plane 0.000000 1.000000 -0.000000 7.213600
plane 0.196077 0.000000 -0.980588 59.180317
plane -0.932230 0.000000 -0.361868 55.847572
plane 0.915476 0.000000 -0.402373 -2.927354
brush 0.397 0.523 0.650
plane -1.000000 0.000000 -0.000000 34.137600
plane 1.000000 0.000000 -0.000000 -32.512001
plane 0.000000 0.000000 1.000000 -68.157516
plane 0.000000 0.000000 -1.000000 69.087997
plane 0.000000 -1.000000 -0.000000 -3.175000
plane 0.000000 1.000000 -0.000000 7.315200
plane 0.913397 0.000000 0.407069 -57.741474
plane -0.903143 -0.000000 0.429341 1.354963
brush 0.397 0.523 0.650
plane -1.000000 0.000000 -0.000000 34.518600
plane 1.000000 0.000000 -0.000000 -33.020000
plane 0.000000 0.000000 1.000000 -66.446396
plane 0.000000 0.000000 -1.000000 68.757797
plane 0.000000 -1.000000 -0.000000 -2.565400
plane 0.000000 1.000000 -0.000000 3.149600
plane -0.134364 0.990932 -0.000000 7.557728
brush 0.397 0.523 0.650
plane -1.000000 0.000000 -0.000000 34.114758
plane 1.000000 0.000000 -0.000000 -32.512001
plane 0.000000 0.000000 1.000000 -66.446396
plane 0.000000 0.000000 -1.000000 67.121033
plane 0.000000 -1.000000 -0.000000 -2.489200
plane 0.000000 1.000000 -0.000000 4.597400
plane 0.196077 0.000000 -0.980588 59.180317
plane -0.932230 0.000000 -0.361868 55.847572
plane 0.915476 0.000000 -0.402373 -2.927354
brush 0.397 0.523 0.650
plane -1.000000 0.000000 -0.000000 34.450294
plane 1.000000 0.000000 -0.000000 -33.220661
plane 0.000000 0.000000 1.000000 -53.644798
plane 0.000000 0.000000 -1.000000 55.886906
plane 0.000000 -1.000000 -0.000000 -4.572000
plane 0.000000 1.000000 -0.000000 12.395200
plane 0.906312 -0.000000 -0.422610 -7.437424
plane -0.906286 0.000000 0.422665 7.636701
plane -0.422556 0.000000 -0.906337 65.131676
brush 0.397 0.523 0.650
plane -1.000000 0.000000 -0.000000 33.428940
plane 1.000000 0.000000 -0.000000 -32.199310
plane 0.000000 0.000000 1.000000 -56.279510
plane 0.000000 0.000000 -1.000000 58.521599
plane 0.000000 -1.000000 -0.000000 -4.572000
plane 0.000000 1.000000 -0.000000 12.395200
plane 0.422556 0.000000 0.906337 -64.692047
plane 0.906286 -0.000000 -0.422665 -5.358146
plane -0.906312 0.000000 0.422610 5.565205
brush 0.397 0.523 0.650
plane -1.000000 0.000000 -0.000000 28.955999
plane 1.000000 0.000000 -0.000000 -25.603199
plane 0.000000 0.000000 1.000000 -66.344803
plane 0.000000 0.000000 -1.000000 70.898254
plane 0.000000 -1.000000 -0.000000 2.844800
plane 0.000000 1.000000 -0.000000 9.347199
plane -0.591074 0.000000 0.806617 -37.378407
plane -0.992679 0.000000 -0.120782 36.903843
plane 0.758275 0.000000 0.651935 -63.515751
brush 0.400 0.410 0.430
plane -1.000000 0.000000 -0.000000 40.639999
plane 1.000000 0.000000 -0.000000 -34.137600
plane 0.000000 0.000000 1.000000 -40.639999
plane 0.000000 0.000000 -1.000000 47.142399
plane 0.000000 -1.000000 -0.000000 -3.251200
plane 0.000000 1.000000 -0.000000 5.689600
plane -0.707107 0.000000 -0.707107 58.623203
brush 0.400 0.410 0.430
plane -1.000000 0.000000 -0.000000 40.639999
plane 1.000000 0.000000 -0.000000 -39.014400
plane 0.000000 0.000000 1.000000 -25.196800
plane 0.000000 0.000000 -1.000000 26.009600
plane 0.000000 -1.000000 -0.000000 -4.775200
plane 0.000000 1.000000 -0.000000 4.876800
plane 0.000000 -0.992278 -0.124035 -1.613047
brush 0.400 0.410 0.430
plane -1.000000 0.000000 -0.000000 47.142399
plane 1.000000 0.000000 -0.000000 -43.891201
plane 0.000000 0.000000 1.000000 -25.196800
plane 0.000000 0.000000 -1.000000 26.009600
plane 0.000000 -1.000000 -0.000000 -4.775200
plane 0.000000 1.000000 -0.000000 4.876800
plane 0.000000 -0.992278 -0.124035 -1.613047
brush 0.400 0.410 0.430
plane -1.000000 0.000000 -0.000000 40.639999
plane 1.000000 0.000000 -0.000000 -34.137600
plane 0.000000 0.000000 1.000000 -40.639999
plane 0.000000 0.000000 -1.000000 47.142399
plane 0.000000 -1.000000 -0.000000 -0.000000
plane 0.000000 1.000000 -0.000000 3.251200
plane -0.707107 0.000000 -0.707107 58.623203
brush 0.400 0.410 0.430
plane -1.000000 0.000000 -0.000000 18.288000
plane 1.000000 0.000000 -0.000000 -15.036799
plane 0.000000 0.000000 1.000000 -52.019199
plane 0.000000 0.000000 -1.000000 52.832001
plane 0.000000 -1.000000 -0.000000 -0.000000
plane 0.000000 1.000000 -0.000000 3.251200
plane 0.707107 0.000000 -0.707107 26.689322
brush 0.400 0.410 0.430
plane -1.000000 0.000000 -0.000000 18.288000
plane 1.000000 0.000000 -0.000000 -15.036799
plane 0.000000 0.000000 1.000000 -52.019199
plane 0.000000 0.000000 -1.000000 52.832001
plane 0.000000 -1.000000 -0.000000 3.251200
plane 0.000000 1.000000 -0.000000 0.000000
plane 0.707107 0.000000 -0.707107 26.689322
brush 0.400 0.410 0.430
plane -1.000000 0.000000 -0.000000 18.288000
plane 1.000000 0.000000 -0.000000 -15.036799
plane 0.000000 0.000000 1.000000 -52.019199
plane 0.000000 0.000000 -1.000000 52.832001
plane 0.000000 -1.000000 -0.000000 -3.251200
plane 0.000000 1.000000 -0.000000 5.689600
plane 0.707107 0.000000 -0.707107 26.689322
brush 0.400 0.410 0.430
plane -1.000000 0.000000 -0.000000 24.993599
plane 1.000000 0.000000 -0.000000 -19.303999
plane 0.000000 0.000000 1.000000 -35.763199
plane 0.000000 0.000000 -1.000000 36.169601
plane 0.000000 -1.000000 -0.000000 -1.977806
plane 0.000000 1.000000 -0.000000 2.032000
plane 0.000000 -0.991231 -0.132144 2.765402
brush 0.400 0.410 0.430
plane -1.000000 0.000000 -0.000000 30.886400
plane 1.000000 0.000000 -0.000000 -25.806400
plane 0.000000 0.000000 1.000000 -35.763199
plane 0.000000 0.000000 -1.000000 36.169601
plane 0.000000 -1.000000 -0.000000 -1.977806
plane 0.000000 1.000000 -0.000000 2.032000
plane 0.000000 -0.991231 -0.132144 2.765402
brush 0.400 0.410 0.430
plane -1.000000 0.000000 -0.000000 30.886400
plane 1.000000 0.000000 -0.000000 -13.817600
plane 0.000000 0.000000 1.000000 -34.747200
plane 0.000000 0.000000 -1.000000 35.763199
plane 0.000000 -1.000000 -0.000000 -1.842368
plane 0.000000 1.000000 -0.000000 2.032000
plane 0.000000 -0.991229 -0.132156 2.765833
brush 0.400 0.410 0.430
plane -1.000000 0.000000 -0.000000 30.886400
plane 1.000000 0.000000 -0.000000 -13.817600
plane 0.000000 0.000000 1.000000 -36.576000
plane 0.000000 0.000000 -1.000000 37.591999
plane 0.000000 -1.000000 -0.000000 -1.842368
plane 0.000000 1.000000 -0.000000 2.032000
plane 0.000000 -0.991229 0.132156 -6.794198
brush 0.400 0.410 0.430
plane -1.000000 0.000000 -0.000000 18.491199
plane 1.000000 0.000000 -0.000000 -13.817600
plane 0.000000 0.000000 1.000000 -36.169601
plane 0.000000 0.000000 -1.000000 36.576000
plane 0.000000 -1.000000 -0.000000 -1.977806
plane 0.000000 1.000000 -0.000000 2.032000
plane -0.000000 -0.991222 0.132204 -6.795946
brush 0.400 0.410 0.430
plane -1.000000 0.000000 -0.000000 24.993599
plane 1.000000 0.000000 -0.000000 -19.303999
plane 0.000000 0.000000 1.000000 -36.169601
plane 0.000000 0.000000 -1.000000 36.576000
plane 0.000000 -1.000000 -0.000000 -1.977806
plane 0.000000 1.000000 -0.000000 2.032000
plane -0.000000 -0.991222 0.132204 -6.795946
brush 0.400 0.410 0.430
plane -1.000000 0.000000 -0.000000 30.886400
plane 1.000000 0.000000 -0.000000 -25.806400
plane 0.000000 0.000000 1.000000 -36.169601
plane 0.000000 0.000000 -1.000000 36.576000
plane 0.000000 -1.000000 -0.000000 -1.977806
plane 0.000000 1.000000 -0.000000 2.032000
plane 0.000000 -0.991231 0.132144 -6.793763
brush 0.434 0.603 0.297
plane -1.000000 0.000000 -0.000000 18.694399
plane 1.000000 0.000000 -0.000000 -16.256001
plane 0.000000 0.000000 1.000000 -3.251200
plane 0.000000 0.000000 -1.000000 6.502400
plane 0.000000 -1.000000 -0.000000 -0.000000
plane 0.000000 1.000000 -0.000000 4.876800
plane 0.707107 -0.000000 -0.707107 -8.046310
brush 0.434 0.603 0.297
plane -1.000000 0.000000 -0.000000 18.694399
plane 1.000000 0.000000 -0.000000 -16.256001
plane 0.000000 0.000000 1.000000 -3.251200
plane 0.000000 0.000000 -1.000000 6.502400
plane 0.000000 -1.000000 -0.000000 -4.876800
plane 0.000000 1.000000 -0.000000 8.128000
plane 0.707107 -0.000000 -0.707107 -8.046310
brush 0.434 0.603 0.297
plane -1.000000 0.000000 -0.000000 18.694399
plane 1.000000 0.000000 -0.000000 -16.256001
plane 0.000000 0.000000 1.000000 0.000000
plane 0.000000 0.000000 -1.000000 3.251200
plane 0.000000 -1.000000 -0.000000 -0.000000
plane 0.000000 1.000000 -0.000000 4.876800
plane 0.707107 0.000000 0.707107 -12.644201
brush 0.434 0.603 0.297
plane -1.000000 0.000000 -0.000000 18.694399
plane 1.000000 0.000000 -0.000000 -16.256001
plane 0.000000 0.000000 1.000000 0.000000
plane 0.000000 0.000000 -1.000000 3.251200
plane 0.000000 -1.000000 -0.000000 -4.876800
plane 0.000000 1.000000 -0.000000 8.128000
plane 0.707107 0.000000 0.707107 -12.644201
brush 0.434 0.603 0.297
plane -1.000000 0.000000 -0.000000 18.694399
plane 1.000000 0.000000 -0.000000 -16.256001
plane 0.000000 0.000000 1.000000 -13.004800
plane 0.000000 0.000000 -1.000000 16.256001
plane 0.000000 -1.000000 -0.000000 -0.000000
plane 0.000000 1.000000 -0.000000 4.876800
plane 0.707107 0.000000 0.707107 -21.839985
brush 0.434 0.603 0.297
plane -1.000000 0.000000 -0.000000 18.694399
plane 1.000000 0.000000 -0.000000 -16.256001
plane 0.000000 0.000000 1.000000 -13.004800
plane 0.000000 0.000000 -1.000000 16.256001
plane 0.000000 -1.000000 -0.000000 -4.876800
plane 0.000000 1.000000 -0.000000 8.128000
plane 0.707107 0.000000 0.707107 -21.839985
brush 0.434 0.603 0.297
plane -1.000000 0.000000 -0.000000 18.694399
plane 1.000000 0.000000 -0.000000 -16.256001
plane 0.000000 0.000000 1.000000 -16.256001
plane 0.000000 0.000000 -1.000000 19.507200
plane 0.000000 -1.000000 -0.000000 -0.000000
plane 0.000000 1.000000 -0.000000 4.876800
plane 0.707107 -0.000000 -0.707107 1.149473
brush 0.434 0.603 0.297
plane -1.000000 0.000000 -0.000000 18.694399
plane 1.000000 0.000000 -0.000000 -16.256001
plane 0.000000 0.000000 1.000000 -16.256001
plane 0.000000 0.000000 -1.000000 19.507200
plane 0.000000 -1.000000 -0.000000 -4.876800
plane 0.000000 1.000000 -0.000000 8.128000
plane 0.707107 -0.000000 -0.707107 1.149473
brush 0.400 0.410 0.430
plane -1.000000 0.000000 -0.000000 35.763199
plane 1.000000 0.000000 -0.000000 -33.324799
plane 0.000000 0.000000 1.000000 6.502400
plane 0.000000 0.000000 -1.000000 -4.064000
plane 0.000000 -1.000000 -0.000000 -3.251200
plane 0.000000 1.000000 -0.000000 4.876800
plane 0.948683 0.000000 0.316228 -30.329531
plane -0.316228 0.000000 -0.948683 6.682778
plane -0.707107 -0.000000 0.707107 28.736820
brush 0.400 0.410 0.430
plane -1.000000 0.000000 -0.000000 35.763199
plane 1.000000 0.000000 -0.000000 -33.324799
plane 0.000000 0.000000 1.000000 6.502400
plane 0.000000 0.000000 -1.000000 -4.064000
plane 0.000000 -1.000000 -0.000000 -4.876800
plane 0.000000 1.000000 -0.000000 8.128000
plane -0.707107 -0.000000 0.707107 28.736820
plane 0.948683 0.000000 0.316228 -30.329531
plane -0.316228 0.000000 -0.948683 6.682778
brush 0.434 0.603 0.297
plane -1.000000 0.000000 -0.000000 34.137600
plane 1.000000 0.000000 -0.000000 -29.260799
plane 0.000000 0.000000 1.000000 6.502400
plane 0.000000 0.000000 -1.000000 -4.064000
plane 0.000000 -1.000000 -0.000000 -3.251200
plane 0.000000 1.000000 -0.000000 4.876800
plane 0.707107 0.000000 0.707107 -17.242094
plane -0.948683 0.000000 -0.316228 30.329531
brush 0.400 0.410 0.430
plane -1.000000 0.000000 -0.000000 34.137600
plane 1.000000 0.000000 -0.000000 -29.260799
plane 0.000000 0.000000 1.000000 6.502400
plane 0.000000 0.000000 -1.000000 -4.064000
plane 0.000000 -1.000000 -0.000000 -4.876800
plane 0.000000 1.000000 -0.000000 8.128000
plane 0.707107 0.000000 0.707107 -17.242094
plane -0.948683 0.000000 -0.316228 30.329531
brush 0.400 0.410 0.430
plane -1.000000 0.000000 -0.000000 35.763199
plane 1.000000 0.000000 -0.000000 -33.324799
plane 0.000000 0.000000 1.000000 4.876800
plane 0.000000 0.000000 -1.000000 -0.000000
plane 0.000000 -1.000000 -0.000000 -4.876800
plane 0.000000 1.000000 -0.000000 8.128000
plane 0.316228 0.000000 0.948683 -6.682778
plane -0.707107 0.000000 -0.707107 24.138929
brush 0.400 0.410 0.430
plane -1.000000 0.000000 -0.000000 35.763199
plane 1.000000 0.000000 -0.000000 -33.324799
plane 0.000000 0.000000 1.000000 4.876800
plane 0.000000 0.000000 -1.000000 -0.000000
plane 0.000000 -1.000000 -0.000000 -0.000000
plane 0.000000 1.000000 -0.000000 3.251200
plane 0.316228 0.000000 0.948683 -6.682778
plane -0.707107 0.000000 -0.707107 24.138929
brush 0.400 0.410 0.430
plane -1.000000 0.000000 -0.000000 35.763199
plane 1.000000 0.000000 -0.000000 -33.324799
plane 0.000000 0.000000 1.000000 4.876800
plane 0.000000 0.000000 -1.000000 -3.251200
plane 0.000000 -1.000000 -0.000000 -3.251200
plane 0.000000 1.000000 -0.000000 4.876800
plane 0.316228 0.000000 0.948683 -6.682778
brush 0.400 0.410 0.430
plane -1.000000 0.000000 -0.000000 35.763199
plane 1.000000 0.000000 -0.000000 -33.324799
plane 0.000000 0.000000 1.000000 3.251200
plane 0.000000 0.000000 -1.000000 -0.000000
plane 0.000000 -1.000000 -0.000000 -3.251200
plane 0.000000 1.000000 -0.000000 4.876800
plane -0.707107 0.000000 -0.707107 24.138929
brush 0.400 0.410 0.430
plane -1.000000 0.000000 -0.000000 35.763199
plane 1.000000 0.000000 -0.000000 -33.324799
plane 0.000000 0.000000 1.000000 -15.443200
plane 0.000000 0.000000 -1.000000 18.694399
plane 0.000000 -1.000000 -0.000000 -4.876800
plane 0.000000 1.000000 -0.000000 8.128000
plane -0.707107 -0.000000 0.707107 13.218938
brush 0.400 0.410 0.430
plane -1.000000 0.000000 -0.000000 35.763199
plane 1.000000 0.000000 -0.000000 -33.324799
plane 0.000000 0.000000 1.000000 -15.443200
plane 0.000000 0.000000 -1.000000 18.694399
plane 0.000000 -1.000000 -0.000000 -0.000000
plane 0.000000 1.000000 -0.000000 3.251200
plane -0.707107 -0.000000 0.707107 13.218938
brush 0.400 0.410 0.430
plane -1.000000 0.000000 -0.000000 35.763199
plane 1.000000 0.000000 -0.000000 -33.324799
plane 0.000000 0.000000 1.000000 -15.443200
plane 0.000000 0.000000 -1.000000 18.694399
plane 0.000000 -1.000000 -0.000000 -3.251200
plane 0.000000 1.000000 -0.000000 4.876800
plane -0.707107 -0.000000 0.707107 13.218938
brush 0.400 0.410 0.430
plane -1.000000 0.000000 -0.000000 9.753600
plane 1.000000 0.000000 -0.000000 3.251200
plane 0.000000 0.000000 1.000000 8.940800
plane 0.000000 0.000000 -1.000000 -6.502400
plane 0.000000 -1.000000 -0.000000 -6.502400
plane 0.000000 1.000000 -0.000000 6.908800
plane 0.707107 0.000000 0.707107 6.896837
plane -0.707107 0.000000 0.707107 11.494729
brush 0.400 0.410 0.430
plane -1.000000 0.000000 -0.000000 9.753600
plane 1.000000 0.000000 -0.000000 3.251200
plane 0.000000 0.000000 1.000000 -4.876800
plane 0.000000 0.000000 -1.000000 7.315200
plane 0.000000 -1.000000 -0.000000 -2.438400
plane 0.000000 1.000000 -0.000000 3.657600
plane 0.707107 0.000000 -0.707107 5.747365
plane -0.707107 0.000000 -0.707107 10.345256
brush 0.400 0.410 0.430
plane -1.000000 0.000000 -0.000000 9.753600
plane 1.000000 0.000000 -0.000000 3.251200
plane 0.000000 0.000000 1.000000 -4.876800
plane 0.000000 0.000000 -1.000000 7.315200
plane 0.000000 -1.000000 -0.000000 -3.657600
plane 0.000000 1.000000 -0.000000 6.908800
plane 0.707107 0.000000 -0.707107 5.747365
plane -0.707107 0.000000 -0.707107 10.345256
brush 0.400 0.410 0.430
plane -1.000000 0.000000 -0.000000 9.753600
plane 1.000000 0.000000 -0.000000 3.251200
plane 0.000000 0.000000 1.000000 -4.876800
plane 0.000000 0.000000 -1.000000 7.315200
plane 0.000000 -1.000000 -0.000000 -0.000000
plane 0.000000 1.000000 -0.000000 2.438400
plane 0.707107 0.000000 -0.707107 5.747365
plane -0.707107 0.000000 -0.707107 10.345256
brush 0.400 0.410 0.430
plane -1.000000 0.000000 -0.000000 9.753600
plane 1.000000 0.000000 -0.000000 3.251200
plane 0.000000 0.000000 1.000000 12.191999
plane 0.000000 0.000000 -1.000000 -8.940800
plane 0.000000 -1.000000 -0.000000 -3.251200
plane 0.000000 1.000000 -0.000000 6.502400
plane -0.707107 0.000000 0.707107 13.793674
plane 0.707107 0.000000 0.707107 9.195783
brush 0.400 0.410 0.430
plane -1.000000 0.000000 -0.000000 9.753600
plane 1.000000 0.000000 -0.000000 3.251200
plane 0.000000 0.000000 1.000000 12.191999
plane 0.000000 0.000000 -1.000000 -8.940800
plane 0.000000 -1.000000 -0.000000 -0.000000
plane 0.000000 1.000000 -0.000000 3.251200
plane -0.707107 0.000000 0.707107 13.793674
plane 0.707107 0.000000 0.707107 9.195783
brush 0.400 0.410 0.430
plane -1.000000 0.000000 -0.000000 -32.512001
plane 1.000000 0.000000 -0.000000 32.808727
plane 0.000000 0.000000 1.000000 -0.812800
plane 0.000000 0.000000 -1.000000 7.315200
plane 0.000000 -1.000000 -0.000000 0.609600
plane 0.000000 1.000000 -0.000000 -0.306134
plane 0.123030 0.992403 -0.000000 3.696138
plane 0.668506 -0.743707 -0.000000 22.187817
brush 0.400 0.410 0.430
plane -1.000000 0.000000 -0.000000 -32.512001
plane 1.000000 0.000000 -0.000000 33.697689
plane 0.000000 0.000000 1.000000 -0.812800
plane 0.000000 0.000000 -1.000000 7.315200
plane 0.000000 -1.000000 -0.000000 0.342924
plane 0.000000 1.000000 -0.000000 0.406400
plane 0.287272 0.957849 -0.000000 9.729066
plane -0.123114 -0.992393 0.000000 -3.698888
plane 0.404948 -0.914340 -0.000000 13.599358
brush 0.400 0.410 0.430
plane -1.000000 0.000000 -0.000000 -32.512001
plane 1.000000 0.000000 -0.000000 35.009327
plane 0.000000 0.000000 1.000000 -0.812800
plane 0.000000 0.000000 -1.000000 7.315200
plane 0.000000 -1.000000 -0.000000 -0.050800
plane 0.000000 1.000000 -0.000000 0.406400
plane -0.287272 -0.957849 -0.000000 -9.729066
plane 0.587577 0.809168 -0.000000 20.827583
plane 0.199254 -0.979948 -0.000000 6.664614
brush 0.400 0.410 0.430
plane -1.000000 0.000000 -0.000000 -34.886898
plane 1.000000 0.000000 -0.000000 36.576000
plane 0.000000 0.000000 1.000000 -0.812800
plane 0.000000 0.000000 -1.000000 7.315200
plane 0.000000 -1.000000 -0.000000 -0.317525
plane 0.000000 1.000000 -0.000000 0.406400
plane 0.056637 -0.998395 -0.000000 1.665813
plane -0.587467 -0.809248 -0.000000 -20.823780
brush 0.400 0.410 0.430
plane -1.000000 0.000000 -0.000000 -36.576000
plane 1.000000 0.000000 -0.000000 38.265148
plane 0.000000 0.000000 1.000000 -0.812800
plane 0.000000 0.000000 -1.000000 7.315200
plane 0.000000 -1.000000 -0.000000 -0.317525
plane 0.000000 1.000000 -0.000000 0.406400
plane -0.056669 -0.998393 0.000000 -2.478488
plane 0.587687 -0.809088 -0.000000 22.159081
brush 0.400 0.410 0.430
plane -1.000000 0.000000 -0.000000 -38.142662
plane 1.000000 0.000000 -0.000000 40.639999
plane 0.000000 0.000000 1.000000 -0.812800
plane 0.000000 0.000000 -1.000000 7.315200
plane 0.000000 -1.000000 -0.000000 -0.050800
plane 0.000000 1.000000 -0.000000 0.406400
plane -0.587577 0.809168 -0.000000 -22.154842
plane 0.287385 -0.957815 -0.000000 11.290085
plane -0.199180 -0.979963 0.000000 -7.908389
brush 0.400 0.410 0.430
plane -1.000000 0.000000 -0.000000 -39.454781
plane 1.000000 0.000000 -0.000000 40.639999
plane 0.000000 0.000000 1.000000 -0.812800
plane 0.000000 0.000000 -1.000000 7.315200
plane 0.000000 -1.000000 -0.000000 0.342924
plane 0.000000 1.000000 -0.000000 0.406400
plane -0.287385 0.957815 -0.000000 -11.290085
plane 0.123238 -0.992377 -0.000000 5.312164
plane -0.404904 -0.914359 0.000000 -16.021883
brush 0.400 0.410 0.430
plane -1.000000 0.000000 -0.000000 -40.343796
plane 1.000000 0.000000 -0.000000 40.639999
plane 0.000000 0.000000 1.000000 -0.812800
plane 0.000000 0.000000 -1.000000 7.315200
plane 0.000000 -1.000000 -0.000000 0.609600
plane 0.000000 1.000000 -0.000000 -0.306134
plane -0.669210 -0.743073 -0.000000 -26.743721
plane -0.123238 0.992377 -0.000000 -5.312164
brush 0.415 0.474 0.466
plane -1.000000 0.000000 -0.000000 -41.706799
plane 1.000000 0.000000 -0.000000 43.535599
plane 0.000000 0.000000 1.000000 -25.501600
plane 0.000000 0.000000 -1.000000 26.212799
plane 0.000000 -1.000000 -0.000000 -1.625600
plane 0.000000 1.000000 -0.000000 1.828800
plane 0.832004 -0.000000 -0.554770 50.369305
plane -0.832004 0.000000 -0.554770 -20.552708
brush 0.415 0.474 0.466
plane -1.000000 0.000000 -0.000000 -41.706799
plane 1.000000 0.000000 -0.000000 42.181042
plane 0.000000 0.000000 1.000000 -25.501600
plane 0.000000 0.000000 -1.000000 26.212799
plane 0.000000 -1.000000 -0.000000 -1.625600
plane 0.000000 1.000000 -0.000000 1.828800
plane 0.832004 0.000000 0.554770 20.552708
brush 0.415 0.474 0.466
plane -1.000000 0.000000 -0.000000 -43.061344
plane 1.000000 0.000000 -0.000000 43.535599
plane 0.000000 0.000000 1.000000 -25.501600
plane 0.000000 0.000000 -1.000000 26.212799
plane 0.000000 -1.000000 -0.000000 -1.625600
plane 0.000000 1.000000 -0.000000 1.828800
plane -0.832004 0.000000 0.554770 -50.369305
brush 0.400 0.410 0.430
plane -1.000000 0.000000 -0.000000 -13.817600
plane 1.000000 0.000000 -0.000000 14.528800
plane 0.000000 0.000000 1.000000 -6.502400
plane 0.000000 0.000000 -1.000000 8.128000
plane 0.000000 -1.000000 -0.000000 -3.924268
plane 0.000000 1.000000 -0.000000 4.673600
plane 0.447214 0.894427 0.000000 10.359614
plane 0.593877 -0.804556 -0.000000 5.154253
plane -0.202703 -0.979240 0.000000 -6.679722
brush 0.400 0.410 0.430
plane -1.000000 0.000000 -0.000000 -13.817600
plane 1.000000 0.000000 -0.000000 15.316200
plane 0.000000 0.000000 1.000000 -6.502400
plane 0.000000 0.000000 -1.000000 8.128000
plane 0.000000 -1.000000 -0.000000 -4.318000
plane 0.000000 1.000000 -0.000000 4.673600
plane -0.447214 -0.894427 -0.000000 -10.359614
plane 0.770170 0.637839 -0.000000 14.720407
plane 0.320862 -0.947126 -0.000000 0.572047
brush 0.400 0.410 0.430
plane -1.000000 0.000000 -0.000000 -15.242555
plane 1.000000 0.000000 -0.000000 16.256001
plane 0.000000 0.000000 1.000000 -6.502400
plane 0.000000 0.000000 -1.000000 8.128000
plane 0.000000 -1.000000 -0.000000 -4.584676
plane 0.000000 1.000000 -0.000000 4.673600
plane 0.094201 -0.995553 -0.000000 -3.121485
plane -0.770221 -0.637777 -0.000000 -14.720861
brush 0.400 0.410 0.430
plane -1.000000 0.000000 -0.000000 -16.256001
plane 1.000000 0.000000 -0.000000 17.269545
plane 0.000000 0.000000 1.000000 -6.502400
plane 0.000000 0.000000 -1.000000 8.128000
plane 0.000000 -1.000000 -0.000000 -4.584676
plane 0.000000 1.000000 -0.000000 4.673600
plane -0.094201 -0.995553 0.000000 -6.184150
plane 0.769680 -0.638429 -0.000000 10.308280
brush 0.400 0.410 0.430
plane -1.000000 0.000000 -0.000000 -17.195799
plane 1.000000 0.000000 -0.000000 18.694399
plane 0.000000 0.000000 1.000000 -6.502400
plane 0.000000 0.000000 -1.000000 8.128000
plane 0.000000 -1.000000 -0.000000 -4.318000
plane 0.000000 1.000000 -0.000000 4.673600
plane -0.769808 0.638276 -0.000000 -10.311158
plane 0.447214 -0.894427 -0.000000 4.180195
plane -0.320807 -0.947145 0.000000 -9.858909
brush 0.400 0.410 0.430
plane -1.000000 0.000000 -0.000000 -17.983200
plane 1.000000 0.000000 -0.000000 18.694399
plane 0.000000 0.000000 1.000000 -6.502400
plane 0.000000 0.000000 -1.000000 8.128000
plane 0.000000 -1.000000 -0.000000 -3.924268
plane 0.000000 1.000000 -0.000000 4.673600
plane -0.447214 0.894427 -0.000000 -4.180195
plane -0.593827 -0.804592 0.000000 -14.153145
plane 0.202568 -0.979268 -0.000000 -0.092090
brush 0.434 0.603 0.297
plane -1.000000 0.000000 -0.000000 8.128000
plane 1.000000 0.000000 -0.000000 -3.251200
plane 0.000000 0.000000 1.000000 -39.014400
plane 0.000000 0.000000 -1.000000 40.639999
plane 0.000000 -1.000000 -0.000000 -4.876800
plane 0.000000 1.000000 -0.000000 8.128000
plane 0.707107 0.000000 0.707107 -31.035767
plane -0.707107 0.000000 0.707107 -22.989458
brush 0.400 0.410 0.430
plane -1.000000 0.000000 -0.000000 8.128000
plane 1.000000 0.000000 -0.000000 -3.251200
plane 0.000000 0.000000 1.000000 -40.639999
plane 0.000000 0.000000 -1.000000 43.891201
plane 0.000000 -1.000000 -0.000000 -4.876800
plane 0.000000 1.000000 -0.000000 8.128000
plane -0.707107 0.000000 -0.707107 35.633514
plane -0.316228 0.000000 0.948683 -37.526371
plane 0.707107 0.000000 -0.707107 26.437876
brush 0.400 0.410 0.430
plane -1.000000 0.000000 -0.000000 8.128000
plane 1.000000 0.000000 -0.000000 -3.251200
plane 0.000000 0.000000 1.000000 -40.639999
plane 0.000000 0.000000 -1.000000 42.265598
plane 0.000000 -1.000000 -0.000000 -4.876800
plane 0.000000 1.000000 -0.000000 8.128000
plane 0.316228 0.000000 -0.948683 37.526371
brush 0.400 0.410 0.430
plane -1.000000 0.000000 -0.000000 8.128000
plane 1.000000 0.000000 -0.000000 -3.251200
plane 0.000000 0.000000 1.000000 -39.014400
plane 0.000000 0.000000 -1.000000 40.639999
plane 0.000000 -1.000000 -0.000000 -2.844800
plane 0.000000 1.000000 -0.000000 4.876800
plane 0.707107 0.000000 0.707107 -31.035767
plane -0.707107 0.000000 0.707107 -22.989458
brush 0.400 0.410 0.430
plane -1.000000 0.000000 -0.000000 8.128000
plane 1.000000 0.000000 -0.000000 -3.251200
plane 0.000000 0.000000 1.000000 -39.014400
plane 0.000000 0.000000 -1.000000 40.639999
plane 0.000000 -1.000000 -0.000000 -0.000000
plane 0.000000 1.000000 -0.000000 2.844800
plane -0.707107 0.000000 0.707107 -22.989458
plane 0.707107 0.000000 0.707107 -31.035767
brush 0.400 0.410 0.430
plane -1.000000 0.000000 -0.000000 8.128000
plane 1.000000 0.000000 -0.000000 -3.251200
plane 0.000000 0.000000 1.000000 -40.639999
plane 0.000000 0.000000 -1.000000 43.891201
plane 0.000000 -1.000000 -0.000000 -2.844800
plane 0.000000 1.000000 -0.000000 4.876800
plane -0.707107 0.000000 -0.707107 35.633514
plane 0.707107 0.000000 -0.707107 26.437876
plane -0.316228 0.000000 0.948683 -37.526371
brush 0.400 0.410 0.430
plane -1.000000 0.000000 -0.000000 8.128000
plane 1.000000 0.000000 -0.000000 -3.251200
plane 0.000000 0.000000 1.000000 -40.639999
plane 0.000000 0.000000 -1.000000 42.265598
plane 0.000000 -1.000000 -0.000000 -2.844800
plane 0.000000 1.000000 -0.000000 4.876800
plane 0.316228 0.000000 -0.948683 37.526371
brush 0.400 0.410 0.430
plane -1.000000 0.000000 -0.000000 8.128000
plane 1.000000 0.000000 -0.000000 -3.251200
plane 0.000000 0.000000 1.000000 -40.639999
plane 0.000000 0.000000 -1.000000 43.891201
plane 0.000000 -1.000000 -0.000000 -0.000000
plane 0.000000 1.000000 -0.000000 2.844800
plane -0.316228 0.000000 0.948683 -37.526371
plane 0.707107 0.000000 -0.707107 26.437876
plane -0.707107 0.000000 -0.707107 35.633514
brush 0.400 0.410 0.430
plane -1.000000 0.000000 -0.000000 8.128000
plane 1.000000 0.000000 -0.000000 -3.251200
plane 0.000000 0.000000 1.000000 -40.639999
plane 0.000000 0.000000 -1.000000 42.265598
plane 0.000000 -1.000000 -0.000000 -0.000000
plane 0.000000 1.000000 -0.000000 2.844800
plane 0.316228 0.000000 -0.948683 37.526371
brush 0.400 0.410 0.430
plane -1.000000 0.000000 -0.000000 8.128000
plane 1.000000 0.000000 -0.000000 -3.251200
plane 0.000000 0.000000 1.000000 -39.014400
plane 0.000000 0.000000 -1.000000 40.639999
plane 0.000000 -1.000000 -0.000000 3.251200
plane 0.000000 1.000000 -0.000000 0.000000
plane 0.707107 0.000000 0.707107 -31.035767
plane -0.707107 0.000000 0.707107 -22.989458
brush 0.400 0.410 0.430
plane -1.000000 0.000000 -0.000000 8.128000
plane 1.000000 0.000000 -0.000000 -3.251200
plane 0.000000 0.000000 1.000000 -40.639999
plane 0.000000 0.000000 -1.000000 42.265598
plane 0.000000 -1.000000 -0.000000 3.251200
plane 0.000000 1.000000 -0.000000 0.000000
plane 0.316228 0.000000 -0.948683 37.526371
brush 0.400 0.410 0.430
plane -1.000000 0.000000 -0.000000 8.128000
plane 1.000000 0.000000 -0.000000 -3.251200
plane 0.000000 0.000000 1.000000 -40.639999
plane 0.000000 0.000000 -1.000000 43.891201
plane 0.000000 -1.000000 -0.000000 3.251200
plane 0.000000 1.000000 -0.000000 0.000000
plane -0.707107 0.000000 -0.707107 35.633514
plane -0.316228 0.000000 0.948683 -37.526371
plane 0.707107 0.000000 -0.707107 26.437876
brush 0.400 0.410 0.430
plane -1.000000 0.000000 -0.000000 -5.689600
plane 1.000000 0.000000 -0.000000 7.315200
plane 0.000000 0.000000 1.000000 -50.799999
plane 0.000000 0.000000 -1.000000 53.238400
plane 0.000000 -1.000000 -0.000000 -4.876800
plane 0.000000 1.000000 -0.000000 8.128000
plane 0.707107 0.000000 -0.707107 41.668388
brush 0.400 0.410 0.430
plane -1.000000 0.000000 -0.000000 -5.689600
plane 1.000000 0.000000 -0.000000 7.315200
plane 0.000000 0.000000 1.000000 -50.799999
plane 0.000000 0.000000 -1.000000 53.238400
plane 0.000000 -1.000000 -0.000000 -2.438400
plane 0.000000 1.000000 -0.000000 4.876800
plane 0.707107 0.000000 -0.707107 41.668388
brush 0.400 0.410 0.430
plane -1.000000 0.000000 -0.000000 -5.689600
plane 1.000000 0.000000 -0.000000 7.315200
plane 0.000000 0.000000 1.000000 -48.361599
plane 0.000000 0.000000 -1.000000 50.799999
plane 0.000000 -1.000000 -0.000000 -2.438400
plane 0.000000 1.000000 -0.000000 4.876800
plane 0.707107 0.000000 0.707107 -30.173660
brush 0.400 0.410 0.430
plane -1.000000 0.000000 -0.000000 -5.689600
plane 1.000000 0.000000 -0.000000 7.315200
plane 0.000000 0.000000 1.000000 -48.361599
plane 0.000000 0.000000 -1.000000 50.799999
plane 0.000000 -1.000000 -0.000000 -4.876800
plane 0.000000 1.000000 -0.000000 8.128000
plane 0.707107 0.000000 0.707107 -30.173660
brush 0.400 0.410 0.430
plane -1.000000 0.000000 -0.000000 -2.438400
plane 1.000000 0.000000 -0.000000 5.689600
plane 0.000000 0.000000 1.000000 -48.361599
plane 0.000000 0.000000 -1.000000 53.238400
plane 0.000000 -1.000000 -0.000000 -7.315200
plane 0.000000 1.000000 -0.000000 8.128000
plane -0.707107 0.000000 -0.707107 34.771557
plane -0.707107 -0.000000 0.707107 -37.070499
brush 0.400 0.410 0.430
plane -1.000000 0.000000 -0.000000 -5.689600
plane 1.000000 0.000000 -0.000000 7.315200
plane 0.000000 0.000000 1.000000 -67.665596
plane 0.000000 0.000000 -1.000000 70.103996
plane 0.000000 -1.000000 -0.000000 -4.876800
plane 0.000000 1.000000 -0.000000 8.128000
plane 0.707107 0.000000 -0.707107 53.594002
brush 0.400 0.410 0.430
plane -1.000000 0.000000 -0.000000 -5.689600
plane 1.000000 0.000000 -0.000000 7.315200
plane 0.000000 0.000000 1.000000 -67.665596
plane 0.000000 0.000000 -1.000000 70.103996
plane 0.000000 -1.000000 -0.000000 -2.438400
plane 0.000000 1.000000 -0.000000 4.876800
plane 0.707107 0.000000 -0.707107 53.594002
brush 0.400 0.410 0.430
plane -1.000000 0.000000 -0.000000 -5.689600
plane 1.000000 0.000000 -0.000000 7.315200
plane 0.000000 0.000000 1.000000 -65.227196
plane 0.000000 0.000000 -1.000000 67.665596
plane 0.000000 -1.000000 -0.000000 -2.438400
plane 0.000000 1.000000 -0.000000 4.876800
plane 0.707107 0.000000 0.707107 -42.099442
brush 0.400 0.410 0.430
plane -1.000000 0.000000 -0.000000 -5.689600
plane 1.000000 0.000000 -0.000000 7.315200
plane 0.000000 0.000000 1.000000 -65.227196
plane 0.000000 0.000000 -1.000000 67.665596
plane 0.000000 -1.000000 -0.000000 -4.876800
plane 0.000000 1.000000 -0.000000 8.128000
plane 0.707107 0.000000 0.707107 -42.099442
brush 0.400 0.410 0.430
plane -1.000000 0.000000 -0.000000 -2.438400
plane 1.000000 0.000000 -0.000000 5.689600
plane 0.000000 0.000000 1.000000 -65.227196
plane 0.000000 0.000000 -1.000000 70.103996
plane 0.000000 -1.000000 -0.000000 -7.315200
plane 0.000000 1.000000 -0.000000 8.128000
plane -0.707107 0.000000 -0.707107 46.697334
plane -0.707107 -0.000000 0.707107 -48.996281
brush 0.400 0.410 0.430
plane -1.000000 0.000000 -0.000000 -1.625600
plane 1.000000 0.000000 -0.000000 4.876800
plane 0.000000 0.000000 1.000000 -40.639999
plane 0.000000 0.000000 -1.000000 43.891201
plane 0.000000 -1.000000 -0.000000 -7.315200
plane 0.000000 1.000000 -0.000000 8.128000
plane 0.707107 0.000000 0.707107 -27.587347
plane -0.707107 0.000000 -0.707107 28.736820
brush 0.400 0.410 0.430
plane -1.000000 0.000000 -0.000000 -1.625600
plane 1.000000 0.000000 -0.000000 6.502400
plane 0.000000 0.000000 1.000000 -39.014400
plane 0.000000 0.000000 -1.000000 40.639999
plane 0.000000 -1.000000 -0.000000 -4.876800
plane 0.000000 1.000000 -0.000000 8.128000
plane -0.707107 0.000000 0.707107 -29.886292
plane 0.707107 0.000000 0.707107 -24.138929
brush 0.400 0.410 0.430
plane -1.000000 0.000000 -0.000000 -1.625600
plane 1.000000 0.000000 -0.000000 6.502400
plane 0.000000 0.000000 1.000000 -40.639999
plane 0.000000 0.000000 -1.000000 43.891201
plane 0.000000 -1.000000 -0.000000 -4.876800
plane 0.000000 1.000000 -0.000000 8.128000
plane 0.707107 0.000000 -0.707107 34.484188
plane 0.316228 0.000000 0.948683 -38.040432
plane -0.707107 0.000000 -0.707107 27.587347
brush 0.400 0.410 0.430
plane -1.000000 0.000000 -0.000000 -1.625600
plane 1.000000 0.000000 -0.000000 6.502400
plane 0.000000 0.000000 1.000000 -40.639999
plane 0.000000 0.000000 -1.000000 42.265598
plane 0.000000 -1.000000 -0.000000 -4.876800
plane 0.000000 1.000000 -0.000000 8.128000
plane -0.316228 0.000000 -0.948683 38.040432
brush 0.400 0.410 0.430
plane -1.000000 0.000000 -0.000000 -1.625600
plane 1.000000 0.000000 -0.000000 6.502400
plane 0.000000 0.000000 1.000000 -39.014400
plane 0.000000 0.000000 -1.000000 40.639999
plane 0.000000 -1.000000 -0.000000 -2.844800
plane 0.000000 1.000000 -0.000000 4.876800
plane -0.707107 0.000000 0.707107 -29.886292
plane 0.707107 0.000000 0.707107 -24.138929
brush 0.400 0.410 0.430
plane -1.000000 0.000000 -0.000000 -1.625600
plane 1.000000 0.000000 -0.000000 6.502400
plane 0.000000 0.000000 1.000000 -39.014400
plane 0.000000 0.000000 -1.000000 40.639999
plane 0.000000 -1.000000 -0.000000 -0.000000
plane 0.000000 1.000000 -0.000000 2.844800
plane 0.707107 0.000000 0.707107 -24.138929
plane -0.707107 0.000000 0.707107 -29.886292
brush 0.400 0.410 0.430
plane -1.000000 0.000000 -0.000000 -1.625600
plane 1.000000 0.000000 -0.000000 6.502400
plane 0.000000 0.000000 1.000000 -40.639999
plane 0.000000 0.000000 -1.000000 43.891201
plane 0.000000 -1.000000 -0.000000 -2.844800
plane 0.000000 1.000000 -0.000000 4.876800
plane 0.707107 0.000000 -0.707107 34.484188
plane -0.707107 0.000000 -0.707107 27.587347
plane 0.316228 0.000000 0.948683 -38.040432
brush 0.400 0.410 0.430
plane -1.000000 0.000000 -0.000000 -1.625600
plane 1.000000 0.000000 -0.000000 6.502400
plane 0.000000 0.000000 1.000000 -40.639999
plane 0.000000 0.000000 -1.000000 42.265598
plane 0.000000 -1.000000 -0.000000 -2.844800
plane 0.000000 1.000000 -0.000000 4.876800
plane -0.316228 0.000000 -0.948683 38.040432
brush 0.400 0.410 0.430
plane -1.000000 0.000000 -0.000000 -1.625600
plane 1.000000 0.000000 -0.000000 6.502400
plane 0.000000 0.000000 1.000000 -40.639999
plane 0.000000 0.000000 -1.000000 43.891201
plane 0.000000 -1.000000 -0.000000 -0.000000
plane 0.000000 1.000000 -0.000000 2.844800
plane 0.316228 0.000000 0.948683 -38.040432
plane -0.707107 0.000000 -0.707107 27.587347
plane 0.707107 0.000000 -0.707107 34.484188
brush 0.400 0.410 0.430
plane -1.000000 0.000000 -0.000000 -1.625600
plane 1.000000 0.000000 -0.000000 6.502400
plane 0.000000 0.000000 1.000000 -40.639999
plane 0.000000 0.000000 -1.000000 42.265598
plane 0.000000 -1.000000 -0.000000 -0.000000
plane 0.000000 1.000000 -0.000000 2.844800
plane -0.316228 0.000000 -0.948683 38.040432
brush 0.400 0.410 0.430
plane -1.000000 0.000000 -0.000000 -1.625600
plane 1.000000 0.000000 -0.000000 6.502400
plane 0.000000 0.000000 1.000000 -39.014400
plane 0.000000 0.000000 -1.000000 40.639999
plane 0.000000 -1.000000 -0.000000 3.251200
plane 0.000000 1.000000 -0.000000 0.000000
plane -0.707107 0.000000 0.707107 -29.886292
plane 0.707107 0.000000 0.707107 -24.138929
brush 0.400 0.410 0.430
plane -1.000000 0.000000 -0.000000 -1.625600
plane 1.000000 0.000000 -0.000000 6.502400
plane 0.000000 0.000000 1.000000 -40.639999
plane 0.000000 0.000000 -1.000000 42.265598
plane 0.000000 -1.000000 -0.000000 3.251200
plane 0.000000 1.000000 -0.000000 0.000000
plane -0.316228 0.000000 -0.948683 38.040432
brush 0.400 0.410 0.430
plane -1.000000 0.000000 -0.000000 -1.625600
plane 1.000000 0.000000 -0.000000 6.502400
plane 0.000000 0.000000 1.000000 -40.639999
plane 0.000000 0.000000 -1.000000 43.891201
plane 0.000000 -1.000000 -0.000000 3.251200
plane 0.000000 1.000000 -0.000000 0.000000
plane 0.707107 0.000000 -0.707107 34.484188
plane 0.316228 0.000000 0.948683 -38.040432
plane -0.707107 0.000000 -0.707107 27.587347
brush 0.400 0.410 0.430
plane -1.000000 0.000000 -0.000000 -9.753600
plane 1.000000 0.000000 -0.000000 11.785600
plane 0.000000 0.000000 1.000000 16.256001
plane 0.000000 0.000000 -1.000000 -9.753600
plane 0.000000 -1.000000 -0.000000 -2.844800
plane 0.000000 1.000000 -0.000000 5.689600
plane -0.707107 0.000000 -0.707107 -13.865516
brush 0.400 0.410 0.430
plane -1.000000 0.000000 -0.000000 -9.753600
plane 1.000000 0.000000 -0.000000 11.785600
plane 0.000000 0.000000 1.000000 16.256001
plane 0.000000 0.000000 -1.000000 -9.753600
plane 0.000000 -1.000000 -0.000000 -0.000000
plane 0.000000 1.000000 -0.000000 2.844800
plane -0.707107 0.000000 -0.707107 -13.865516
brush 0.400 0.410 0.430
plane -1.000000 0.000000 -0.000000 -165.724304
plane 1.000000 0.000000 -0.000000 167.843201
plane 0.000000 0.000000 1.000000 -55.664291
plane 0.000000 0.000000 -1.000000 57.708797
plane 0.000000 -1.000000 -0.000000 37.045898
plane 0.000000 1.000000 -0.000000 -35.420300
plane 0.499921 0.000000 0.866071 34.995384
plane -0.865992 0.000000 0.500058 -171.967270
plane 0.866037 -0.000000 -0.499980 173.595734
plane -0.500039 0.000000 -0.866003 -33.596455
brush 0.400 0.410 0.430
plane -1.000000 0.000000 -0.000000 2.438400
plane 1.000000 0.000000 -0.000000 13.004800
plane 0.000000 0.000000 1.000000 -13.004800
plane 0.000000 0.000000 -1.000000 33.324799
plane 0.000000 -1.000000 -0.000000 -5.689600
plane 0.000000 1.000000 -0.000000 8.940800
plane -0.707107 0.000000 -0.707107 23.564192
plane -0.707107 0.000000 0.707107 -9.195783
brush 0.415 0.474 0.466
plane -1.000000 0.000000 -0.000000 -44.399200
plane 1.000000 0.000000 -0.000000 45.110401
plane 0.000000 0.000000 1.000000 -10.904978
plane 0.000000 0.000000 -1.000000 11.379200
plane 0.000000 -1.000000 -0.000000 -1.600200
plane 0.000000 1.000000 -0.000000 1.803400
plane -0.554769 -0.000000 0.832004 -34.098846
brush 0.415 0.474 0.466
plane -1.000000 0.000000 -0.000000 -44.399200
plane 1.000000 0.000000 -0.000000 45.110401
plane 0.000000 0.000000 1.000000 -9.550400
plane 0.000000 0.000000 -1.000000 10.024618
plane 0.000000 -1.000000 -0.000000 -1.600200
plane 0.000000 1.000000 -0.000000 1.803400
plane -0.554769 0.000000 -0.832004 -16.685328
brush 0.415 0.474 0.466
plane -1.000000 0.000000 -0.000000 -44.399200
plane 1.000000 0.000000 -0.000000 45.110401
plane 0.000000 0.000000 1.000000 -9.550400
plane 0.000000 0.000000 -1.000000 11.379200
plane 0.000000 -1.000000 -0.000000 -1.600200
plane 0.000000 1.000000 -0.000000 1.803400
plane 0.554769 0.000000 0.832004 16.685328
plane 0.554810 0.000000 -0.831977 34.100349
brush 0.474 0.479 0.466
plane -1.000000 0.000000 -0.000000 -39.928799
plane 1.000000 0.000000 -0.000000 41.452801
plane 0.000000 0.000000 1.000000 -20.726400
plane 0.000000 0.000000 -1.000000 22.250401
plane 0.000000 -1.000000 -0.000000 -0.406400
plane 0.000000 1.000000 -0.000000 0.609600
plane -0.707107 0.000000 -0.707107 -13.578147
brush 0.474 0.479 0.466
plane -1.000000 0.000000 -0.000000 -39.928799
plane 1.000000 0.000000 -0.000000 41.452801
plane 0.000000 0.000000 1.000000 -20.726400
plane 0.000000 0.000000 -1.000000 24.790400
plane 0.000000 -1.000000 -0.000000 -0.406400
plane 0.000000 1.000000 -0.000000 0.609600
plane 0.707107 -0.000000 -0.707107 45.763386
plane 0.707107 0.000000 0.707107 13.578147
brush 0.474 0.479 0.466
plane -1.000000 0.000000 -0.000000 -39.928799
plane 1.000000 0.000000 -0.000000 41.452801
plane 0.000000 0.000000 1.000000 -23.266399
plane 0.000000 0.000000 -1.000000 24.790400
plane 0.000000 -1.000000 -0.000000 -0.406400
plane 0.000000 1.000000 -0.000000 0.609600
plane -0.707107 0.000000 0.707107 -45.763386
brush 0.474 0.479 0.466
plane -1.000000 0.000000 -0.000000 -39.928799
plane 1.000000 0.000000 -0.000000 41.452801
plane 0.000000 0.000000 1.000000 -20.726400
plane 0.000000 0.000000 -1.000000 24.790400
plane 0.000000 -1.000000 -0.000000 -0.203200
plane 0.000000 1.000000 -0.000000 0.406400
plane 0.707107 -0.000000 -0.707107 45.763386
plane 0.707107 0.000000 0.707107 13.578147
brush 0.474 0.479 0.466
plane -1.000000 0.000000 -0.000000 -39.928799
plane 1.000000 0.000000 -0.000000 41.452801
plane 0.000000 0.000000 1.000000 -20.726400
plane 0.000000 0.000000 -1.000000 22.250401
plane 0.000000 -1.000000 -0.000000 -0.203200
plane 0.000000 1.000000 -0.000000 0.406400
plane -0.707107 0.000000 -0.707107 -13.578147
brush 0.474 0.479 0.466
plane -1.000000 0.000000 -0.000000 -39.928799
plane 1.000000 0.000000 -0.000000 41.452801
plane 0.000000 0.000000 1.000000 -23.266399
plane 0.000000 0.000000 -1.000000 24.790400
plane 0.000000 -1.000000 -0.000000 -0.203200
plane 0.000000 1.000000 -0.000000 0.406400
plane -0.707107 0.000000 0.707107 -45.763386
brush 0.400 0.410 0.430
plane -1.000000 0.000000 -0.000000 -30.886400
plane 1.000000 0.000000 -0.000000 31.597599
plane 0.000000 0.000000 1.000000 -40.335201
plane 0.000000 0.000000 -1.000000 40.809456
plane 0.000000 -1.000000 -0.000000 0.101600
plane 0.000000 1.000000 -0.000000 0.101600
plane 0.554770 -0.000000 -0.832004 51.088436
brush 0.400 0.410 0.430
plane -1.000000 0.000000 -0.000000 -30.886400
plane 1.000000 0.000000 -0.000000 31.597282
plane 0.000000 0.000000 1.000000 -41.689991
plane 0.000000 0.000000 -1.000000 42.163998
plane 0.000000 -1.000000 -0.000000 0.101600
plane 0.000000 1.000000 -0.000000 0.101600
plane 0.554770 0.000000 0.832004 -17.551399
brush 0.400 0.410 0.430
plane -1.000000 0.000000 -0.000000 -30.886400
plane 1.000000 0.000000 -0.000000 31.597599
plane 0.000000 0.000000 1.000000 -40.335201
plane 0.000000 0.000000 -1.000000 42.163998
plane 0.000000 -1.000000 -0.000000 0.101600
plane 0.000000 1.000000 -0.000000 0.101600
plane -0.554770 0.000000 0.832004 -51.088436
plane -0.554770 0.000000 -0.832004 17.551399
brush 0.415 0.474 0.466
plane -1.000000 0.000000 -0.000000 -40.944801
plane 1.000000 0.000000 -0.000000 41.655998
plane 0.000000 0.000000 1.000000 -39.962570
plane 0.000000 0.000000 -1.000000 40.436798
plane 0.000000 -1.000000 -0.000000 -0.304800
plane 0.000000 1.000000 -0.000000 0.508000
plane -0.554770 -0.000000 0.832004 -56.358513
brush 0.415 0.474 0.466
plane -1.000000 0.000000 -0.000000 -40.944801
plane 1.000000 0.000000 -0.000000 41.655998
plane 0.000000 0.000000 1.000000 -38.607998
plane 0.000000 0.000000 -1.000000 39.082298
plane 0.000000 -1.000000 -0.000000 -0.304800
plane 0.000000 1.000000 -0.000000 0.508000
plane -0.554770 0.000000 -0.832004 9.407075
brush 0.415 0.474 0.466
plane -1.000000 0.000000 -0.000000 -40.944801
plane 1.000000 0.000000 -0.000000 41.655998
plane 0.000000 0.000000 1.000000 -38.607998
plane 0.000000 0.000000 -1.000000 40.436798
plane 0.000000 -1.000000 -0.000000 -0.304800
plane 0.000000 1.000000 -0.000000 0.508000
plane 0.554770 0.000000 0.832004 -9.407075
plane 0.554770 0.000000 -0.832004 56.358513
brush 0.400 0.410 0.430
plane -1.000000 0.000000 -0.000000 -156.390854
plane 1.000000 0.000000 -0.000000 158.333725
plane 0.000000 0.000000 1.000000 -52.743832
plane 0.000000 0.000000 -1.000000 54.686970
plane 0.000000 -1.000000 -0.000000 34.607498
plane 0.000000 1.000000 -0.000000 -34.201099
plane -0.866147 0.000000 -0.499789 -108.741081
plane -0.500114 -0.000000 0.865960 -124.503410
plane 0.866072 0.000000 0.499920 110.144852
plane 0.500039 0.000000 -0.866003 125.915924
brush 0.400 0.410 0.430
plane -1.000000 0.000000 -0.000000 -156.390854
plane 1.000000 0.000000 -0.000000 158.435333
plane 0.000000 0.000000 1.000000 -52.743832
plane 0.000000 0.000000 -1.000000 54.862988
plane 0.000000 -1.000000 -0.000000 36.233101
plane 0.000000 1.000000 -0.000000 -34.607498
plane 0.866072 0.000000 0.499920 110.144852
plane -0.500114 -0.000000 0.865960 -124.503410
plane 0.500114 -0.000000 -0.865960 126.128746
plane -0.866073 0.000000 -0.499918 -108.722527
brush 0.400 0.410 0.430
plane -1.000000 0.000000 -0.000000 -154.643051
plane 1.000000 0.000000 -0.000000 156.613129
plane 0.000000 0.000000 1.000000 -49.513458
plane 0.000000 0.000000 -1.000000 51.707043
plane 0.000000 -1.000000 -0.000000 34.810699
plane 0.000000 1.000000 -0.000000 -34.607498
plane -0.866047 0.000000 -0.499963 -108.868439
plane -0.499995 0.000000 0.866029 -120.728714
plane 0.866105 0.000000 0.499861 110.101845
plane 0.500083 -0.000000 -0.865978 122.568741
brush 0.400 0.410 0.430
plane -1.000000 0.000000 -0.000000 -154.541458
plane 1.000000 0.000000 -0.000000 156.714981
plane 0.000000 0.000000 1.000000 -49.337669
plane 0.000000 0.000000 -1.000000 51.883057
plane 0.000000 -1.000000 -0.000000 36.576000
plane 0.000000 1.000000 -0.000000 -34.810699
plane -0.499995 -0.000000 0.866029 -120.525703
plane 0.866025 0.000000 0.500001 110.082199
plane -0.866025 0.000000 -0.500001 -108.862984
plane 0.499995 0.000000 -0.866029 122.760887
brush 0.400 0.410 0.430
plane -1.000000 0.000000 -0.000000 -153.850571
plane 1.000000 0.000000 -0.000000 155.793686
plane 0.000000 0.000000 1.000000 -47.992519
plane 0.000000 0.000000 -1.000000 49.935646
plane 0.000000 -1.000000 -0.000000 34.810699
plane 0.000000 1.000000 -0.000000 -34.404301
plane -0.866037 0.000000 -0.499980 -108.889389
plane -0.499980 -0.000000 0.866037 -119.101456
plane 0.866037 0.000000 0.499980 110.311836
plane 0.499980 0.000000 -0.866037 120.523918
brush 0.400 0.410 0.430
plane -1.000000 0.000000 -0.000000 -153.850571
plane 1.000000 0.000000 -0.000000 155.895309
plane 0.000000 0.000000 1.000000 -47.992519
plane 0.000000 0.000000 -1.000000 50.111671
plane 0.000000 -1.000000 -0.000000 36.436298
plane 0.000000 1.000000 -0.000000 -34.810699
plane 0.866043 0.000000 0.499970 110.313225
plane -0.499980 -0.000000 0.866037 -119.101456
plane 0.500059 -0.000000 -0.865991 120.737259
plane -0.865973 0.000000 -0.500090 -108.874245
brush 0.400 0.410 0.430
plane -1.000000 0.000000 -0.000000 -153.444443
plane 1.000000 0.000000 -0.000000 154.980911
plane 0.000000 0.000000 1.000000 -47.640457
plane 0.000000 0.000000 -1.000000 48.879768
plane 0.000000 -1.000000 -0.000000 36.639500
plane 0.000000 1.000000 -0.000000 -35.013901
plane -0.500193 0.000000 0.865914 -118.620514
plane 0.866082 0.000000 0.499902 110.146591
plane 0.499980 -0.000000 -0.866037 119.203102
plane -0.866163 0.000000 -0.499762 -108.743385
brush 0.400 0.410 0.430
plane -1.000000 0.000000 -0.000000 -152.709366
plane 1.000000 0.000000 -0.000000 154.500351
plane 0.000000 0.000000 1.000000 -46.774086
plane 0.000000 0.000000 -1.000000 48.453300
plane 0.000000 -1.000000 -0.000000 36.639500
plane 0.000000 1.000000 -0.000000 -35.217098
plane -0.500114 0.000000 0.865960 -117.492668
plane 0.865957 0.000000 0.500119 109.913925
plane 0.499980 -0.000000 -0.866037 118.593491
plane -0.865900 0.000000 -0.500217 -108.477974
brush 0.400 0.410 0.430
plane -1.000000 0.000000 -0.000000 -153.057358
plane 1.000000 0.000000 -0.000000 155.027649
plane 0.000000 0.000000 1.000000 -44.328838
plane 0.000000 0.000000 -1.000000 46.522129
plane 0.000000 -1.000000 -0.000000 33.591499
plane 0.000000 1.000000 -0.000000 -33.388298
plane -0.866012 0.000000 -0.500023 -110.079247
plane -0.499990 0.000000 0.866031 -115.445259
plane 0.866012 0.000000 0.500023 111.298470
plane 0.499990 -0.000000 -0.866031 117.273972
brush 0.400 0.410 0.430
plane -1.000000 0.000000 -0.000000 -152.955765
plane 1.000000 0.000000 -0.000000 155.129288
plane 0.000000 0.000000 1.000000 -44.152779
plane 0.000000 0.000000 -1.000000 46.698158
plane 0.000000 -1.000000 -0.000000 37.388798
plane 0.000000 1.000000 -0.000000 -33.591499
plane -0.499990 -0.000000 0.866031 -115.242020
plane 0.865996 0.000000 0.500051 111.294838
plane -0.866025 0.000000 -0.500001 -110.082199
plane 0.500147 0.000000 -0.865941 117.497086
brush 0.400 0.410 0.430
plane -1.000000 0.000000 -0.000000 -160.100494
plane 1.000000 0.000000 -0.000000 162.043365
plane 0.000000 0.000000 1.000000 -45.939938
plane 0.000000 0.000000 -1.000000 47.883064
plane 0.000000 -1.000000 -0.000000 36.436298
plane 0.000000 1.000000 -0.000000 -36.029900
plane -0.866192 0.000000 -0.499712 -115.365593
plane -0.499980 -0.000000 0.866037 -120.448692
plane 0.866068 0.000000 0.499927 116.758194
plane 0.500035 0.000000 -0.866005 121.878189
brush 0.400 0.410 0.430
plane -1.000000 0.000000 -0.000000 -160.100494
plane 1.000000 0.000000 -0.000000 162.144958
plane 0.000000 0.000000 1.000000 -45.939938
plane 0.000000 0.000000 -1.000000 48.059090
plane 0.000000 -1.000000 -0.000000 38.061901
plane 0.000000 1.000000 -0.000000 -36.436298
plane 0.866069 0.000000 0.499924 116.758537
plane -0.499980 -0.000000 0.866037 -120.448692
plane 0.500035 -0.000000 -0.866005 122.081429
plane -0.866178 0.000000 -0.499736 -115.362213
brush 0.400 0.410 0.430
plane -1.000000 0.000000 -0.000000 -159.795700
plane 1.000000 0.000000 -0.000000 161.332413
plane 0.000000 0.000000 1.000000 -45.411880
plane 0.000000 0.000000 -1.000000 46.651169
plane 0.000000 -1.000000 -0.000000 38.061901
plane 0.000000 1.000000 -0.000000 -36.436298
plane -0.500056 0.000000 0.865993 -119.849045
plane 0.865906 0.000000 0.500207 116.719177
plane 0.499980 0.000000 -0.866037 120.448692
plane -0.866082 0.000000 -0.499902 -115.339157
brush 0.400 0.410 0.430
plane -1.000000 0.000000 -0.000000 -157.137878
plane 1.000000 0.000000 -0.000000 158.928299
plane 0.000000 0.000000 1.000000 -49.828957
plane 0.000000 0.000000 -1.000000 51.508152
plane 0.000000 -1.000000 -0.000000 36.829998
plane 0.000000 1.000000 -0.000000 -35.217098
plane -0.500056 0.000000 0.865993 -122.345100
plane 0.866053 0.000000 0.499952 112.244308
plane 0.499980 -0.000000 -0.866037 123.453018
plane -0.866149 0.000000 -0.499786 -110.845596
brush 0.400 0.410 0.430
plane -1.000000 0.000000 -0.000000 -156.335968
plane 1.000000 0.000000 -0.000000 158.380463
plane 0.000000 0.000000 1.000000 -50.878464
plane 0.000000 0.000000 -1.000000 52.997616
plane 0.000000 -1.000000 -0.000000 36.233101
plane 0.000000 1.000000 -0.000000 -34.810699
plane -0.499980 0.000000 0.866037 -122.843437
plane 0.866070 0.000000 0.499923 111.029427
plane 0.500035 -0.000000 -0.866005 124.475815
plane -0.866178 0.000000 -0.499735 -109.633621
brush 0.400 0.410 0.430
plane -1.000000 0.000000 -0.000000 -157.133545
plane 1.000000 0.000000 -0.000000 159.103836
plane 0.000000 0.000000 1.000000 -47.586647
plane 0.000000 0.000000 -1.000000 49.779930
plane 0.000000 -1.000000 -0.000000 37.795200
plane 0.000000 1.000000 -0.000000 -34.505901
plane -0.866012 0.000000 -0.500023 -111.980301
plane -0.499990 0.000000 0.866031 -120.304665
plane 0.866012 0.000000 0.500023 113.199516
plane 0.499990 -0.000000 -0.866031 122.133377
brush 0.400 0.410 0.430
plane -1.000000 0.000000 -0.000000 -157.423599
plane 1.000000 0.000000 -0.000000 159.597168
plane 0.000000 0.000000 1.000000 -44.838116
plane 0.000000 0.000000 -1.000000 47.383533
plane 0.000000 -1.000000 -0.000000 37.795200
plane 0.000000 1.000000 -0.000000 -34.607498
plane -0.499990 -0.000000 0.866031 -118.069382
plane 0.866025 0.000000 0.500001 114.828018
plane -0.866025 0.000000 -0.500001 -113.608803
plane 0.499990 0.000000 -0.866031 120.304665
brush 0.400 0.410 0.430
plane -1.000000 0.000000 -0.000000 -160.580307
plane 1.000000 0.000000 -0.000000 162.523178
plane 0.000000 0.000000 1.000000 -55.936367
plane 0.000000 0.000000 -1.000000 57.879246
plane 0.000000 -1.000000 -0.000000 34.607498
plane 0.000000 1.000000 -0.000000 -34.201099
plane -0.866072 0.000000 -0.499920 -110.754776
plane -0.499980 -0.000000 0.866037 -129.345871
plane 0.866072 0.000000 0.499920 112.177238
plane 0.499980 0.000000 -0.866037 130.767960
brush 0.400 0.410 0.430
plane -1.000000 0.000000 -0.000000 -160.580307
plane 1.000000 0.000000 -0.000000 162.625015
plane 0.000000 0.000000 1.000000 -55.936367
plane 0.000000 0.000000 -1.000000 58.055309
plane 0.000000 -1.000000 -0.000000 36.639500
plane 0.000000 1.000000 -0.000000 -34.607498
plane 0.866003 0.000000 0.500039 112.159531
plane -0.499980 -0.000000 0.866037 -129.345871
plane 0.499901 -0.000000 -0.866083 130.961075
plane -0.866072 0.000000 -0.499920 -110.754776
brush 0.400 0.410 0.430
plane -1.000000 0.000000 -0.000000 -160.274979
plane 1.000000 0.000000 -0.000000 161.812256
plane 0.000000 0.000000 1.000000 -55.408306
plane 0.000000 0.000000 -1.000000 56.647610
plane 0.000000 -1.000000 -0.000000 36.639500
plane 0.000000 1.000000 -0.000000 -34.607498
plane -0.499959 0.000000 0.866049 -128.733459
plane 0.866082 0.000000 0.499902 112.179932
plane 0.499980 0.000000 -0.866037 129.345871
plane -0.865616 0.000000 -0.500708 -110.637054
brush 0.400 0.410 0.430
plane -1.000000 0.000000 -0.000000 -160.244522
plane 1.000000 0.000000 -0.000000 162.034988
plane 0.000000 0.000000 1.000000 -54.135777
plane 0.000000 0.000000 -1.000000 55.814739
plane 0.000000 -1.000000 -0.000000 36.639500
plane 0.000000 1.000000 -0.000000 -34.810699
plane -0.499980 0.000000 0.866037 -127.618576
plane 0.866092 0.000000 0.499885 112.791702
plane 0.500056 -0.000000 -0.865993 128.745773
plane -0.865996 0.000000 -0.500052 -111.344711
brush 0.400 0.410 0.430
plane -1.000000 0.000000 -0.000000 -158.688004
plane 1.000000 0.000000 -0.000000 160.732208
plane 0.000000 0.000000 1.000000 -55.679832
plane 0.000000 0.000000 -1.000000 57.798729
plane 0.000000 -1.000000 -0.000000 35.890198
plane 0.000000 1.000000 -0.000000 -33.832798
plane -0.499846 0.000000 0.866114 -128.160446
plane 0.866139 0.000000 0.499804 110.683807
plane 0.500135 -0.000000 -0.865947 129.822571
plane -0.866042 0.000000 -0.499971 -109.236763
brush 0.400 0.410 0.430
plane -1.000000 0.000000 -0.000000 -158.731201
plane 1.000000 0.000000 -0.000000 160.904709
plane 0.000000 0.000000 1.000000 -52.530239
plane 0.000000 0.000000 -1.000000 55.075607
plane 0.000000 -1.000000 -0.000000 36.436298
plane 0.000000 1.000000 -0.000000 -35.013901
plane -0.499990 -0.000000 0.866031 -125.384789
plane 0.866025 0.000000 0.500001 112.114349
plane -0.866025 0.000000 -0.500001 -110.895119
plane 0.499990 0.000000 -0.866031 127.619995
brush 0.400 0.410 0.430
plane -1.000000 0.000000 -0.000000 -156.620453
plane 1.000000 0.000000 -0.000000 157.622803
plane 0.000000 0.000000 1.000000 -52.215763
plane 0.000000 0.000000 -1.000000 53.144958
plane 0.000000 -1.000000 -0.000000 35.826698
plane 0.000000 1.000000 -0.000000 -33.528000
plane -0.500047 0.000000 0.865998 -123.885078
plane 0.865897 0.000000 0.500222 110.101410
plane -0.863827 0.000000 -0.503789 -108.784416
plane 0.499713 -0.000000 -0.866191 124.452362
brush 0.400 0.410 0.430
plane -1.000000 0.000000 -0.000000 -156.422592
plane 1.000000 0.000000 -0.000000 158.596161
plane 0.000000 0.000000 1.000000 -41.681400
plane 0.000000 0.000000 -1.000000 44.226997
plane 0.000000 -1.000000 -0.000000 37.185600
plane 0.000000 1.000000 -0.000000 -35.420300
plane -0.500083 -0.000000 0.865978 -114.847511
plane 0.865977 0.000000 0.500085 115.528107
plane -0.866025 0.000000 -0.500001 -114.320137
plane 0.499995 0.000000 -0.866029 117.071075
brush 0.400 0.410 0.430
plane -1.000000 0.000000 -0.000000 -161.698425
plane 1.000000 0.000000 -0.000000 163.871948
plane 0.000000 0.000000 1.000000 -49.194153
plane 0.000000 0.000000 -1.000000 51.739544
plane 0.000000 -1.000000 -0.000000 37.998398
plane 0.000000 1.000000 -0.000000 -36.334698
plane -0.499995 0.000000 0.866029 -123.979851
plane 0.866025 0.000000 0.500001 116.352066
plane -0.866025 0.000000 -0.500001 -115.132851
plane 0.499995 -0.000000 -0.866029 126.215057
brush 0.400 0.410 0.430
plane -1.000000 0.000000 -0.000000 -154.460190
plane 1.000000 0.000000 -0.000000 155.837891
plane 0.000000 0.000000 1.000000 -49.375034
plane 0.000000 0.000000 -1.000000 50.287701
plane 0.000000 -1.000000 -0.000000 35.013901
plane 0.000000 1.000000 -0.000000 -34.988499
plane -0.865524 0.000000 -0.500867 -108.589790
plane -0.499996 -0.000000 0.866028 -120.627586
plane 0.865210 0.000000 0.501409 109.987297
plane 0.500126 0.000000 -0.865953 120.847206
plane 0.865196 0.000000 0.501434 109.983765
brush 0.400 0.410 0.430
plane -1.000000 0.000000 -0.000000 -151.907486
plane 1.000000 0.000000 -0.000000 153.952515
plane 0.000000 0.000000 1.000000 -47.823860
plane 0.000000 0.000000 -1.000000 49.942772
plane 0.000000 -1.000000 -0.000000 36.982399
plane 0.000000 1.000000 -0.000000 -33.489899
plane -0.499980 0.000000 0.866037 -117.983894
plane 0.865934 0.000000 0.500158 108.689140
plane 0.499901 -0.000000 -0.866083 119.599548
plane -0.866004 0.000000 -0.500038 -107.283051
brush 0.400 0.410 0.430
plane -1.000000 0.000000 -0.000000 -154.549057
plane 1.000000 0.000000 -0.000000 156.593552
plane 0.000000 0.000000 1.000000 -52.399151
plane 0.000000 0.000000 -1.000000 54.518063
plane 0.000000 -1.000000 -0.000000 35.217098
plane 0.000000 1.000000 -0.000000 -33.794701
plane -0.499901 0.000000 0.866083 -123.257195
plane 0.866178 0.000000 0.499736 108.748459
plane 0.500001 -0.000000 -0.866025 124.895195
plane -0.865934 0.000000 -0.500159 -107.265648
brush 0.400 0.410 0.430
plane -1.000000 0.000000 -0.000000 -249.475998
plane 1.000000 0.000000 -0.000000 251.418839
plane 0.000000 0.000000 1.000000 -2.352804
plane 0.000000 0.000000 -1.000000 4.295648
plane 0.000000 -1.000000 -0.000000 32.575500
plane 0.000000 1.000000 -0.000000 -32.169098
plane -0.499922 0.000000 -0.866071 -121.613808
plane -0.866113 -0.000000 0.499848 -217.866196
plane 0.499981 0.000000 0.866036 123.051224
plane 0.865992 0.000000 -0.500057 219.258942
brush 0.434 0.603 0.297
plane -1.000000 0.000000 -0.000000 -249.475998
plane 1.000000 0.000000 -0.000000 251.594879
plane 0.000000 0.000000 1.000000 -2.352804
plane 0.000000 0.000000 -1.000000 4.397255
plane 0.000000 -1.000000 -0.000000 34.201099
plane 0.000000 1.000000 -0.000000 -32.575500
plane 0.499974 0.000000 0.866041 123.049271
plane -0.866113 -0.000000 0.499848 -217.866196
plane 0.865992 -0.000000 -0.500057 219.462173
plane -0.499922 0.000000 -0.866071 -121.613808
brush 0.400 0.410 0.430
plane -1.000000 0.000000 -0.000000 -247.878601
plane 1.000000 0.000000 -0.000000 249.557526
plane 0.000000 0.000000 1.000000 -1.665218
plane 0.000000 0.000000 -1.000000 3.455668
plane 0.000000 -1.000000 -0.000000 34.201099
plane 0.000000 1.000000 -0.000000 -32.778698
plane -0.865992 0.000000 0.500058 -216.109467
plane 0.499882 0.000000 0.866093 122.823357
plane 0.866037 -0.000000 -0.499980 217.237869
plane -0.500054 0.000000 -0.865994 -121.444069
brush 0.400 0.410 0.430
plane -1.000000 0.000000 -0.000000 -247.708908
plane 1.000000 0.000000 -0.000000 249.827805
plane 0.000000 0.000000 1.000000 -2.974839
plane 0.000000 0.000000 -1.000000 5.019550
plane 0.000000 -1.000000 -0.000000 34.404301
plane 0.000000 1.000000 -0.000000 -32.981899
plane -0.866037 0.000000 0.499980 -216.628357
plane 0.500039 0.000000 0.866003 121.643402
plane 0.866037 -0.000000 -0.499980 218.253845
plane -0.500039 0.000000 -0.866003 -120.220978
brush 0.434 0.603 0.297
plane -1.000000 0.000000 -0.000000 -244.900452
plane 1.000000 0.000000 -0.000000 247.019318
plane 0.000000 0.000000 1.000000 0.288827
plane 0.000000 0.000000 -1.000000 1.755641
plane 0.000000 -1.000000 -0.000000 34.201099
plane 0.000000 1.000000 -0.000000 -32.575500
plane 0.500039 0.000000 0.866003 123.065414
plane -0.865993 0.000000 0.500056 -212.553604
plane 0.866069 -0.000000 -0.499925 214.197647
plane -0.499973 0.000000 -0.866041 -121.626953
brush 0.400 0.410 0.430
plane -1.000000 0.000000 -0.000000 -244.372604
plane 1.000000 0.000000 -0.000000 245.611679
plane 0.000000 0.000000 1.000000 0.593619
plane 0.000000 0.000000 -1.000000 0.942858
plane 0.000000 -1.000000 -0.000000 34.201099
plane 0.000000 1.000000 -0.000000 -32.575500
plane -0.866069 0.000000 0.499925 -211.962448
plane 0.499902 0.000000 0.866082 123.031891
plane 0.865993 0.000000 -0.500056 212.553604
plane -0.500078 0.000000 -0.865980 -121.652893
brush 0.400 0.410 0.430
plane -1.000000 0.000000 -0.000000 -243.303024
plane 1.000000 0.000000 -0.000000 244.982010
plane 0.000000 0.000000 1.000000 0.976647
plane 0.000000 0.000000 -1.000000 0.814088
plane 0.000000 -1.000000 -0.000000 34.543999
plane 0.000000 1.000000 -0.000000 -32.778698
plane -0.866037 0.000000 0.499980 -210.837036
plane 0.500226 0.000000 0.865895 122.908020
plane 0.866067 -0.000000 -0.499927 211.962128
plane -0.499958 0.000000 -0.866050 -121.420242
brush 0.400 0.410 0.430
plane -1.000000 0.000000 -0.000000 -243.133606
plane 1.000000 0.000000 -0.000000 245.252625
plane 0.000000 0.000000 1.000000 -0.333306
plane 0.000000 0.000000 -1.000000 2.377954
plane 0.000000 -1.000000 -0.000000 35.356800
plane 0.000000 1.000000 -0.000000 -33.388298
plane -0.866037 0.000000 0.499980 -211.345383
plane 0.499924 0.000000 0.866069 121.615196
plane 0.866037 -0.000000 -0.499980 212.970734
plane -0.499924 0.000000 -0.866069 -120.192528
brush 0.400 0.410 0.430
plane -1.000000 0.000000 -0.000000 -242.154648
plane 1.000000 0.000000 -0.000000 242.965714
plane 0.000000 0.000000 1.000000 3.325849
plane 0.000000 0.000000 -1.000000 -2.124412
plane 0.000000 -1.000000 -0.000000 33.185101
plane 0.000000 1.000000 -0.000000 -33.159698
plane -0.499920 0.000000 -0.866072 -122.985825
plane -0.866020 0.000000 0.500010 -208.597672
plane 0.499920 0.000000 0.866072 124.255798
plane 0.866020 -0.000000 -0.500010 208.800903
plane -0.499907 0.000000 -0.866079 -122.982719
plane 0.499937 0.000000 0.866062 124.260063
brush 0.400 0.410 0.430
plane -1.000000 0.000000 -0.000000 -242.330704
plane 1.000000 0.000000 -0.000000 244.524033
plane 0.000000 0.000000 1.000000 3.180375
plane 0.000000 0.000000 -1.000000 -1.210045
plane 0.000000 -1.000000 -0.000000 31.965900
plane 0.000000 1.000000 -0.000000 -31.762699
plane -0.500025 0.000000 -0.866011 -123.011322
plane -0.866030 0.000000 0.499992 -208.803482
plane 0.500025 0.000000 0.866011 124.230553
plane 0.866030 -0.000000 -0.499992 210.632172
brush 0.400 0.410 0.430
plane -1.000000 0.000000 -0.000000 -242.154648
plane 1.000000 0.000000 -0.000000 244.700043
plane 0.000000 0.000000 1.000000 3.281936
plane 0.000000 0.000000 -1.000000 -1.108464
plane 0.000000 -1.000000 -0.000000 34.137600
plane 0.000000 1.000000 -0.000000 -31.965900
plane -0.866030 -0.000000 0.499992 -208.600250
plane 0.500001 0.000000 0.866025 124.224747
plane -0.500001 0.000000 -0.866025 -123.005516
plane 0.866030 0.000000 -0.499992 210.835419
brush 0.400 0.410 0.430
plane -1.000000 0.000000 -0.000000 -242.330704
plane 1.000000 0.000000 -0.000000 244.549438
plane 0.000000 0.000000 1.000000 3.224299
plane 0.000000 0.000000 -1.000000 -1.210045
plane 0.000000 -1.000000 -0.000000 31.762699
plane 0.000000 1.000000 -0.000000 -31.737299
plane -0.500025 0.000000 -0.866011 -123.011322
plane -0.866020 0.000000 0.500010 -208.800903
plane 0.500026 0.000000 0.866010 124.281548
plane 0.866019 -0.000000 -0.500011 210.629501
brush 0.400 0.410 0.430
plane -1.000000 0.000000 -0.000000 -243.914413
plane 1.000000 0.000000 -0.000000 244.725449
plane 0.000000 0.000000 1.000000 2.309861
plane 0.000000 0.000000 -1.000000 -1.108464
plane 0.000000 -1.000000 -0.000000 33.185101
plane 0.000000 1.000000 -0.000000 -33.159698
plane -0.499867 0.000000 -0.866102 -122.972748
plane -0.866019 0.000000 0.500011 -210.629501
plane 0.499867 0.000000 0.866102 124.242722
plane 0.866019 -0.000000 -0.500011 210.832748
plane 0.499878 0.000000 0.866096 124.245300
brush 0.400 0.410 0.430
plane -1.000000 0.000000 -0.000000 -248.665497
plane 1.000000 0.000000 -0.000000 250.344208
plane 0.000000 0.000000 1.000000 0.545088
plane 0.000000 0.000000 -1.000000 1.245617
plane 0.000000 -1.000000 -0.000000 32.981899
plane 0.000000 1.000000 -0.000000 -31.559500
plane -0.866120 0.000000 0.499836 -215.717453
plane 0.500045 0.000000 0.865999 125.171532
plane 0.866188 -0.000000 -0.499719 216.851929
plane -0.499958 0.000000 -0.866050 -123.727516
brush 0.400 0.410 0.430
plane -1.000000 0.000000 -0.000000 -248.495758
plane 1.000000 0.000000 -0.000000 250.614899
plane 0.000000 0.000000 1.000000 -0.764798
plane 0.000000 0.000000 -1.000000 2.809465
plane 0.000000 -1.000000 -0.000000 33.528000
plane 0.000000 1.000000 -0.000000 -31.356300
plane -0.865992 0.000000 0.500057 -216.193787
plane 0.499966 0.000000 0.866045 123.932671
plane 0.866036 -0.000000 -0.499981 217.830399
plane -0.500082 0.000000 -0.865978 -122.539406
brush 0.400 0.410 0.430
plane -1.000000 0.000000 -0.000000 -247.313675
plane 1.000000 0.000000 -0.000000 249.859055
plane 0.000000 0.000000 1.000000 2.498654
plane 0.000000 0.000000 -1.000000 -0.325121
plane 0.000000 -1.000000 -0.000000 32.918400
plane 0.000000 1.000000 -0.000000 -30.480000
plane -0.866030 -0.000000 0.499992 -213.459732
plane 0.500001 0.000000 0.866025 126.125832
plane -0.500001 0.000000 -0.866025 -124.906616
plane 0.866030 0.000000 -0.499992 215.694916
brush 0.400 0.410 0.430
plane -1.000000 0.000000 -0.000000 -254.701004
plane 1.000000 0.000000 -0.000000 256.644165
plane 0.000000 0.000000 1.000000 -3.022600
plane 0.000000 0.000000 -1.000000 4.965719
plane 0.000000 -1.000000 -0.000000 31.356300
plane 0.000000 1.000000 -0.000000 -30.949900
plane -0.499846 0.000000 -0.866114 -123.626236
plane -0.866037 -0.000000 0.499980 -222.707764
plane 0.499846 0.000000 0.866114 125.048660
plane 0.866037 0.000000 -0.499980 224.130112
brush 0.434 0.603 0.297
plane -1.000000 0.000000 -0.000000 -254.701004
plane 1.000000 0.000000 -0.000000 256.819397
plane 0.000000 0.000000 1.000000 -3.022600
plane 0.000000 0.000000 -1.000000 5.067363
plane 0.000000 -1.000000 -0.000000 32.981899
plane 0.000000 1.000000 -0.000000 -31.356300
plane 0.500054 0.000000 0.865995 125.102005
plane -0.866037 -0.000000 0.499980 -222.707764
plane 0.866037 -0.000000 -0.499980 224.332794
plane -0.500054 0.000000 -0.865994 -123.679581
brush 0.400 0.410 0.430
plane -1.000000 0.000000 -0.000000 -229.189529
plane 1.000000 0.000000 -0.000000 230.428802
plane 0.000000 0.000000 1.000000 -1.899418
plane 0.000000 0.000000 -1.000000 3.436367
plane 0.000000 -1.000000 -0.000000 37.045898
plane 0.000000 1.000000 -0.000000 -35.420300
plane -0.866037 0.000000 0.499980 -200.052185
plane 0.500215 0.000000 0.865902 113.354980
plane 0.866037 -0.000000 -0.499980 200.662033
plane -0.500214 0.000000 -0.865902 -111.932465
brush 0.400 0.410 0.430
plane -1.000000 0.000000 -0.000000 -228.526321
plane 1.000000 0.000000 -0.000000 230.205536
plane 0.000000 0.000000 1.000000 -0.812800
plane 0.000000 0.000000 -1.000000 2.603500
plane 0.000000 -1.000000 -0.000000 37.045898
plane 0.000000 1.000000 -0.000000 -35.623501
plane -0.866037 0.000000 0.499980 -198.934540
plane 0.499949 0.000000 0.866055 113.903023
plane 0.865961 -0.000000 -0.500111 200.035065
plane -0.500045 0.000000 -0.866000 -112.502647
brush 0.400 0.410 0.430
plane -1.000000 0.000000 -0.000000 -252.933197
plane 1.000000 0.000000 -0.000000 255.051559
plane 0.000000 0.000000 1.000000 -3.645141
plane 0.000000 0.000000 -1.000000 5.689600
plane 0.000000 -1.000000 -0.000000 33.185101
plane 0.000000 1.000000 -0.000000 -31.762699
plane -0.865917 0.000000 0.500188 -221.458435
plane 0.500120 0.000000 0.865956 123.696159
plane 0.866037 -0.000000 -0.499980 223.112823
plane -0.500171 0.000000 -0.865927 -122.286835
brush 0.400 0.410 0.430
plane -1.000000 0.000000 -0.000000 -251.521210
plane 1.000000 0.000000 -0.000000 253.714523
plane 0.000000 0.000000 1.000000 -1.187159
plane 0.000000 0.000000 -1.000000 3.157508
plane 0.000000 -1.000000 -0.000000 31.965900
plane 0.000000 1.000000 -0.000000 -31.762699
plane -0.500024 0.000000 -0.866011 -123.824203
plane -0.866030 0.000000 0.499992 -218.946442
plane 0.500025 0.000000 0.866011 125.043663
plane 0.866030 -0.000000 -0.499993 220.775024
brush 0.400 0.410 0.430
plane -1.000000 0.000000 -0.000000 -251.345169
plane 1.000000 0.000000 -0.000000 253.890579
plane 0.000000 0.000000 1.000000 -1.085544
plane 0.000000 0.000000 -1.000000 3.259103
plane 0.000000 -1.000000 -0.000000 33.388298
plane 0.000000 1.000000 -0.000000 -31.965900
plane -0.866127 -0.000000 0.499824 -218.767197
plane 0.499948 0.000000 0.866055 125.024094
plane -0.500001 0.000000 -0.866025 -123.818161
plane 0.866030 0.000000 -0.499993 220.978271
brush 0.400 0.410 0.430
plane -1.000000 0.000000 -0.000000 -249.256775
plane 1.000000 0.000000 -0.000000 250.187164
plane 0.000000 0.000000 1.000000 -2.047886
plane 0.000000 0.000000 -1.000000 3.047525
plane 0.000000 -1.000000 -0.000000 34.201099
plane 0.000000 1.000000 -0.000000 -29.362400
plane -0.866140 0.000000 0.499802 -217.263138
plane 0.500078 0.000000 0.865980 123.075577
plane 0.865899 -0.000000 -0.500219 217.813751
plane -0.496362 0.000000 -0.868116 -121.338661
plane 0.500070 0.000000 0.865985 123.073509
brush 0.434 0.603 0.297
plane -1.000000 0.000000 -0.000000 -249.671036
plane 1.000000 0.000000 -0.000000 251.790192
plane 0.000000 0.000000 1.000000 -5.461000
plane 0.000000 0.000000 -1.000000 7.505714
plane 0.000000 -1.000000 -0.000000 34.201099
plane 0.000000 1.000000 -0.000000 -32.105598
plane 0.499966 0.000000 0.866045 120.452782
plane -0.866120 0.000000 0.499836 -219.590607
plane 0.865992 -0.000000 -0.500057 221.185547
plane -0.499921 0.000000 -0.866071 -119.019142
brush 0.400 0.410 0.430
plane -1.000000 0.000000 -0.000000 -247.903992
plane 1.000000 0.000000 -0.000000 250.022858
plane 0.000000 0.000000 1.000000 -6.083295
plane 0.000000 0.000000 -1.000000 8.128000
plane 0.000000 -1.000000 -0.000000 34.404301
plane 0.000000 1.000000 -0.000000 -32.981899
plane -0.866037 0.000000 0.499980 -218.351471
plane 0.500039 0.000000 0.866003 119.049042
plane 0.866037 -0.000000 -0.499980 219.976944
plane -0.500039 0.000000 -0.866003 -117.626595
brush 0.534 0.429 0.305
plane -1.000000 0.000000 -0.000000 50.713142
plane 1.000000 0.000000 -0.000000 -49.602871
plane 0.000000 0.000000 1.000000 -13.516476
plane 0.000000 0.000000 -1.000000 14.626786
plane 0.000000 -1.000000 -0.000000 -1.625600
plane 0.000000 1.000000 -0.000000 2.438400
plane 0.866019 -0.000000 -0.500011 -35.995495
plane -0.866019 0.000000 0.500011 36.808235
plane -0.500039 0.000000 -0.866003 37.673386
plane 0.500039 0.000000 0.866003 -36.860622
brush 0.534 0.429 0.305
plane -1.000000 0.000000 -0.000000 49.472122
plane 1.000000 0.000000 -0.000000 -48.354462
plane 0.000000 0.000000 1.000000 -13.944600
plane 0.000000 0.000000 -1.000000 15.062200
plane 0.000000 -1.000000 -0.000000 -0.812800
plane 0.000000 1.000000 -0.000000 1.625600
plane 0.868243 0.000000 0.496139 -49.254768
plane -0.868243 0.000000 -0.496139 50.073891
plane -0.496139 0.000000 0.868243 12.084870
plane 0.496139 -0.000000 -0.868243 -11.265745
brush 0.400 0.410 0.430
plane -1.000000 0.000000 -0.000000 13.204392
plane 1.000000 0.000000 -0.000000 -13.004800
plane 0.000000 0.000000 1.000000 -4.470400
plane 0.000000 0.000000 -1.000000 4.669993
plane 0.000000 -1.000000 -0.000000 -6.420917
plane 0.000000 1.000000 -0.000000 6.502400
plane -0.353552 -0.866026 -0.353552 0.617712
plane -0.707106 0.000000 -0.707107 12.497911
plane -0.377962 -0.925821 -0.000000 -1.029333
plane 0.000000 -0.925821 -0.377962 -4.255004
brush 0.434 0.603 0.297
plane -1.000000 0.000000 -0.000000 30.886400
plane 1.000000 0.000000 -0.000000 -30.276800
plane 0.000000 0.000000 1.000000 -26.009600
plane 0.000000 0.000000 -1.000000 29.260799
plane 0.000000 -1.000000 -0.000000 2.844800
plane 0.000000 1.000000 -0.000000 0.000000
plane 0.998053 0.000000 -0.062378 -28.595404
brush 0.526 0.466 0.466
plane -1.000000 0.000000 -0.000000 30.480000
plane 1.000000 0.000000 -0.000000 -29.667200
plane 0.000000 0.000000 1.000000 -26.009600
plane 0.000000 0.000000 -1.000000 29.260799
plane 0.000000 -1.000000 -0.000000 2.844800
plane 0.000000 1.000000 -0.000000 -0.203200
plane -0.998053 0.000000 0.062378 28.595404
plane 0.992278 0.000000 -0.124035 -26.212013
brush 0.526 0.466 0.466
plane -1.000000 0.000000 -0.000000 30.073599
plane 1.000000 0.000000 -0.000000 -29.057600
plane 0.000000 0.000000 1.000000 -26.009600
plane 0.000000 0.000000 -1.000000 29.260799
plane 0.000000 -1.000000 -0.000000 2.844800
plane 0.000000 1.000000 -0.000000 -0.406400
plane 0.966235 0.000000 -0.257663 -21.322411
plane -0.992278 0.000000 0.124035 26.212013
plane 0.316228 0.000000 0.948683 -34.056465
brush 0.526 0.466 0.466
plane -1.000000 0.000000 -0.000000 29.870399
plane 1.000000 0.000000 -0.000000 -28.448000
plane 0.000000 0.000000 1.000000 -26.212799
plane 0.000000 0.000000 -1.000000 29.260799
plane 0.000000 -1.000000 -0.000000 2.844800
plane 0.000000 1.000000 -0.000000 -0.609600
plane -0.966235 0.000000 0.257663 21.322411
plane 0.919145 0.000000 -0.393919 -15.742066
plane 0.316228 0.000000 0.948683 -34.056465
brush 0.526 0.466 0.466
plane -1.000000 0.000000 -0.000000 29.667200
plane 1.000000 0.000000 -0.000000 -27.838400
plane 0.000000 0.000000 1.000000 -26.416000
plane 0.000000 0.000000 -1.000000 29.260799
plane 0.000000 -1.000000 -0.000000 2.844800
plane 0.000000 1.000000 -0.000000 -0.812800
plane 0.832050 0.000000 -0.554700 -8.284559
plane -0.919145 0.000000 0.393919 15.742066
plane 0.554700 0.000000 0.832050 -37.759552
brush 0.526 0.466 0.466
plane -1.000000 0.000000 -0.000000 29.463999
plane 1.000000 0.000000 -0.000000 -27.228800
plane 0.000000 0.000000 1.000000 -26.822399
plane 0.000000 0.000000 -1.000000 29.260799
plane 0.000000 -1.000000 -0.000000 2.844800
plane 0.000000 1.000000 -0.000000 -1.016000
plane -0.832050 0.000000 0.554700 8.284559
plane 0.707107 0.000000 -0.707107 -0.000000
plane 0.554700 0.000000 0.832050 -37.759552
brush 0.434 0.603 0.297
plane -1.000000 0.000000 -0.000000 29.260799
plane 1.000000 0.000000 -0.000000 -26.822399
plane 0.000000 0.000000 1.000000 -27.228800
plane 0.000000 0.000000 -1.000000 29.463999
plane 0.000000 -1.000000 -0.000000 2.844800
plane 0.000000 1.000000 -0.000000 -1.219200
plane -0.707107 -0.000000 0.707107 0.000000
plane 0.554700 0.000000 -0.832050 8.284559
plane 0.832050 0.000000 0.554700 -37.759552
brush 0.434 0.603 0.297
plane -1.000000 0.000000 -0.000000 29.260799
plane 1.000000 0.000000 -0.000000 -26.416000
plane 0.000000 0.000000 1.000000 -27.838400
plane 0.000000 0.000000 -1.000000 29.667200
plane 0.000000 -1.000000 -0.000000 2.844800
plane 0.000000 1.000000 -0.000000 -1.422400
plane 0.393919 0.000000 -0.919145 15.742066
plane -0.554700 0.000000 0.832050 -8.284559
plane 0.832050 0.000000 0.554700 -37.759552
brush 0.434 0.603 0.297
plane -1.000000 0.000000 -0.000000 29.260799
plane 1.000000 0.000000 -0.000000 -26.009600
plane 0.000000 0.000000 1.000000 -29.667200
plane 0.000000 0.000000 -1.000000 30.480000
plane 0.000000 -1.000000 -0.000000 2.844800
plane 0.000000 1.000000 -0.000000 -2.032000
plane 0.062378 0.000000 -0.998053 28.595404
plane -0.124035 -0.000000 0.992278 -26.212013
brush 0.434 0.603 0.297
plane -1.000000 0.000000 -0.000000 29.260799
plane 1.000000 0.000000 -0.000000 -26.212799
plane 0.000000 0.000000 1.000000 -28.448000
plane 0.000000 0.000000 -1.000000 29.870399
plane 0.000000 -1.000000 -0.000000 2.844800
plane 0.000000 1.000000 -0.000000 -1.625600
plane -0.393919 0.000000 0.919145 -15.742066
plane 0.257663 0.000000 -0.966235 21.322411
plane 0.948683 0.000000 0.316228 -34.056465
brush 0.434 0.603 0.297
plane -1.000000 0.000000 -0.000000 29.260799
plane 1.000000 0.000000 -0.000000 -26.009600
plane 0.000000 0.000000 1.000000 -29.057600
plane 0.000000 0.000000 -1.000000 30.073599
plane 0.000000 -1.000000 -0.000000 2.844800
plane 0.000000 1.000000 -0.000000 -1.828800
plane 0.124035 0.000000 -0.992278 26.212013
plane -0.257663 0.000000 0.966235 -21.322411
plane 0.948683 0.000000 0.316228 -34.056465
brush 0.434 0.603 0.297
plane -1.000000 0.000000 -0.000000 29.260799
plane 1.000000 0.000000 -0.000000 -26.009600
plane 0.000000 0.000000 1.000000 -30.276800
plane 0.000000 0.000000 -1.000000 30.886400
plane 0.000000 -1.000000 -0.000000 2.844800
plane 0.000000 1.000000 -0.000000 -2.235200
plane -0.062378 0.000000 0.998053 -28.595404
brush 0.474 0.479 0.466
plane -1.000000 0.000000 -0.000000 47.853600
plane 1.000000 0.000000 -0.000000 -46.736000
plane 0.000000 0.000000 1.000000 -61.061600
plane 0.000000 0.000000 -1.000000 62.179199
plane 0.000000 -1.000000 -0.000000 -0.000000
plane 0.000000 1.000000 -0.000000 0.203200
plane -0.707107 0.000000 0.707107 -10.129730
brush 0.474 0.479 0.466
plane -1.000000 0.000000 -0.000000 50.799999
plane 1.000000 0.000000 -0.000000 -46.736000
plane 0.000000 0.000000 1.000000 -61.061600
plane 0.000000 0.000000 -1.000000 62.179199
plane 0.000000 -1.000000 -0.000000 -0.000000
plane 0.000000 1.000000 -0.000000 0.203200
plane 0.707107 0.000000 -0.707107 10.129730
plane -0.707107 0.000000 -0.707107 79.098099
brush 0.474 0.479 0.466
plane -1.000000 0.000000 -0.000000 50.799999
plane 1.000000 0.000000 -0.000000 -49.682400
plane 0.000000 0.000000 1.000000 -61.061600
plane 0.000000 0.000000 -1.000000 62.179199
plane 0.000000 -1.000000 -0.000000 -0.000000
plane 0.000000 1.000000 -0.000000 0.203200
plane 0.707107 0.000000 0.707107 -79.098099
brush 0.400 0.410 0.430
plane -1.000000 0.000000 -0.000000 34.137600
plane 1.000000 0.000000 -0.000000 -32.613598
plane 0.000000 0.000000 1.000000 -67.707436
plane 0.000000 0.000000 -1.000000 68.478401
plane 0.000000 -1.000000 -0.000000 -2.540000
plane 0.000000 1.000000 -0.000000 3.251200
plane 0.000000 0.997107 0.076008 -1.963103
plane -0.510765 0.000000 0.859721 -41.015217
plane 0.488600 0.000000 0.872508 -75.523392
plane -0.843826 0.536617 -0.000000 30.362225
plane 0.872220 0.489114 0.000000 -27.125755
brush 0.400 0.410 0.430
plane -1.000000 0.000000 -0.000000 34.137600
plane 1.000000 0.000000 -0.000000 -33.068249
plane 0.000000 0.000000 1.000000 -66.954399
plane 0.000000 0.000000 -1.000000 67.707436
plane 0.000000 -1.000000 -0.000000 -2.540000
plane 0.000000 1.000000 -0.000000 3.192462
plane -0.489013 0.000000 -0.872276 75.521873
plane 0.510716 -0.000000 -0.859750 41.018837
plane -0.843998 0.536346 -0.000000 30.367283
plane -0.000010 0.997109 0.075988 -1.961448
plane 0.349806 0.000000 0.936822 -74.665901
plane -0.042695 0.999088 -0.000000 4.626816
plane 0.045214 0.998977 0.000000 1.667092
plane 0.000000 0.230887 0.972981 -64.475861
brush 0.400 0.410 0.430
plane -1.000000 0.000000 -0.000000 33.460728
plane 1.000000 0.000000 -0.000000 -32.512001
plane 0.000000 0.000000 1.000000 -67.353661
plane 0.000000 0.000000 -1.000000 68.238625
plane 0.000000 -1.000000 -0.000000 -2.540000
plane 0.000000 1.000000 -0.000000 3.224709
plane 0.872306 0.488960 -0.000068 -26.947214
plane 0.349825 0.000000 0.936815 -74.594955
plane 0.000066 0.997106 0.076027 -1.966564
plane -0.510716 0.000000 0.859750 -41.122601
plane -0.488500 0.000000 -0.872564 75.424675
plane 0.872312 0.488950 0.000000 -26.952005
plane -0.000000 0.299407 -0.954125 65.970726
plane 0.000000 0.997097 0.076138 -1.971900
plane -0.042581 0.999093 -0.000000 4.614390
brush 0.400 0.410 0.430
plane -1.000000 0.000000 -0.000000 34.071819
plane 1.000000 0.000000 -0.000000 -32.512001
plane 0.000000 0.000000 1.000000 -66.446396
plane 0.000000 0.000000 -1.000000 66.852798
plane 0.000000 -1.000000 -0.000000 -3.217471
plane 0.000000 1.000000 -0.000000 4.165600
plane -0.883799 0.000000 -0.467866 61.200680
plane -0.002537 -0.913451 0.406942 -30.061293
plane -0.000000 0.393967 -0.919125 62.713634
plane 0.857494 -0.000000 -0.514493 6.359631
plane -0.645126 -0.764077 -0.000000 19.380898
plane -0.000000 -0.913454 0.406943 -30.143829
plane 0.594702 -0.803946 -0.000000 -22.030388
brush 0.400 0.410 0.430
plane -1.000000 0.000000 -0.000000 34.071819
plane 1.000000 0.000000 -0.000000 -32.512001
plane 0.000000 0.000000 1.000000 -66.446396
plane 0.000000 0.000000 -1.000000 67.259201
plane 0.000000 -1.000000 -0.000000 -2.540000
plane 0.000000 1.000000 -0.000000 3.398038
plane 0.857492 -0.000000 -0.514497 6.359949
plane -0.883799 0.000000 -0.467866 61.200680
plane 0.000264 0.913855 -0.406040 30.076241
plane 0.000000 0.913803 -0.406157 30.092823
plane 0.000000 0.913855 -0.406041 30.084846
brush 0.400 0.410 0.430
plane -1.000000 0.000000 -0.000000 34.137600
plane 1.000000 0.000000 -0.000000 -32.512001
plane 0.000000 0.000000 1.000000 -68.391243
plane 0.000000 0.000000 -1.000000 69.087997
plane 0.000000 -1.000000 -0.000000 -4.165600
plane 0.000000 1.000000 -0.000000 4.368800
plane -0.857426 0.000000 0.514608 -6.073608
plane 0.000000 0.496008 0.868318 -57.319218
plane 0.883744 0.000000 0.467971 -60.978951
brush 0.400 0.410 0.430
plane -1.000000 0.000000 -0.000000 34.137600
plane 1.000000 0.000000 -0.000000 -32.512001
plane 0.000000 0.000000 1.000000 -68.450706
plane 0.000000 0.000000 -1.000000 69.087997
plane 0.000000 -1.000000 -0.000000 -2.946400
plane 0.000000 1.000000 -0.000000 3.251200
plane -0.857270 0.000000 0.514868 -6.096805
plane 0.000000 -0.178755 0.983894 -67.929390
plane 0.883663 0.000000 0.468123 -60.986820
brush 0.400 0.410 0.430
plane -1.000000 0.000000 -0.000000 34.137600
plane 1.000000 0.000000 -0.000000 -32.512001
plane 0.000000 0.000000 1.000000 -68.284348
plane 0.000000 0.000000 -1.000000 69.087997
plane 0.000000 -1.000000 -0.000000 -3.251200
plane 0.000000 1.000000 -0.000000 4.165600
plane -0.857588 -0.000000 0.514337 -6.049509
plane 0.000000 -0.179060 0.983838 -67.926643
plane 0.000394 -0.848013 0.529976 -39.191620
plane 0.000000 -0.529959 -0.848023 56.606731
plane 0.883698 0.000000 0.468057 -60.983391
plane -0.000000 -0.847907 0.530146 -39.189507
plane 0.000000 -0.848027 0.529953 -39.176800
plane -0.000000 -0.848098 0.529840 -39.169819
plane 0.949344 -0.314239 -0.000000 -31.949173
brush 0.400 0.410 0.430
plane -1.000000 0.000000 -0.000000 34.137600
plane 1.000000 0.000000 -0.000000 -32.512001
plane 0.000000 0.000000 1.000000 -68.783195
plane 0.000000 0.000000 -1.000000 69.087997
plane 0.000000 -1.000000 -0.000000 -3.251200
plane 0.000000 1.000000 -0.000000 3.738935
plane 0.883698 0.000000 0.468057 -60.983391
plane -0.000123 0.529971 0.848016 -56.602180
plane 0.000000 0.529934 0.848039 -56.607918
plane 0.000000 0.529977 0.848012 -56.605892
brush 0.400 0.410 0.430
plane -1.000000 0.000000 -0.000000 34.114758
plane 1.000000 0.000000 -0.000000 -32.512001
plane 0.000000 0.000000 1.000000 -66.446396
plane 0.000000 0.000000 -1.000000 67.121033
plane 0.000000 -1.000000 -0.000000 -4.290463
plane 0.000000 1.000000 -0.000000 4.978400
plane -0.932230 0.000000 -0.361868 55.847572
plane 0.196077 0.000000 -0.980588 59.180317
plane 0.915476 0.000000 -0.402373 -2.927354
plane -0.000015 -0.953956 -0.299948 15.838012
brush 0.400 0.410 0.430
plane -1.000000 0.000000 -0.000000 34.137600
plane 1.000000 0.000000 -0.000000 -32.512001
plane 0.000000 0.000000 1.000000 -68.183502
plane 0.000000 0.000000 -1.000000 69.087997
plane 0.000000 -1.000000 -0.000000 -4.368800
plane 0.000000 1.000000 -0.000000 4.978400
plane 0.883652 0.000000 0.468145 -60.987930
plane 0.000000 -0.800124 0.599835 -44.490082
plane 0.216982 0.000000 0.976176 -73.901505
plane -0.857610 -0.000000 0.514301 -6.046281
brush 0.400 0.410 0.430
plane -1.000000 0.000000 -0.000000 34.137600
plane 1.000000 0.000000 -0.000000 -32.512001
plane 0.000000 0.000000 1.000000 -68.402199
plane 0.000000 0.000000 -1.000000 69.087997
plane 0.000000 -1.000000 -0.000000 -2.540000
plane 0.000000 1.000000 -0.000000 2.946400
plane -0.934220 -0.000000 0.356698 7.393435
plane 0.077601 0.000000 0.996984 -70.836777
plane 0.883840 0.000000 0.467789 -60.969563
brush 0.474 0.479 0.466
plane -1.000000 0.000000 -0.000000 52.425598
plane 1.000000 0.000000 -0.000000 -51.409599
plane 0.000000 0.000000 1.000000 -45.110401
plane 0.000000 0.000000 -1.000000 46.126400
plane 0.000000 -1.000000 -0.000000 -0.000000
plane 0.000000 1.000000 -0.000000 0.203200
plane 0.707107 -0.000000 -0.707107 -4.454207
brush 0.474 0.479 0.466
plane -1.000000 0.000000 -0.000000 52.425598
plane 1.000000 0.000000 -0.000000 -48.361599
plane 0.000000 0.000000 1.000000 -45.110401
plane 0.000000 0.000000 -1.000000 46.126400
plane 0.000000 -1.000000 -0.000000 -0.000000
plane 0.000000 1.000000 -0.000000 0.203200
plane -0.707107 0.000000 0.707107 4.454207
plane 0.707107 0.000000 0.707107 -66.813110
brush 0.474 0.479 0.466
plane -1.000000 0.000000 -0.000000 49.377598
plane 1.000000 0.000000 -0.000000 -48.361599
plane 0.000000 0.000000 1.000000 -45.110401
plane 0.000000 0.000000 -1.000000 46.126400
plane 0.000000 -1.000000 -0.000000 -0.000000
plane 0.000000 1.000000 -0.000000 0.203200
plane -0.707107 0.000000 -0.707107 66.813110
brush 0.400 0.410 0.430
plane -1.000000 0.000000 -0.000000 -18.558956
plane 1.000000 0.000000 -0.000000 19.507200
plane 0.000000 0.000000 1.000000 -8.128000
plane 0.000000 0.000000 -1.000000 17.881599
plane 0.000000 -1.000000 -0.000000 -3.521271
plane 0.000000 1.000000 -0.000000 5.084140
plane 0.307930 -0.951409 -0.000000 2.583678
plane -0.755913 -0.654672 -0.000000 -16.871845
plane -0.616074 0.787688 -0.000000 -8.013161
brush 0.400 0.410 0.430
plane -1.000000 0.000000 -0.000000 -17.509047
plane 1.000000 0.000000 -0.000000 19.507200
plane 0.000000 0.000000 1.000000 -8.128000
plane 0.000000 0.000000 -1.000000 17.881599
plane 0.000000 -1.000000 -0.000000 -4.342440
plane 0.000000 1.000000 -0.000000 5.084140
plane 0.616074 -0.787688 -0.000000 8.013161
plane -0.883673 0.468106 -0.000000 -13.179176
plane -0.468194 -0.883626 -0.000000 -12.526283
brush 0.400 0.410 0.430
plane -1.000000 0.000000 -0.000000 -13.004800
plane 1.000000 0.000000 -0.000000 15.002946
plane 0.000000 0.000000 1.000000 -8.128000
plane 0.000000 0.000000 -1.000000 17.881599
plane 0.000000 -1.000000 -0.000000 -4.342440
plane 0.000000 1.000000 -0.000000 5.084140
plane 0.883698 0.468057 0.000000 15.550965
plane -0.616050 -0.787707 -0.000000 -12.016421
plane 0.468186 -0.883630 -0.000000 2.695494
brush 0.400 0.410 0.430
plane -1.000000 0.000000 -0.000000 -13.004800
plane 1.000000 0.000000 -0.000000 13.953179
plane 0.000000 0.000000 1.000000 -8.128000
plane 0.000000 0.000000 -1.000000 17.881599
plane 0.000000 -1.000000 -0.000000 -3.521271
plane 0.000000 1.000000 -0.000000 5.084140
plane -0.308022 -0.951379 -0.000000 -7.428933
plane 0.755883 -0.654707 -0.000000 7.703855
plane 0.616050 0.787707 -0.000000 12.016421
brush 0.400 0.410 0.430
plane -1.000000 0.000000 -0.000000 -18.414999
plane 1.000000 0.000000 -0.000000 19.303999
plane 0.000000 0.000000 1.000000 -14.224000
plane 0.000000 0.000000 -1.000000 15.036799
plane 0.000000 -1.000000 -0.000000 -3.294207
plane 0.000000 1.000000 -0.000000 4.857090
plane 0.326450 -0.945214 -0.000000 3.115494
plane -0.776346 -0.630307 -0.000000 -16.890417
plane -0.640590 0.767883 -0.000000 -8.636272
brush 0.400 0.410 0.430
plane -1.000000 0.000000 -0.000000 -17.430712
plane 1.000000 0.000000 -0.000000 19.303999
plane 0.000000 0.000000 1.000000 -14.224000
plane 0.000000 0.000000 -1.000000 15.036799
plane 0.000000 -1.000000 -0.000000 -4.115390
plane 0.000000 1.000000 -0.000000 4.857090
plane 0.640590 -0.767883 -0.000000 8.636272
plane -0.895650 0.444760 -0.000000 -13.534014
plane -0.492054 -0.870565 0.000000 -12.643883
brush 0.400 0.410 0.430
plane -1.000000 0.000000 -0.000000 -16.256001
plane 1.000000 0.000000 -0.000000 17.522869
plane 0.000000 0.000000 1.000000 -14.224000
plane 0.000000 0.000000 -1.000000 15.036799
plane 0.000000 -1.000000 -0.000000 -4.671710
plane 0.000000 1.000000 -0.000000 4.857090
plane -0.155866 -0.987778 0.000000 -7.331487
plane 0.895555 -0.444952 -0.000000 13.531496
brush 0.400 0.410 0.430
plane -1.000000 0.000000 -0.000000 -14.989133
plane 1.000000 0.000000 -0.000000 16.256001
plane 0.000000 0.000000 1.000000 -14.224000
plane 0.000000 0.000000 -1.000000 15.036799
plane 0.000000 -1.000000 -0.000000 -4.671710
plane 0.000000 1.000000 -0.000000 4.857090
plane 0.155928 -0.987768 -0.000000 -2.262906
plane -0.895627 -0.444806 -0.000000 -15.585149
brush 0.400 0.410 0.430
plane -1.000000 0.000000 -0.000000 -13.208000
plane 1.000000 0.000000 -0.000000 15.081271
plane 0.000000 0.000000 1.000000 -14.224000
plane 0.000000 0.000000 -1.000000 15.036799
plane 0.000000 -1.000000 -0.000000 -4.115390
plane 0.000000 1.000000 -0.000000 4.857090
plane 0.895699 0.444662 -0.000000 15.585567
plane -0.640616 -0.767862 -0.000000 -12.190826
plane 0.492020 -0.870584 -0.000000 3.353199
brush 0.400 0.410 0.430
plane -1.000000 0.000000 -0.000000 -13.208000
plane 1.000000 0.000000 -0.000000 14.097000
plane 0.000000 0.000000 1.000000 -14.224000
plane 0.000000 0.000000 -1.000000 15.036799
plane 0.000000 -1.000000 -0.000000 -3.294207
plane 0.000000 1.000000 -0.000000 4.857090
plane -0.326256 -0.945282 0.000000 -7.495744
plane 0.776289 -0.630378 -0.000000 8.349095
plane 0.640629 0.767851 -0.000000 12.190946
brush 0.400 0.410 0.430
plane -1.000000 0.000000 -0.000000 -18.414999
plane 1.000000 0.000000 -0.000000 19.303999
plane 0.000000 0.000000 1.000000 -10.566400
plane 0.000000 0.000000 -1.000000 11.379200
plane 0.000000 -1.000000 -0.000000 -3.294207
plane 0.000000 1.000000 -0.000000 4.857090
plane 0.326450 -0.945214 -0.000000 3.115494
plane -0.776346 -0.630307 -0.000000 -16.890417
plane -0.640590 0.767883 -0.000000 -8.636272
brush 0.400 0.410 0.430
plane -1.000000 0.000000 -0.000000 -17.430712
plane 1.000000 0.000000 -0.000000 19.303999
plane 0.000000 0.000000 1.000000 -10.566400
plane 0.000000 0.000000 -1.000000 11.379200
plane 0.000000 -1.000000 -0.000000 -4.115390
plane 0.000000 1.000000 -0.000000 4.857090
plane 0.640590 -0.767883 -0.000000 8.636272
plane -0.895650 0.444760 -0.000000 -13.534014
plane -0.492054 -0.870565 0.000000 -12.643883
brush 0.400 0.410 0.430
plane -1.000000 0.000000 -0.000000 -16.256001
plane 1.000000 0.000000 -0.000000 17.522869
plane 0.000000 0.000000 1.000000 -10.566400
plane 0.000000 0.000000 -1.000000 11.379200
plane 0.000000 -1.000000 -0.000000 -4.671710
plane 0.000000 1.000000 -0.000000 4.857090
plane -0.155866 -0.987778 0.000000 -7.331487
plane 0.895555 -0.444952 -0.000000 13.531496
brush 0.400 0.410 0.430
plane -1.000000 0.000000 -0.000000 -14.989133
plane 1.000000 0.000000 -0.000000 16.256001
plane 0.000000 0.000000 1.000000 -10.566400
plane 0.000000 0.000000 -1.000000 11.379200
plane 0.000000 -1.000000 -0.000000 -4.671710
plane 0.000000 1.000000 -0.000000 4.857090
plane 0.155928 -0.987768 -0.000000 -2.262906
plane -0.895627 -0.444806 -0.000000 -15.585149
brush 0.400 0.410 0.430
plane -1.000000 0.000000 -0.000000 -13.208000
plane 1.000000 0.000000 -0.000000 15.081271
plane 0.000000 0.000000 1.000000 -10.566400
plane 0.000000 0.000000 -1.000000 11.379200
plane 0.000000 -1.000000 -0.000000 -4.115390
plane 0.000000 1.000000 -0.000000 4.857090
plane 0.895699 0.444662 -0.000000 15.585567
plane -0.640616 -0.767862 -0.000000 -12.190826
plane 0.492020 -0.870584 -0.000000 3.353199
brush 0.400 0.410 0.430
plane -1.000000 0.000000 -0.000000 -13.208000
plane 1.000000 0.000000 -0.000000 14.097000
plane 0.000000 0.000000 1.000000 -10.566400
plane 0.000000 0.000000 -1.000000 11.379200
plane 0.000000 -1.000000 -0.000000 -3.294207
plane 0.000000 1.000000 -0.000000 4.857090
plane -0.326256 -0.945282 0.000000 -7.495744
plane 0.776289 -0.630378 -0.000000 8.349095
plane 0.640629 0.767851 -0.000000 12.190946
brush 0.400 0.410 0.430
plane -1.000000 0.000000 -0.000000 6.502400
plane 1.000000 0.000000 -0.000000 -5.689600
plane 0.000000 0.000000 1.000000 -57.336140
plane 0.000000 0.000000 -1.000000 58.521599
plane 0.000000 -1.000000 -0.000000 -0.063460
plane 0.000000 1.000000 -0.000000 0.812800
plane 0.000000 -0.914340 0.404948 -23.636208
plane 0.000000 -0.992379 -0.123219 7.111466
plane 0.000000 0.957832 0.287329 -16.036457
brush 0.400 0.410 0.430
plane -1.000000 0.000000 -0.000000 6.502400
plane 1.000000 0.000000 -0.000000 -5.689600
plane 0.000000 0.000000 1.000000 -56.023998
plane 0.000000 0.000000 -1.000000 58.521599
plane 0.000000 -1.000000 -0.000000 -0.457200
plane 0.000000 1.000000 -0.000000 0.812800
plane 0.000000 -0.979963 0.199179 -11.868197
plane 0.000000 0.809754 0.586769 -32.286976
plane 0.000000 -0.957832 -0.287329 16.036457
brush 0.400 0.410 0.430
plane -1.000000 0.000000 -0.000000 6.502400
plane 1.000000 0.000000 -0.000000 -5.689600
plane 0.000000 0.000000 1.000000 -54.456795
plane 0.000000 0.000000 -1.000000 56.146725
plane 0.000000 -1.000000 -0.000000 -0.723883
plane 0.000000 1.000000 -0.000000 0.812800
plane 0.000000 -0.809834 -0.586659 32.280743
plane 0.000000 -0.998394 0.056646 -3.896325
brush 0.400 0.410 0.430
plane -1.000000 0.000000 -0.000000 6.502400
plane 1.000000 0.000000 -0.000000 -5.689600
plane 0.000000 0.000000 1.000000 -58.225166
plane 0.000000 0.000000 -1.000000 58.521599
plane 0.000000 -1.000000 -0.000000 0.203200
plane 0.000000 1.000000 -0.000000 0.100280
plane 0.000000 -0.743419 0.668826 -38.989731
plane 0.000000 0.992390 0.123135 -7.106590
brush 0.400 0.410 0.430
plane -1.000000 0.000000 -0.000000 6.502400
plane 1.000000 0.000000 -0.000000 -5.689600
plane 0.000000 0.000000 1.000000 -50.393600
plane 0.000000 0.000000 -1.000000 51.579094
plane 0.000000 -1.000000 -0.000000 -0.063460
plane 0.000000 1.000000 -0.000000 0.812800
plane 0.000000 -0.914359 -0.404904 20.466524
plane -0.000000 0.957832 -0.287329 15.258060
plane 0.000000 -0.992390 0.123134 -6.304713
brush 0.400 0.410 0.430
plane -1.000000 0.000000 -0.000000 6.502400
plane 1.000000 0.000000 -0.000000 -5.689600
plane 0.000000 0.000000 1.000000 -50.393600
plane 0.000000 0.000000 -1.000000 52.891178
plane 0.000000 -1.000000 -0.000000 -0.457200
plane 0.000000 1.000000 -0.000000 0.812800
plane 0.000000 -0.979963 -0.199179 9.825437
plane 0.000000 -0.957832 0.287329 -15.258060
plane 0.000000 0.809754 -0.586769 31.621090
brush 0.400 0.410 0.430
plane -1.000000 0.000000 -0.000000 6.502400
plane 1.000000 0.000000 -0.000000 -5.689600
plane 0.000000 0.000000 1.000000 -52.768482
plane 0.000000 0.000000 -1.000000 54.457600
plane 0.000000 -1.000000 -0.000000 -0.723883
plane 0.000000 1.000000 -0.000000 0.812800
plane 0.000000 -0.809675 0.586879 -31.626823
plane 0.000000 -0.998393 -0.056679 2.275093
brush 0.400 0.410 0.430
plane -1.000000 0.000000 -0.000000 6.502400
plane 1.000000 0.000000 -0.000000 -5.689600
plane 0.000000 0.000000 1.000000 -50.393600
plane 0.000000 0.000000 -1.000000 50.690002
plane 0.000000 -1.000000 -0.000000 0.203200
plane 0.000000 1.000000 -0.000000 0.100280
plane 0.000000 -0.743359 -0.668893 33.858974
plane 0.000000 0.992390 -0.123134 6.304713
brush 0.400 0.410 0.430
plane -1.000000 0.000000 -0.000000 -13.004800
plane 1.000000 0.000000 -0.000000 13.817600
plane 0.000000 0.000000 1.000000 -58.284363
plane 0.000000 0.000000 -1.000000 58.521599
plane 0.000000 -1.000000 -0.000000 0.203200
plane 0.000000 1.000000 -0.000000 0.100280
plane 0.000000 0.988195 0.153201 -8.866470
plane -0.000000 -0.664668 0.747139 -43.588718
brush 0.400 0.410 0.430
plane -1.000000 0.000000 -0.000000 -13.004800
plane 1.000000 0.000000 -0.000000 13.817600
plane 0.000000 0.000000 1.000000 -57.573154
plane 0.000000 0.000000 -1.000000 58.521599
plane 0.000000 -1.000000 -0.000000 -0.063460
plane 0.000000 1.000000 -0.000000 0.812800
plane -0.000000 -0.874880 0.484340 -28.284967
plane 0.000000 0.936350 0.351068 -19.783981
plane 0.000000 -0.988179 -0.153304 8.872494
brush 0.400 0.410 0.430
plane -1.000000 0.000000 -0.000000 -13.004800
plane 1.000000 0.000000 -0.000000 13.817600
plane 0.000000 0.000000 1.000000 -56.523624
plane 0.000000 0.000000 -1.000000 58.521599
plane 0.000000 -1.000000 -0.000000 -0.457200
plane 0.000000 1.000000 -0.000000 0.812800
plane -0.000000 -0.969197 0.246288 -14.622681
plane 0.000000 -0.936350 -0.351068 19.783981
plane 0.000000 0.740796 0.671730 -37.432362
brush 0.400 0.410 0.430
plane -1.000000 0.000000 -0.000000 -13.004800
plane 1.000000 0.000000 -0.000000 13.817600
plane 0.000000 0.000000 1.000000 -55.270020
plane 0.000000 0.000000 -1.000000 56.621723
plane 0.000000 -1.000000 -0.000000 -0.723883
plane 0.000000 1.000000 -0.000000 0.812800
plane -0.000000 -0.997495 0.070738 -4.720500
plane 0.000000 -0.740891 -0.671625 37.426327
brush 0.400 0.410 0.430
plane -1.000000 0.000000 -0.000000 -13.004800
plane 1.000000 0.000000 -0.000000 13.817600
plane 0.000000 0.000000 1.000000 -52.019199
plane 0.000000 0.000000 -1.000000 52.967415
plane 0.000000 -1.000000 -0.000000 -0.063460
plane 0.000000 1.000000 -0.000000 0.812800
plane 0.000000 -0.874906 -0.484292 25.251671
plane -0.000000 -0.988170 0.153361 -8.076837
plane 0.000000 0.936319 -0.351150 19.027597
brush 0.400 0.410 0.430
plane -1.000000 0.000000 -0.000000 -13.004800
plane 1.000000 0.000000 -0.000000 13.817600
plane 0.000000 0.000000 1.000000 -52.019199
plane 0.000000 0.000000 -1.000000 54.017193
plane 0.000000 -1.000000 -0.000000 -0.457200
plane 0.000000 1.000000 -0.000000 0.812800
plane 0.000000 -0.969211 -0.246232 12.599126
plane -0.000000 0.740796 -0.671730 36.821213
plane 0.000000 -0.936319 0.351150 -19.027597
brush 0.400 0.410 0.430
plane -1.000000 0.000000 -0.000000 -13.004800
plane 1.000000 0.000000 -0.000000 13.817600
plane 0.000000 0.000000 1.000000 -53.919113
plane 0.000000 0.000000 -1.000000 55.270401
plane 0.000000 -1.000000 -0.000000 -0.723883
plane 0.000000 1.000000 -0.000000 0.812800
plane 0.000000 -0.997492 -0.070779 3.101196
plane -0.000000 -0.740701 0.671835 -36.826809
brush 0.400 0.410 0.430
plane -1.000000 0.000000 -0.000000 -13.004800
plane 1.000000 0.000000 -0.000000 13.817600
plane 0.000000 0.000000 1.000000 -52.019199
plane 0.000000 0.000000 -1.000000 52.256207
plane 0.000000 -1.000000 -0.000000 0.203200
plane 0.000000 1.000000 -0.000000 0.100280
plane 0.000000 0.988170 -0.153361 8.076837
plane 0.000000 -0.664199 -0.747556 39.022221
brush 0.400 0.410 0.430
plane -1.000000 0.000000 -0.000000 -38.142662
plane 1.000000 0.000000 -0.000000 40.639999
plane 0.000000 0.000000 1.000000 -7.315200
plane 0.000000 0.000000 -1.000000 8.128000
plane 0.000000 -1.000000 -0.000000 0.355600
plane 0.000000 1.000000 -0.000000 0.000000
plane -0.587577 0.809168 -0.000000 -22.483690
plane 0.287385 -0.957815 -0.000000 11.679340
plane -0.199180 -0.979963 0.000000 -7.510131
brush 0.400 0.410 0.430
plane -1.000000 0.000000 -0.000000 -39.454781
plane 1.000000 0.000000 -0.000000 40.639999
plane 0.000000 0.000000 1.000000 -7.315200
plane 0.000000 0.000000 -1.000000 8.128000
plane 0.000000 -1.000000 -0.000000 0.749276
plane 0.000000 1.000000 -0.000000 0.000000
plane -0.287385 0.957815 -0.000000 -11.679340
plane 0.123238 -0.992377 -0.000000 5.715466
plane -0.404904 -0.914359 0.000000 -15.650289
brush 0.400 0.410 0.430
plane -1.000000 0.000000 -0.000000 -40.343796
plane 1.000000 0.000000 -0.000000 40.639999
plane 0.000000 0.000000 1.000000 -7.315200
plane 0.000000 0.000000 -1.000000 8.128000
plane 0.000000 -1.000000 -0.000000 1.016000
plane 0.000000 1.000000 -0.000000 -0.712464
plane -0.669210 -0.743073 -0.000000 -26.441734
plane -0.123238 0.992377 -0.000000 -5.715466
brush 0.400 0.410 0.430
plane -1.000000 0.000000 -0.000000 -36.575207
plane 1.000000 0.000000 -0.000000 38.265148
plane 0.000000 0.000000 1.000000 -7.315200
plane 0.000000 0.000000 -1.000000 8.128000
plane 0.000000 -1.000000 -0.000000 0.088967
plane 0.000000 1.000000 -0.000000 0.000000
plane -0.056669 -0.998393 0.000000 -2.072741
plane 0.587687 -0.809089 -0.000000 22.487894
brush 0.400 0.410 0.430
plane -1.000000 0.000000 -0.000000 -34.886898
plane 1.000000 0.000000 -0.000000 36.576000
plane 0.000000 0.000000 1.000000 -7.315200
plane 0.000000 0.000000 -1.000000 8.128000
plane 0.000000 -1.000000 -0.000000 0.088967
plane 0.000000 1.000000 -0.000000 0.000000
plane 0.056637 -0.998395 -0.000000 2.071561
plane -0.587467 -0.809248 -0.000000 -20.494902
brush 0.400 0.410 0.430
plane -1.000000 0.000000 -0.000000 -32.512001
plane 1.000000 0.000000 -0.000000 35.009327
plane 0.000000 0.000000 1.000000 -7.315200
plane 0.000000 0.000000 -1.000000 8.128000
plane 0.000000 -1.000000 -0.000000 0.355600
plane 0.000000 1.000000 -0.000000 0.000000
plane -0.287272 -0.957849 0.000000 -9.339796
plane 0.587577 0.809168 -0.000000 20.498737
plane 0.199254 -0.979948 -0.000000 7.062865
brush 0.400 0.410 0.430
plane -1.000000 0.000000 -0.000000 -32.512001
plane 1.000000 0.000000 -0.000000 33.697689
plane 0.000000 0.000000 1.000000 -7.315200
plane 0.000000 0.000000 -1.000000 8.128000
plane 0.000000 -1.000000 -0.000000 0.749276
plane 0.000000 1.000000 -0.000000 0.000000
plane 0.287272 0.957849 -0.000000 9.339796
plane -0.123114 -0.992393 0.000000 -3.295577
plane 0.404948 -0.914340 -0.000000 13.970944
brush 0.400 0.410 0.430
plane -1.000000 0.000000 -0.000000 -32.512001
plane 1.000000 0.000000 -0.000000 32.808727
plane 0.000000 0.000000 1.000000 -7.315200
plane 0.000000 0.000000 -1.000000 8.128000
plane 0.000000 -1.000000 -0.000000 1.016000
plane 0.000000 1.000000 -0.000000 -0.712464
plane 0.123030 0.992403 -0.000000 3.292825
plane 0.668506 -0.743707 -0.000000 22.490061
brush 0.400 0.410 0.430
plane -1.000000 0.000000 -0.000000 -17.195799
plane 1.000000 0.000000 -0.000000 18.694399
plane 0.000000 0.000000 1.000000 11.785600
plane 0.000000 0.000000 -1.000000 -9.753600
plane 0.000000 -1.000000 -0.000000 -3.708400
plane 0.000000 1.000000 -0.000000 4.064000
plane 0.447214 -0.894427 -0.000000 4.725438
plane -0.770019 0.638021 -0.000000 -10.704894
plane -0.320807 -0.947145 0.000000 -9.281528
brush 0.400 0.410 0.430
plane -1.000000 0.000000 -0.000000 -17.983200
plane 1.000000 0.000000 -0.000000 18.694399
plane 0.000000 0.000000 1.000000 11.785600
plane 0.000000 0.000000 -1.000000 -9.753600
plane 0.000000 -1.000000 -0.000000 -3.314683
plane 0.000000 1.000000 -0.000000 4.064000
plane 0.202703 -0.979240 -0.000000 0.507491
plane -0.447214 0.894427 -0.000000 -4.725438
plane -0.593852 -0.804574 0.000000 -13.663047
brush 0.400 0.410 0.430
plane -1.000000 0.000000 -0.000000 -16.256001
plane 1.000000 0.000000 -0.000000 17.269545
plane 0.000000 0.000000 1.000000 11.785600
plane 0.000000 0.000000 -1.000000 -9.753600
plane 0.000000 -1.000000 -0.000000 -3.975158
plane 0.000000 1.000000 -0.000000 4.064000
plane -0.094094 -0.995563 0.000000 -5.575562
plane 0.769862 -0.638211 -0.000000 10.701388
brush 0.400 0.410 0.430
plane -1.000000 0.000000 -0.000000 -15.242555
plane 1.000000 0.000000 -0.000000 16.256479
plane 0.000000 0.000000 1.000000 11.785600
plane 0.000000 0.000000 -1.000000 -9.753600
plane 0.000000 -1.000000 -0.000000 -3.975158
plane 0.000000 1.000000 -0.000000 4.064000
plane 0.094201 -0.995553 -0.000000 -2.514600
plane -0.770544 -0.637386 0.000000 -14.335470
brush 0.400 0.410 0.430
plane -1.000000 0.000000 -0.000000 -13.817600
plane 1.000000 0.000000 -0.000000 15.316200
plane 0.000000 0.000000 1.000000 11.785600
plane 0.000000 0.000000 -1.000000 -9.753600
plane 0.000000 -1.000000 -0.000000 -3.708400
plane 0.000000 1.000000 -0.000000 4.064000
plane 0.770041 0.637995 0.000000 14.330210
plane -0.447214 -0.894427 0.000000 -9.814371
plane 0.320835 -0.947135 -0.000000 1.148986
brush 0.400 0.410 0.430
plane -1.000000 0.000000 -0.000000 -13.817600
plane 1.000000 0.000000 -0.000000 14.528800
plane 0.000000 0.000000 1.000000 11.785600
plane 0.000000 0.000000 -1.000000 -9.753600
plane 0.000000 -1.000000 -0.000000 -3.314683
plane 0.000000 1.000000 -0.000000 4.064000
plane -0.202568 -0.979268 0.000000 -6.081005
plane 0.447214 0.894427 -0.000000 9.814371
plane 0.593852 -0.804574 -0.000000 5.644278
brush 0.400 0.410 0.430
plane -1.000000 0.000000 -0.000000 -9.753600
plane 1.000000 0.000000 -0.000000 11.785600
plane 0.000000 0.000000 1.000000 17.780001
plane 0.000000 0.000000 -1.000000 -17.068800
plane 0.000000 -1.000000 -0.000000 -3.314683
plane 0.000000 1.000000 -0.000000 4.064000
plane 0.000000 -0.804574 0.593852 7.575011
plane 0.000000 -0.979240 -0.202703 -6.741833
plane 0.000000 0.894427 0.447214 11.268353
brush 0.400 0.410 0.430
plane -1.000000 0.000000 -0.000000 -9.753600
plane 1.000000 0.000000 -0.000000 11.785600
plane 0.000000 0.000000 1.000000 18.567400
plane 0.000000 0.000000 -1.000000 -17.068800
plane 0.000000 -1.000000 -0.000000 -3.708400
plane 0.000000 1.000000 -0.000000 4.064000
plane 0.000000 -0.947145 0.320807 2.191559
plane 0.000000 0.638021 0.770019 16.833447
plane 0.000000 -0.894427 -0.447214 -11.268353
brush 0.400 0.410 0.430
plane -1.000000 0.000000 -0.000000 -9.753600
plane 1.000000 0.000000 -0.000000 11.785600
plane 0.000000 0.000000 1.000000 19.507200
plane 0.000000 0.000000 -1.000000 -18.493725
plane 0.000000 -1.000000 -0.000000 -3.975158
plane 0.000000 1.000000 -0.000000 4.064000
plane 0.000000 -0.638211 -0.769862 -16.831331
plane 0.000000 -0.995563 0.094094 -2.210459
brush 0.400 0.410 0.430
plane -1.000000 0.000000 -0.000000 -9.753600
plane 1.000000 0.000000 -0.000000 11.785600
plane 0.000000 0.000000 1.000000 20.520615
plane 0.000000 0.000000 -1.000000 -19.506721
plane 0.000000 -1.000000 -0.000000 -3.975158
plane 0.000000 1.000000 -0.000000 4.064000
plane 0.000000 -0.637386 0.770544 13.221664
plane 0.000000 -0.995553 -0.094201 -5.883527
brush 0.400 0.410 0.430
plane -1.000000 0.000000 -0.000000 -9.753600
plane 1.000000 0.000000 -0.000000 11.785600
plane 0.000000 0.000000 1.000000 21.945601
plane 0.000000 0.000000 -1.000000 -20.447001
plane 0.000000 -1.000000 -0.000000 -3.708400
plane 0.000000 1.000000 -0.000000 4.064000
plane 0.000000 -0.947135 -0.320835 -10.325088
plane 0.000000 -0.894427 0.447214 6.179419
plane 0.000000 0.637995 -0.770041 -13.208919
brush 0.400 0.410 0.430
plane -1.000000 0.000000 -0.000000 -9.753600
plane 1.000000 0.000000 -0.000000 11.785600
plane 0.000000 0.000000 1.000000 21.945601
plane 0.000000 0.000000 -1.000000 -21.234400
plane 0.000000 -1.000000 -0.000000 -3.314683
plane 0.000000 1.000000 -0.000000 4.064000
plane 0.000000 -0.804574 -0.593852 -15.593780
plane 0.000000 0.894427 -0.447214 -6.179419
plane 0.000000 -0.979268 0.202568 1.163487
brush 0.434 0.603 0.297
plane -1.000000 0.000000 -0.000000 57.302399
plane 1.000000 0.000000 -0.000000 -55.270401
plane 0.000000 0.000000 1.000000 23.164801
plane 0.000000 0.000000 -1.000000 -22.453600
plane 0.000000 -1.000000 -0.000000 -6.565890
plane 0.000000 1.000000 -0.000000 7.315200
plane 0.000000 -0.804574 -0.593852 -18.933636
plane 0.000000 -0.979268 0.202568 -1.773338
plane -0.000000 0.894427 -0.447214 -3.816700
brush 0.434 0.603 0.297
plane -1.000000 0.000000 -0.000000 57.302399
plane 1.000000 0.000000 -0.000000 -55.270401
plane 0.000000 0.000000 1.000000 23.164801
plane 0.000000 0.000000 -1.000000 -21.666201
plane 0.000000 -1.000000 -0.000000 -6.959600
plane 0.000000 1.000000 -0.000000 7.315200
plane 0.000000 -0.947135 -0.320835 -13.795575
plane 0.000000 0.637867 -0.770146 -12.076713
plane 0.000000 -0.894427 0.447214 3.816700
brush 0.434 0.603 0.297
plane -1.000000 0.000000 -0.000000 57.302399
plane 1.000000 0.000000 -0.000000 -55.270401
plane 0.000000 0.000000 1.000000 21.739820
plane 0.000000 0.000000 -1.000000 -20.725880
plane 0.000000 -1.000000 -0.000000 -7.226254
plane 0.000000 1.000000 -0.000000 7.315200
plane 0.000000 -0.995556 -0.094174 -9.234581
plane 0.000000 -0.637758 0.770237 12.079470
brush 0.434 0.603 0.297
plane -1.000000 0.000000 -0.000000 57.302399
plane 1.000000 0.000000 -0.000000 -55.270401
plane 0.000000 0.000000 1.000000 20.726400
plane 0.000000 0.000000 -1.000000 -19.712957
plane 0.000000 -1.000000 -0.000000 -7.226254
plane 0.000000 1.000000 -0.000000 7.315200
plane 0.000000 -0.995558 0.094147 -5.331373
plane 0.000000 -0.637995 -0.770041 -19.846849
brush 0.434 0.603 0.297
plane -1.000000 0.000000 -0.000000 57.302399
plane 1.000000 0.000000 -0.000000 -55.270401
plane 0.000000 0.000000 1.000000 19.786600
plane 0.000000 0.000000 -1.000000 -18.288000
plane 0.000000 -1.000000 -0.000000 -6.959600
plane 0.000000 1.000000 -0.000000 7.315200
plane 0.000000 -0.947145 0.320807 -0.496670
plane 0.000000 -0.894427 -0.447214 -14.721557
plane 0.000000 0.637886 0.770131 19.847828
brush 0.434 0.603 0.297
plane -1.000000 0.000000 -0.000000 57.302399
plane 1.000000 0.000000 -0.000000 -55.270401
plane 0.000000 0.000000 1.000000 18.999199
plane 0.000000 0.000000 -1.000000 -18.288000
plane 0.000000 -1.000000 -0.000000 -6.565890
plane 0.000000 1.000000 -0.000000 7.315200
plane 0.000000 -0.804574 0.593852 5.683205
plane 0.000000 0.894427 0.447214 14.721557
plane 0.000000 -0.979240 -0.202703 -10.172674
brush 0.400 0.410 0.430
plane -1.000000 0.000000 -0.000000 11.379200
plane 1.000000 0.000000 -0.000000 -10.645785
plane 0.000000 0.000000 1.000000 9.753600
plane 0.000000 0.000000 -1.000000 4.876800
plane 0.000000 -1.000000 -0.000000 -6.849034
plane 0.000000 1.000000 -0.000000 6.908800
plane 0.081253 0.996693 0.000000 5.961358
brush 0.400 0.410 0.430
plane -1.000000 0.000000 -0.000000 12.112615
plane 1.000000 0.000000 -0.000000 -11.379200
plane 0.000000 0.000000 1.000000 9.753600
plane 0.000000 0.000000 -1.000000 4.876800
plane 0.000000 -1.000000 -0.000000 -6.849034
plane 0.000000 1.000000 -0.000000 6.908800
plane -0.081253 0.996693 -0.000000 7.810554
brush 0.400 0.410 0.430
plane -1.000000 0.000000 -0.000000 10.299727
plane 1.000000 0.000000 -0.000000 -9.855200
plane 0.000000 0.000000 1.000000 -4.064000
plane 0.000000 0.000000 -1.000000 4.876800
plane 0.000000 -1.000000 -0.000000 -5.300933
plane 0.000000 1.000000 -0.000000 6.350000
plane 0.420557 -0.907266 -0.000000 -9.000759
plane -0.855682 -0.517502 -0.000000 5.784750
plane -0.745921 0.666035 -0.000000 11.580519
brush 0.400 0.410 0.430
plane -1.000000 0.000000 -0.000000 10.791857
plane 1.000000 0.000000 -0.000000 -9.855200
plane 0.000000 0.000000 1.000000 -4.064000
plane 0.000000 0.000000 -1.000000 4.876800
plane 0.000000 -1.000000 -0.000000 -5.852151
plane 0.000000 1.000000 -0.000000 6.350000
plane 0.745921 -0.666035 -0.000000 -11.580519
plane -0.937900 0.346905 -0.000000 12.281359
plane -0.604458 -0.796637 0.000000 1.563700
brush 0.400 0.410 0.430
plane -1.000000 0.000000 -0.000000 12.903200
plane 1.000000 0.000000 -0.000000 -11.966574
plane 0.000000 0.000000 1.000000 -4.064000
plane 0.000000 0.000000 -1.000000 4.876800
plane 0.000000 -1.000000 -0.000000 -5.852151
plane 0.000000 1.000000 -0.000000 6.350000
plane 0.937923 0.346843 -0.000000 -9.064445
plane -0.745938 -0.666016 -0.000000 5.395785
plane 0.604432 -0.796657 -0.000000 -12.192598
brush 0.400 0.410 0.430
plane -1.000000 0.000000 -0.000000 12.903200
plane 1.000000 0.000000 -0.000000 -12.458692
plane 0.000000 0.000000 1.000000 -4.064000
plane 0.000000 0.000000 -1.000000 4.876800
plane 0.000000 -1.000000 -0.000000 -5.300933
plane 0.000000 1.000000 -0.000000 6.350000
plane -0.420385 -0.907346 0.000000 0.567749
plane 0.855640 -0.517572 -0.000000 -13.689059
plane 0.745955 0.665997 -0.000000 -5.396120
brush 0.400 0.410 0.430
plane -1.000000 0.000000 -0.000000 10.227746
plane 1.000000 0.000000 -0.000000 -9.753600
plane 0.000000 0.000000 1.000000 8.940800
plane 0.000000 0.000000 -1.000000 4.064000
plane 0.000000 -1.000000 -0.000000 -5.453336
plane 0.000000 1.000000 -0.000000 6.502400
plane 0.398540 -0.917151 -0.000000 -8.935991
plane -0.840308 -0.542109 -0.000000 5.339323
plane -0.724132 0.689661 -0.000000 11.547349
brush 0.400 0.410 0.430
plane -1.000000 0.000000 -0.000000 10.752658
plane 1.000000 0.000000 -0.000000 -9.753600
plane 0.000000 0.000000 1.000000 8.940800
plane 0.000000 0.000000 -1.000000 4.064000
plane 0.000000 -1.000000 -0.000000 -6.004554
plane 0.000000 1.000000 -0.000000 6.502400
plane 0.724132 -0.689661 -0.000000 -11.547349
plane -0.930233 0.366970 -0.000000 12.342989
plane -0.579633 -0.814878 -0.000000 1.035358
brush 0.400 0.410 0.430
plane -1.000000 0.000000 -0.000000 11.379200
plane 1.000000 0.000000 -0.000000 -10.703531
plane 0.000000 0.000000 1.000000 8.940800
plane 0.000000 0.000000 -1.000000 4.064000
plane 0.000000 -1.000000 -0.000000 -6.377937
plane 0.000000 1.000000 -0.000000 6.502400
plane -0.194801 -0.980843 -0.000000 -4.161154
plane 0.930207 -0.367035 -0.000000 -12.343135
brush 0.400 0.410 0.430
plane -1.000000 0.000000 -0.000000 12.054836
plane 1.000000 0.000000 -0.000000 -11.379200
plane 0.000000 0.000000 1.000000 8.940800
plane 0.000000 0.000000 -1.000000 4.064000
plane 0.000000 -1.000000 -0.000000 -6.377937
plane 0.000000 1.000000 -0.000000 6.502400
plane 0.194877 -0.980828 -0.000000 -8.595282
plane -0.930258 -0.366905 -0.000000 8.828353
brush 0.400 0.410 0.430
plane -1.000000 0.000000 -0.000000 13.004800
plane 1.000000 0.000000 -0.000000 -12.005750
plane 0.000000 0.000000 1.000000 8.940800
plane 0.000000 0.000000 -1.000000 4.064000
plane 0.000000 -1.000000 -0.000000 -6.004554
plane 0.000000 1.000000 -0.000000 6.502400
plane 0.930233 0.366970 -0.000000 -8.827618
plane -0.724132 -0.689661 -0.000000 4.932738
plane 0.579633 -0.814878 -0.000000 -12.156166
brush 0.400 0.410 0.430
plane -1.000000 0.000000 -0.000000 13.004800
plane 1.000000 0.000000 -0.000000 -12.530650
plane 0.000000 0.000000 1.000000 8.940800
plane 0.000000 0.000000 -1.000000 4.064000
plane 0.000000 -1.000000 -0.000000 -5.453336
plane 0.000000 1.000000 -0.000000 6.502400
plane -0.398540 -0.917151 -0.000000 0.134090
plane 0.840285 -0.542145 -0.000000 -13.784665
plane 0.724132 0.689661 -0.000000 -4.932738
brush 0.400 0.410 0.430
plane -1.000000 0.000000 -0.000000 10.299727
plane 1.000000 0.000000 -0.000000 -9.855200
plane 0.000000 0.000000 1.000000 -0.812800
plane 0.000000 0.000000 -1.000000 1.625600
plane 0.000000 -1.000000 -0.000000 -5.300933
plane 0.000000 1.000000 -0.000000 6.350000
plane 0.420557 -0.907266 -0.000000 -9.000759
plane -0.855682 -0.517502 -0.000000 5.784750
plane -0.745921 0.666035 -0.000000 11.580519
brush 0.400 0.410 0.430
plane -1.000000 0.000000 -0.000000 10.791857
plane 1.000000 0.000000 -0.000000 -9.855200
plane 0.000000 0.000000 1.000000 -0.812800
plane 0.000000 0.000000 -1.000000 1.625600
plane 0.000000 -1.000000 -0.000000 -5.852151
plane 0.000000 1.000000 -0.000000 6.350000
plane 0.745921 -0.666035 -0.000000 -11.580519
plane -0.937900 0.346905 -0.000000 12.281359
plane -0.604458 -0.796637 0.000000 1.563700
brush 0.400 0.410 0.430
plane -1.000000 0.000000 -0.000000 12.903200
plane 1.000000 0.000000 -0.000000 -11.966574
plane 0.000000 0.000000 1.000000 -0.812800
plane 0.000000 0.000000 -1.000000 1.625600
plane 0.000000 -1.000000 -0.000000 -5.852151
plane 0.000000 1.000000 -0.000000 6.350000
plane 0.937923 0.346843 -0.000000 -9.064445
plane -0.745938 -0.666016 -0.000000 5.395785
plane 0.604432 -0.796657 -0.000000 -12.192598
brush 0.400 0.410 0.430
plane -1.000000 0.000000 -0.000000 12.903200
plane 1.000000 0.000000 -0.000000 -12.458692
plane 0.000000 0.000000 1.000000 -0.812800
plane 0.000000 0.000000 -1.000000 1.625600
plane 0.000000 -1.000000 -0.000000 -5.300933
plane 0.000000 1.000000 -0.000000 6.350000
plane -0.420385 -0.907346 0.000000 0.567749
plane 0.855640 -0.517572 -0.000000 -13.689059
plane 0.745955 0.665997 -0.000000 -5.396120
brush 0.400 0.410 0.430
plane -1.000000 0.000000 -0.000000 10.299727
plane 1.000000 0.000000 -0.000000 -9.855200
plane 0.000000 0.000000 1.000000 2.844800
plane 0.000000 0.000000 -1.000000 -2.032000
plane 0.000000 -1.000000 -0.000000 -5.300933
plane 0.000000 1.000000 -0.000000 6.350000
plane 0.420557 -0.907266 -0.000000 -9.000759
plane -0.855682 -0.517502 -0.000000 5.784750
plane -0.745921 0.666035 -0.000000 11.580519
brush 0.400 0.410 0.430
plane -1.000000 0.000000 -0.000000 10.791857
plane 1.000000 0.000000 -0.000000 -9.855200
plane 0.000000 0.000000 1.000000 2.844800
plane 0.000000 0.000000 -1.000000 -2.032000
plane 0.000000 -1.000000 -0.000000 -5.852151
plane 0.000000 1.000000 -0.000000 6.350000
plane 0.745921 -0.666035 -0.000000 -11.580519
plane -0.937900 0.346905 -0.000000 12.281359
plane -0.604458 -0.796637 0.000000 1.563700
brush 0.400 0.410 0.430
plane -1.000000 0.000000 -0.000000 12.903200
plane 1.000000 0.000000 -0.000000 -11.966574
plane 0.000000 0.000000 1.000000 2.844800
plane 0.000000 0.000000 -1.000000 -2.032000
plane 0.000000 -1.000000 -0.000000 -5.852151
plane 0.000000 1.000000 -0.000000 6.350000
plane 0.937923 0.346843 -0.000000 -9.064445
plane -0.745938 -0.666016 -0.000000 5.395785
plane 0.604432 -0.796657 -0.000000 -12.192598
brush 0.400 0.410 0.430
plane -1.000000 0.000000 -0.000000 12.903200
plane 1.000000 0.000000 -0.000000 -12.458692
plane 0.000000 0.000000 1.000000 2.844800
plane 0.000000 0.000000 -1.000000 -2.032000
plane 0.000000 -1.000000 -0.000000 -5.300933
plane 0.000000 1.000000 -0.000000 6.350000
plane -0.420385 -0.907346 0.000000 0.567749
plane 0.855640 -0.517572 -0.000000 -13.689059
plane 0.745955 0.665997 -0.000000 -5.396120
brush 0.400 0.410 0.430
plane -1.000000 0.000000 -0.000000 10.299727
plane 1.000000 0.000000 -0.000000 -9.855200
plane 0.000000 0.000000 1.000000 6.502400
plane 0.000000 0.000000 -1.000000 -5.689600
plane 0.000000 -1.000000 -0.000000 -5.300933
plane 0.000000 1.000000 -0.000000 6.350000
plane 0.420557 -0.907266 -0.000000 -9.000759
plane -0.855682 -0.517502 -0.000000 5.784750
plane -0.745921 0.666035 -0.000000 11.580519
brush 0.400 0.410 0.430
plane -1.000000 0.000000 -0.000000 10.791857
plane 1.000000 0.000000 -0.000000 -9.855200
plane 0.000000 0.000000 1.000000 6.502400
plane 0.000000 0.000000 -1.000000 -5.689600
plane 0.000000 -1.000000 -0.000000 -5.852151
plane 0.000000 1.000000 -0.000000 6.350000
plane 0.745921 -0.666035 -0.000000 -11.580519
plane -0.937900 0.346905 -0.000000 12.281359
plane -0.604458 -0.796637 0.000000 1.563700
brush 0.400 0.410 0.430
plane -1.000000 0.000000 -0.000000 12.903200
plane 1.000000 0.000000 -0.000000 -11.966574
plane 0.000000 0.000000 1.000000 6.502400
plane 0.000000 0.000000 -1.000000 -5.689600
plane 0.000000 -1.000000 -0.000000 -5.852151
plane 0.000000 1.000000 -0.000000 6.350000
plane 0.937923 0.346843 -0.000000 -9.064445
plane -0.745938 -0.666016 -0.000000 5.395785
plane 0.604432 -0.796657 -0.000000 -12.192598
brush 0.400 0.410 0.430
plane -1.000000 0.000000 -0.000000 12.903200
plane 1.000000 0.000000 -0.000000 -12.458692
plane 0.000000 0.000000 1.000000 6.502400
plane 0.000000 0.000000 -1.000000 -5.689600
plane 0.000000 -1.000000 -0.000000 -5.300933
plane 0.000000 1.000000 -0.000000 6.350000
plane -0.420385 -0.907346 0.000000 0.567749
plane 0.855640 -0.517572 -0.000000 -13.689059
plane 0.745955 0.665997 -0.000000 -5.396120
brush 0.400 0.410 0.430
plane -1.000000 0.000000 -0.000000 10.299727
plane 1.000000 0.000000 -0.000000 -9.855200
plane 0.000000 0.000000 1.000000 9.753600
plane 0.000000 0.000000 -1.000000 -8.940800
plane 0.000000 -1.000000 -0.000000 -5.300933
plane 0.000000 1.000000 -0.000000 6.350000
plane 0.420557 -0.907266 -0.000000 -9.000759
plane -0.855682 -0.517502 -0.000000 5.784750
plane -0.745921 0.666035 -0.000000 11.580519
brush 0.400 0.410 0.430
plane -1.000000 0.000000 -0.000000 10.791857
plane 1.000000 0.000000 -0.000000 -9.855200
plane 0.000000 0.000000 1.000000 9.753600
plane 0.000000 0.000000 -1.000000 -8.940800
plane 0.000000 -1.000000 -0.000000 -5.852151
plane 0.000000 1.000000 -0.000000 6.350000
plane 0.745921 -0.666035 -0.000000 -11.580519
plane -0.937900 0.346905 -0.000000 12.281359
plane -0.604458 -0.796637 0.000000 1.563700
brush 0.400 0.410 0.430
plane -1.000000 0.000000 -0.000000 12.903200
plane 1.000000 0.000000 -0.000000 -11.966574
plane 0.000000 0.000000 1.000000 9.753600
plane 0.000000 0.000000 -1.000000 -8.940800
plane 0.000000 -1.000000 -0.000000 -5.852151
plane 0.000000 1.000000 -0.000000 6.350000
plane 0.937923 0.346843 -0.000000 -9.064445
plane -0.745938 -0.666016 -0.000000 5.395785
plane 0.604432 -0.796657 -0.000000 -12.192598
brush 0.400 0.410 0.430
plane -1.000000 0.000000 -0.000000 12.903200
plane 1.000000 0.000000 -0.000000 -12.458692
plane 0.000000 0.000000 1.000000 9.753600
plane 0.000000 0.000000 -1.000000 -8.940800
plane 0.000000 -1.000000 -0.000000 -5.300933
plane 0.000000 1.000000 -0.000000 6.350000
plane -0.420385 -0.907346 0.000000 0.567749
plane 0.855640 -0.517572 -0.000000 -13.689059
plane 0.745955 0.665997 -0.000000 -5.396120
brush 0.272 0.587 0.358
plane -1.000000 0.000000 -0.000000 43.891201
plane 1.000000 0.000000 -0.000000 -42.265598
plane 0.000000 0.000000 1.000000 -24.383999
plane 0.000000 0.000000 -1.000000 25.196800
plane 0.000000 -1.000000 -0.000000 -4.368800
plane 0.000000 1.000000 -0.000000 4.876800
plane 0.298325 -0.954464 0.000088 -17.193035
plane 0.000000 -0.894427 -0.447214 6.997283
plane 0.298325 -0.954464 -0.000000 -17.190802
plane 0.298275 -0.954480 -0.000000 -17.188745
brush 0.272 0.587 0.358
plane -1.000000 0.000000 -0.000000 43.891201
plane 1.000000 0.000000 -0.000000 -42.265598
plane 0.000000 0.000000 1.000000 -25.196800
plane 0.000000 0.000000 -1.000000 26.009600
plane 0.000000 -1.000000 -0.000000 -4.775200
plane 0.000000 1.000000 -0.000000 4.876800
plane 0.000000 -0.992278 -0.124035 -1.613047
plane 0.299132 -0.954212 -0.000000 -17.223763
brush 0.400 0.410 0.430
plane -1.000000 0.000000 -0.000000 43.647129
plane 1.000000 0.000000 -0.000000 -43.078400
plane 0.000000 0.000000 1.000000 -24.383999
plane 0.000000 0.000000 -1.000000 24.739599
plane 0.000000 -1.000000 -0.000000 -4.368800
plane 0.000000 1.000000 -0.000000 4.546600
plane 0.554700 -0.832050 -0.000000 -27.678595
plane 0.000000 -0.894427 -0.447214 6.997283
plane -0.298396 0.954442 -0.000000 17.193895
plane -0.530169 0.000000 -0.847892 43.815323
brush 0.272 0.587 0.358
plane -1.000000 0.000000 -0.000000 42.265598
plane 1.000000 0.000000 -0.000000 -40.639999
plane 0.000000 0.000000 1.000000 -24.383999
plane 0.000000 0.000000 -1.000000 25.196800
plane 0.000000 -1.000000 -0.000000 -4.368800
plane 0.000000 1.000000 -0.000000 4.876800
plane 0.000000 -0.894427 -0.447214 6.997283
plane -0.298325 -0.954464 0.000088 8.024727
plane -0.298327 -0.954464 0.000000 8.027028
brush 0.272 0.587 0.358
plane -1.000000 0.000000 -0.000000 42.265598
plane 1.000000 0.000000 -0.000000 -40.639999
plane 0.000000 0.000000 1.000000 -25.196800
plane 0.000000 0.000000 -1.000000 26.009600
plane 0.000000 -1.000000 -0.000000 -4.775200
plane 0.000000 1.000000 -0.000000 4.876800
plane 0.000000 -0.992278 -0.124035 -1.613047
plane -0.299132 -0.954212 -0.000000 8.062183
brush 0.400 0.410 0.430
plane -1.000000 0.000000 -0.000000 41.452801
plane 1.000000 0.000000 -0.000000 -40.884098
plane 0.000000 0.000000 1.000000 -24.383999
plane 0.000000 0.000000 -1.000000 24.739599
plane 0.000000 -1.000000 -0.000000 -4.368800
plane 0.000000 1.000000 -0.000000 4.546600
plane -0.554700 -0.832050 -0.000000 19.210876
plane 0.000000 -0.894427 -0.447214 6.997283
plane 0.298396 0.954442 -0.000000 -8.029890
plane 0.530169 0.000000 -0.847892 -1.000486
brush 0.272 0.587 0.358
plane -1.000000 0.000000 -0.000000 43.891201
plane 1.000000 0.000000 -0.000000 -42.265598
plane 0.000000 0.000000 1.000000 -22.758400
plane 0.000000 0.000000 -1.000000 23.571199
plane 0.000000 -1.000000 -0.000000 -4.368800
plane 0.000000 1.000000 -0.000000 4.876800
plane 0.298325 -0.954464 -0.000088 -17.188803
plane 0.000000 -0.894427 0.447214 -14.448936
brush 0.272 0.587 0.358
plane -1.000000 0.000000 -0.000000 43.891201
plane 1.000000 0.000000 -0.000000 -42.265598
plane 0.000000 0.000000 1.000000 -21.945601
plane 0.000000 0.000000 -1.000000 22.758400
plane 0.000000 -1.000000 -0.000000 -4.775200
plane 0.000000 1.000000 -0.000000 4.876800
plane 0.000000 -0.992278 0.124035 -7.561158
plane 0.299132 -0.954212 -0.000000 -17.223763
brush 0.400 0.410 0.430
plane -1.000000 0.000000 -0.000000 43.647129
plane 1.000000 0.000000 -0.000000 -43.078400
plane 0.000000 0.000000 1.000000 -23.215599
plane 0.000000 0.000000 -1.000000 23.571199
plane 0.000000 -1.000000 -0.000000 -4.368800
plane 0.000000 1.000000 -0.000000 4.546600
plane -0.298396 0.954442 -0.000000 17.193895
plane 0.000000 -0.894427 0.447214 -14.448936
plane 0.554700 -0.832050 -0.000000 -27.678595
plane -0.530170 0.000000 0.847892 3.154565
brush 0.272 0.587 0.358
plane -1.000000 0.000000 -0.000000 42.265598
plane 1.000000 0.000000 -0.000000 -40.639999
plane 0.000000 0.000000 1.000000 -22.758400
plane 0.000000 0.000000 -1.000000 23.571199
plane 0.000000 -1.000000 -0.000000 -4.368800
plane 0.000000 1.000000 -0.000000 4.876800
plane 0.000000 -0.894427 0.447214 -14.448936
plane -0.298325 -0.954464 -0.000088 8.028960
plane -0.298275 -0.954480 0.000000 8.024755
brush 0.272 0.587 0.358
plane -1.000000 0.000000 -0.000000 42.265598
plane 1.000000 0.000000 -0.000000 -40.639999
plane 0.000000 0.000000 1.000000 -21.945601
plane 0.000000 0.000000 -1.000000 22.758400
plane 0.000000 -1.000000 -0.000000 -4.775200
plane 0.000000 1.000000 -0.000000 4.876800
plane 0.000000 -0.992278 0.124035 -7.561158
plane -0.299132 -0.954212 -0.000000 8.062183
brush 0.400 0.410 0.430
plane -1.000000 0.000000 -0.000000 41.452801
plane 1.000000 0.000000 -0.000000 -40.884098
plane 0.000000 0.000000 1.000000 -23.215599
plane 0.000000 0.000000 -1.000000 23.571199
plane 0.000000 -1.000000 -0.000000 -4.368800
plane 0.000000 1.000000 -0.000000 4.546600
plane 0.298396 0.954442 -0.000000 -8.029890
plane 0.000000 -0.894427 0.447214 -14.448936
plane -0.554700 -0.832050 -0.000000 19.210876
plane 0.530169 0.000000 0.847892 -41.661316
brush 0.272 0.587 0.358
plane -1.000000 0.000000 -0.000000 52.019199
plane 1.000000 0.000000 -0.000000 -50.393600
plane 0.000000 0.000000 1.000000 -35.356800
plane 0.000000 0.000000 -1.000000 35.763199
plane 0.000000 -1.000000 -0.000000 -4.368800
plane 0.000000 1.000000 -0.000000 4.876800
plane 0.298325 -0.954464 -0.000177 -19.609350
plane 0.000000 -0.707107 0.707107 -28.377609
plane 0.298325 -0.954464 -0.000000 -19.615654
plane 0.298275 -0.954480 -0.000000 -19.613132
brush 0.400 0.410 0.430
plane -1.000000 0.000000 -0.000000 51.775131
plane 1.000000 0.000000 -0.000000 -51.206398
plane 0.000000 0.000000 1.000000 -35.585400
plane 0.000000 0.000000 -1.000000 35.763199
plane 0.000000 -1.000000 -0.000000 -4.368800
plane 0.000000 1.000000 -0.000000 4.546600
plane -0.298396 0.954442 -0.000000 19.619259
plane 0.000000 -0.707107 0.707107 -28.377609
plane 0.554700 -0.832050 -0.000000 -32.187202
plane -0.298397 0.000000 0.954442 -18.684372
brush 0.272 0.587 0.358
plane -1.000000 0.000000 -0.000000 50.393600
plane 1.000000 0.000000 -0.000000 -48.767998
plane 0.000000 0.000000 1.000000 -35.356800
plane 0.000000 0.000000 -1.000000 35.763199
plane 0.000000 -1.000000 -0.000000 -4.368800
plane 0.000000 1.000000 -0.000000 4.876800
plane 0.000000 -0.707107 0.707107 -28.377609
plane -0.298325 -0.954464 -0.000177 10.457978
plane -0.298275 -0.954480 0.000000 10.449130
plane -0.298325 -0.954464 -0.000000 10.451694
brush 0.400 0.410 0.430
plane -1.000000 0.000000 -0.000000 49.580799
plane 1.000000 0.000000 -0.000000 -49.012081
plane 0.000000 0.000000 1.000000 -35.585400
plane 0.000000 0.000000 -1.000000 35.763199
plane 0.000000 -1.000000 -0.000000 -4.368800
plane 0.000000 1.000000 -0.000000 4.546600
plane 0.298396 0.954442 -0.000000 -10.455254
plane 0.000000 -0.707107 0.707107 -28.377609
plane -0.554700 -0.832050 -0.000000 23.719479
plane 0.298396 0.000000 0.954442 -48.758926
brush 0.272 0.587 0.358
plane -1.000000 0.000000 -0.000000 52.019199
plane 1.000000 0.000000 -0.000000 -50.393600
plane 0.000000 0.000000 1.000000 -36.576000
plane 0.000000 0.000000 -1.000000 36.982399
plane 0.000000 -1.000000 -0.000000 -4.368800
plane 0.000000 1.000000 -0.000000 4.876800
plane 0.298325 -0.954464 0.000177 -19.622126
plane 0.000000 -0.707107 -0.707107 22.773932
plane 0.298325 -0.954464 -0.000000 -19.615654
plane 0.298275 -0.954480 -0.000000 -19.613132
brush 0.400 0.410 0.430
plane -1.000000 0.000000 -0.000000 51.775131
plane 1.000000 0.000000 -0.000000 -51.206398
plane 0.000000 0.000000 1.000000 -36.576000
plane 0.000000 0.000000 -1.000000 36.753799
plane 0.000000 -1.000000 -0.000000 -4.368800
plane 0.000000 1.000000 -0.000000 4.546600
plane 0.554700 -0.832050 -0.000000 -32.187202
plane 0.000000 -0.707107 -0.707107 22.773932
plane -0.298396 0.954442 -0.000000 19.619259
plane -0.298398 0.000000 -0.954442 50.359238
brush 0.272 0.587 0.358
plane -1.000000 0.000000 -0.000000 50.393600
plane 1.000000 0.000000 -0.000000 -48.767998
plane 0.000000 0.000000 1.000000 -36.576000
plane 0.000000 0.000000 -1.000000 36.982399
plane 0.000000 -1.000000 -0.000000 -4.368800
plane 0.000000 1.000000 -0.000000 4.876800
plane 0.000000 -0.707107 -0.707107 22.773932
plane -0.298325 -0.954464 0.000177 10.445204
plane -0.298275 -0.954480 0.000000 10.449130
plane -0.298325 -0.954464 -0.000000 10.451694
brush 0.400 0.410 0.430
plane -1.000000 0.000000 -0.000000 49.580799
plane 1.000000 0.000000 -0.000000 -49.012081
plane 0.000000 0.000000 1.000000 -36.576000
plane 0.000000 0.000000 -1.000000 36.753799
plane 0.000000 -1.000000 -0.000000 -4.368800
plane 0.000000 1.000000 -0.000000 4.546600
plane -0.554700 -0.832050 -0.000000 23.719479
plane 0.000000 -0.707107 -0.707107 22.773932
plane 0.298396 0.954442 -0.000000 -10.455254
plane 0.298397 0.000000 -0.954442 20.284603
brush 0.272 0.587 0.358
plane -1.000000 0.000000 -0.000000 50.393600
plane 1.000000 0.000000 -0.000000 -48.767998
plane 0.000000 0.000000 1.000000 -44.297600
plane 0.000000 0.000000 -1.000000 44.703999
plane 0.000000 -1.000000 -0.000000 -4.368800
plane 0.000000 1.000000 -0.000000 4.876800
plane -0.000000 -0.707107 0.707107 -34.699711
plane -0.298325 -0.954464 -0.000177 10.459558
plane -0.298275 -0.954480 0.000000 10.449130
plane -0.298325 -0.954464 -0.000000 10.451694
brush 0.400 0.410 0.430
plane -1.000000 0.000000 -0.000000 49.580799
plane 1.000000 0.000000 -0.000000 -49.012081
plane 0.000000 0.000000 1.000000 -44.526199
plane 0.000000 0.000000 -1.000000 44.703999
plane 0.000000 -1.000000 -0.000000 -4.368800
plane 0.000000 1.000000 -0.000000 4.546600
plane 0.298396 0.954442 -0.000000 -10.455254
plane -0.000000 -0.707107 0.707107 -34.699711
plane -0.554700 -0.832050 -0.000000 23.719479
plane 0.298395 0.000000 0.954443 -57.292347
brush 0.272 0.587 0.358
plane -1.000000 0.000000 -0.000000 52.019199
plane 1.000000 0.000000 -0.000000 -50.393600
plane 0.000000 0.000000 1.000000 -44.297600
plane 0.000000 0.000000 -1.000000 44.703999
plane 0.000000 -1.000000 -0.000000 -4.368800
plane 0.000000 1.000000 -0.000000 4.876800
plane 0.298325 -0.954464 -0.000177 -19.607773
plane -0.000000 -0.707107 0.707107 -34.699711
plane 0.298325 -0.954464 -0.000000 -19.615654
plane 0.298275 -0.954480 -0.000000 -19.613132
brush 0.400 0.410 0.430
plane -1.000000 0.000000 -0.000000 51.775131
plane 1.000000 0.000000 -0.000000 -51.206398
plane 0.000000 0.000000 1.000000 -44.526199
plane 0.000000 0.000000 -1.000000 44.703999
plane 0.000000 -1.000000 -0.000000 -4.368800
plane 0.000000 1.000000 -0.000000 4.546600
plane -0.298396 0.954442 -0.000000 19.619259
plane -0.000000 -0.707107 0.707107 -34.699711
plane 0.554700 -0.832050 -0.000000 -32.187202
plane -0.298396 0.000000 0.954442 -27.217924
brush 0.272 0.587 0.358
plane -1.000000 0.000000 -0.000000 43.891201
plane 1.000000 0.000000 -0.000000 -42.265598
plane 0.000000 0.000000 1.000000 -18.694399
plane 0.000000 0.000000 -1.000000 19.507200
plane 0.000000 -1.000000 -0.000000 -4.368800
plane 0.000000 1.000000 -0.000000 4.876800
plane 0.298325 -0.954464 0.000088 -17.192533
plane 0.000000 -0.894427 -0.447214 4.452816
plane 0.298275 -0.954480 -0.000000 -17.188745
brush 0.272 0.587 0.358
plane -1.000000 0.000000 -0.000000 43.891201
plane 1.000000 0.000000 -0.000000 -42.265598
plane 0.000000 0.000000 1.000000 -19.507200
plane 0.000000 0.000000 -1.000000 20.320000
plane 0.000000 -1.000000 -0.000000 -4.775200
plane 0.000000 1.000000 -0.000000 4.876800
plane 0.000000 -0.992278 -0.124035 -2.318755
plane 0.299132 -0.954212 -0.000000 -17.223763
brush 0.400 0.410 0.430
plane -1.000000 0.000000 -0.000000 43.647129
plane 1.000000 0.000000 -0.000000 -43.078400
plane 0.000000 0.000000 1.000000 -18.694399
plane 0.000000 0.000000 -1.000000 19.049999
plane 0.000000 -1.000000 -0.000000 -4.368800
plane 0.000000 1.000000 -0.000000 4.546600
plane 0.554700 -0.832050 -0.000000 -27.678595
plane 0.000000 -0.894427 -0.447214 4.452816
plane -0.298396 0.954442 -0.000000 17.193895
plane -0.530169 0.000000 -0.847892 38.991154
brush 0.272 0.587 0.358
plane -1.000000 0.000000 -0.000000 42.265598
plane 1.000000 0.000000 -0.000000 -40.639999
plane 0.000000 0.000000 1.000000 -18.694399
plane 0.000000 0.000000 -1.000000 19.507200
plane 0.000000 -1.000000 -0.000000 -4.368800
plane 0.000000 1.000000 -0.000000 4.876800
plane 0.000000 -0.894427 -0.447214 4.452816
plane -0.298325 -0.954464 0.000088 8.025229
brush 0.272 0.587 0.358
plane -1.000000 0.000000 -0.000000 42.265598
plane 1.000000 0.000000 -0.000000 -40.639999
plane 0.000000 0.000000 1.000000 -19.507200
plane 0.000000 0.000000 -1.000000 20.320000
plane 0.000000 -1.000000 -0.000000 -4.775200
plane 0.000000 1.000000 -0.000000 4.876800
plane 0.000000 -0.992278 -0.124035 -2.318755
plane -0.299132 -0.954212 -0.000000 8.062183
brush 0.400 0.410 0.430
plane -1.000000 0.000000 -0.000000 41.452801
plane 1.000000 0.000000 -0.000000 -40.884098
plane 0.000000 0.000000 1.000000 -18.694399
plane 0.000000 0.000000 -1.000000 19.049999
plane 0.000000 -1.000000 -0.000000 -4.368800
plane 0.000000 1.000000 -0.000000 4.546600
plane -0.554700 -0.832050 -0.000000 19.210876
plane 0.000000 -0.894427 -0.447214 4.452816
plane 0.298396 0.954442 -0.000000 -8.029890
plane 0.530169 0.000000 -0.847892 -5.824653
brush 0.400 0.410 0.430
plane -1.000000 0.000000 -0.000000 -33.324799
plane 1.000000 0.000000 -0.000000 34.035999
plane 0.000000 0.000000 1.000000 -77.622398
plane 0.000000 0.000000 -1.000000 79.654396
plane 0.000000 -1.000000 -0.000000 -7.378749
plane 0.000000 1.000000 -0.000000 8.128000
plane -0.202699 -0.979241 -0.000000 -14.016530
plane 0.593802 -0.804611 -0.000000 13.956899
plane 0.447214 0.894427 -0.000000 22.173210
brush 0.400 0.410 0.430
plane -1.000000 0.000000 -0.000000 -33.324799
plane 1.000000 0.000000 -0.000000 34.823399
plane 0.000000 0.000000 1.000000 -77.622398
plane 0.000000 0.000000 -1.000000 79.654396
plane 0.000000 -1.000000 -0.000000 -7.772400
plane 0.000000 1.000000 -0.000000 8.128000
plane 0.770109 0.637912 0.000000 31.946041
plane -0.447214 -0.894427 -0.000000 -22.173210
plane 0.320779 -0.947154 -0.000000 3.556390
brush 0.400 0.410 0.430
plane -1.000000 0.000000 -0.000000 -34.749741
plane 1.000000 0.000000 -0.000000 35.763508
plane 0.000000 0.000000 1.000000 -77.622398
plane 0.000000 0.000000 -1.000000 79.654396
plane 0.000000 -1.000000 -0.000000 -8.039075
plane 0.000000 1.000000 -0.000000 8.128000
plane 0.094174 -0.995556 -0.000000 -4.723907
plane -0.770019 -0.638021 0.000000 -31.943792
brush 0.400 0.410 0.430
plane -1.000000 0.000000 -0.000000 -36.702999
plane 1.000000 0.000000 -0.000000 38.201599
plane 0.000000 0.000000 1.000000 -77.622398
plane 0.000000 0.000000 -1.000000 79.654396
plane 0.000000 -1.000000 -0.000000 -7.772400
plane 0.000000 1.000000 -0.000000 8.128000
plane 0.447214 -0.894427 -0.000000 9.814371
plane -0.770019 0.638021 -0.000000 -23.132891
plane -0.320807 -0.947145 -0.000000 -19.388771
brush 0.400 0.410 0.430
plane -1.000000 0.000000 -0.000000 -35.763199
plane 1.000000 0.000000 -0.000000 36.776688
plane 0.000000 0.000000 1.000000 -77.622398
plane 0.000000 0.000000 -1.000000 79.654396
plane 0.000000 -1.000000 -0.000000 -8.039075
plane 0.000000 1.000000 -0.000000 8.128000
plane -0.094147 -0.995558 -0.000000 -11.458907
plane 0.769929 -0.638130 -0.000000 23.128687
brush 0.400 0.410 0.430
plane -1.000000 0.000000 -0.000000 -37.490398
plane 1.000000 0.000000 -0.000000 38.201599
plane 0.000000 0.000000 1.000000 -77.622398
plane 0.000000 0.000000 -1.000000 79.654396
plane 0.000000 -1.000000 -0.000000 -7.378749
plane 0.000000 1.000000 -0.000000 8.128000
plane 0.202703 -0.979240 -0.000000 0.482060
plane -0.593877 -0.804556 -0.000000 -28.518023
plane -0.447214 0.894427 -0.000000 -9.814371
brush 0.400 0.410 0.430
plane -1.000000 0.000000 -0.000000 -34.137600
plane 1.000000 0.000000 -0.000000 34.848801
plane 0.000000 0.000000 1.000000 -2.032000
plane 0.000000 0.000000 -1.000000 4.064000
plane 0.000000 -1.000000 -0.000000 0.749276
plane 0.000000 1.000000 -0.000000 0.000000
plane -0.202703 -0.979240 0.000000 -6.222128
plane 0.447214 0.894427 0.000000 15.266799
plane 0.593803 -0.804611 -0.000000 20.979431
brush 0.400 0.410 0.430
plane -1.000000 0.000000 -0.000000 -34.137600
plane 1.000000 0.000000 -0.000000 35.636200
plane 0.000000 0.000000 1.000000 -2.032000
plane 0.000000 0.000000 -1.000000 4.064000
plane 0.000000 -1.000000 -0.000000 0.355600
plane 0.000000 1.000000 -0.000000 0.000000
plane 0.770109 0.637912 -0.000000 27.387045
plane -0.447214 -0.894427 -0.000000 -15.266799
plane 0.320779 -0.947154 -0.000000 11.515584
brush 0.400 0.410 0.430
plane -1.000000 0.000000 -0.000000 -35.562519
plane 1.000000 0.000000 -0.000000 36.576000
plane 0.000000 0.000000 1.000000 -2.032000
plane 0.000000 0.000000 -1.000000 4.064000
plane 0.000000 -1.000000 -0.000000 0.088967
plane 0.000000 1.000000 -0.000000 0.000000
plane 0.094174 -0.995556 -0.000000 3.444515
plane -0.770019 -0.638021 -0.000000 -27.383829
brush 0.400 0.410 0.430
plane -1.000000 0.000000 -0.000000 -37.515800
plane 1.000000 0.000000 -0.000000 39.014400
plane 0.000000 0.000000 1.000000 -2.032000
plane 0.000000 0.000000 -1.000000 4.064000
plane 0.000000 -1.000000 -0.000000 0.355600
plane 0.000000 1.000000 -0.000000 0.000000
plane 0.447214 -0.894427 -0.000000 17.447771
plane -0.770019 0.638021 -0.000000 -28.944595
plane -0.320807 -0.947145 0.000000 -11.951133
brush 0.400 0.410 0.430
plane -1.000000 0.000000 -0.000000 -38.303200
plane 1.000000 0.000000 -0.000000 39.014400
plane 0.000000 0.000000 1.000000 -2.032000
plane 0.000000 0.000000 -1.000000 4.064000
plane 0.000000 -1.000000 -0.000000 0.749276
plane 0.000000 1.000000 -0.000000 0.000000
plane 0.202703 -0.979240 -0.000000 8.606052
plane -0.447214 0.894427 -0.000000 -17.447771
plane -0.593877 -0.804556 0.000000 -22.461292
brush 0.400 0.410 0.430
plane -1.000000 0.000000 -0.000000 -36.576000
plane 1.000000 0.000000 -0.000000 37.589481
plane 0.000000 0.000000 1.000000 -2.032000
plane 0.000000 0.000000 -1.000000 4.064000
plane 0.000000 -1.000000 -0.000000 0.088967
plane 0.000000 1.000000 -0.000000 0.000000
plane -0.094147 -0.995558 0.000000 -3.443530
plane 0.769928 -0.638130 -0.000000 28.941195
brush 0.400 0.410 0.430
plane -1.000000 0.000000 -0.000000 -18.272980
plane 1.000000 0.000000 -0.000000 18.897600
plane 0.000000 0.000000 1.000000 -51.612801
plane 0.000000 0.000000 -1.000000 52.019199
plane 0.000000 -1.000000 -0.000000 -1.412208
plane 0.000000 1.000000 -0.000000 1.625600
plane 0.584195 -0.811613 -0.000000 9.720533
plane -0.866353 0.499432 -0.000000 -15.045636
plane -0.438342 -0.898808 -0.000000 -9.423007
brush 0.400 0.410 0.430
plane -1.000000 0.000000 -0.000000 -18.601162
plane 1.000000 0.000000 -0.000000 18.897600
plane 0.000000 0.000000 1.000000 -51.612801
plane 0.000000 0.000000 -1.000000 52.019199
plane 0.000000 -1.000000 -0.000000 -1.176208
plane 0.000000 1.000000 -0.000000 1.625600
plane 0.285241 -0.958456 -0.000000 4.241800
plane -0.728278 -0.685282 -0.000000 -14.514616
plane -0.584195 0.811613 -0.000000 -9.720533
brush 0.400 0.410 0.430
plane -1.000000 0.000000 -0.000000 -17.881338
plane 1.000000 0.000000 -0.000000 18.303764
plane 0.000000 0.000000 1.000000 -51.612801
plane 0.000000 0.000000 -1.000000 52.019199
plane 0.000000 -1.000000 -0.000000 -1.572225
plane 0.000000 1.000000 -0.000000 1.625600
plane -0.134941 -0.990854 -0.000000 -4.023696
plane 0.868241 -0.496143 -0.000000 15.085532
brush 0.400 0.410 0.430
plane -1.000000 0.000000 -0.000000 -17.459427
plane 1.000000 0.000000 -0.000000 17.881863
plane 0.000000 0.000000 1.000000 -51.612801
plane 0.000000 0.000000 -1.000000 52.019199
plane 0.000000 -1.000000 -0.000000 -1.572225
plane 0.000000 1.000000 -0.000000 1.625600
plane 0.134941 -0.990854 -0.000000 0.802233
plane -0.868241 -0.496143 -0.000000 -15.965538
brush 0.400 0.410 0.430
plane -1.000000 0.000000 -0.000000 -16.865601
plane 1.000000 0.000000 -0.000000 17.489943
plane 0.000000 0.000000 1.000000 -51.612801
plane 0.000000 0.000000 -1.000000 52.019199
plane 0.000000 -1.000000 -0.000000 -1.412208
plane 0.000000 1.000000 -0.000000 1.625600
plane 0.868241 0.496143 -0.000000 15.965538
plane -0.584195 -0.811613 -0.000000 -11.172165
plane 0.438560 -0.898702 -0.000000 6.257391
brush 0.400 0.410 0.430
plane -1.000000 0.000000 -0.000000 -16.865601
plane 1.000000 0.000000 -0.000000 17.162016
plane 0.000000 0.000000 1.000000 -51.612801
plane 0.000000 0.000000 -1.000000 52.019199
plane 0.000000 -1.000000 -0.000000 -1.176208
plane 0.000000 1.000000 -0.000000 1.625600
plane -0.285241 -0.958456 -0.000000 -5.959049
plane 0.728315 -0.685243 -0.000000 11.531600
plane 0.584241 0.811580 -0.000000 11.172883
brush 0.400 0.410 0.430
plane -1.000000 0.000000 -0.000000 56.489601
plane 1.000000 0.000000 -0.000000 -54.457600
plane 0.000000 0.000000 1.000000 -53.644798
plane 0.000000 0.000000 -1.000000 54.355999
plane 0.000000 -1.000000 -0.000000 -4.737067
plane 0.000000 1.000000 -0.000000 5.486400
plane 0.000000 -0.804556 -0.593877 28.152777
plane -0.000000 0.894427 -0.447214 28.897871
plane -0.000000 -0.979240 0.202703 -15.548759
brush 0.434 0.603 0.297
plane -1.000000 0.000000 -0.000000 56.489601
plane 1.000000 0.000000 -0.000000 -54.457600
plane 0.000000 0.000000 1.000000 -53.644798
plane 0.000000 0.000000 -1.000000 55.143398
plane 0.000000 -1.000000 -0.000000 -5.130800
plane 0.000000 1.000000 -0.000000 5.486400
plane 0.000000 -0.947145 -0.320807 12.578178
plane 0.000000 -0.894427 0.447214 -28.897871
plane -0.000000 0.638005 -0.770032 45.905819
brush 0.400 0.410 0.430
plane -1.000000 0.000000 -0.000000 56.489601
plane 1.000000 0.000000 -0.000000 -54.457600
plane 0.000000 0.000000 1.000000 -55.069698
plane 0.000000 0.000000 -1.000000 56.083199
plane 0.000000 -1.000000 -0.000000 -5.397520
plane 0.000000 1.000000 -0.000000 5.486400
plane 0.000000 -0.995558 -0.094147 -0.181947
plane -0.000000 -0.638114 0.769942 -45.901451
brush 0.400 0.410 0.430
plane -1.000000 0.000000 -0.000000 56.489601
plane 1.000000 0.000000 -0.000000 -54.457600
plane 0.000000 0.000000 1.000000 -56.083199
plane 0.000000 0.000000 -1.000000 57.096668
plane 0.000000 -1.000000 -0.000000 -5.397520
plane 0.000000 1.000000 -0.000000 5.486400
plane -0.000000 -0.995556 0.094174 -10.743607
plane 0.000000 -0.638005 -0.770032 40.465908
brush 0.400 0.410 0.430
plane -1.000000 0.000000 -0.000000 56.489601
plane 1.000000 0.000000 -0.000000 -54.457600
plane 0.000000 0.000000 1.000000 -57.022999
plane 0.000000 0.000000 -1.000000 58.521599
plane 0.000000 -1.000000 -0.000000 -5.130800
plane 0.000000 1.000000 -0.000000 5.486400
plane -0.000000 -0.947154 0.320779 -23.404045
plane 0.000000 0.637896 0.770122 -40.471653
plane 0.000000 -0.894427 -0.447214 21.264471
brush 0.400 0.410 0.430
plane -1.000000 0.000000 -0.000000 56.489601
plane 1.000000 0.000000 -0.000000 -54.457600
plane 0.000000 0.000000 1.000000 -57.810398
plane 0.000000 0.000000 -1.000000 58.521599
plane 0.000000 -1.000000 -0.000000 -4.737067
plane 0.000000 1.000000 -0.000000 5.486400
plane -0.000000 -0.804611 0.593803 -38.456264
plane 0.000000 -0.979240 -0.202703 7.187680
plane 0.000000 0.894427 0.447214 -21.264471
brush 0.434 0.603 0.297
plane -1.000000 0.000000 -0.000000 56.692799
plane 1.000000 0.000000 -0.000000 -55.880001
plane 0.000000 0.000000 1.000000 23.622000
plane 0.000000 0.000000 -1.000000 -22.301199
plane 0.000000 -1.000000 -0.000000 -8.000999
plane 0.000000 1.000000 -0.000000 8.966200
plane 0.000000 0.052559 0.998618 24.009874
plane -0.000000 0.052559 -0.998618 -21.849852
brush 0.434 0.603 0.297
plane -1.000000 0.000000 -0.000000 56.692799
plane 1.000000 0.000000 -0.000000 -55.880001
plane 0.000000 0.000000 1.000000 23.571199
plane 0.000000 0.000000 -1.000000 -22.351999
plane 0.000000 -1.000000 -0.000000 -8.966200
plane 0.000000 1.000000 -0.000000 9.474200
plane 0.000000 0.707107 0.707107 23.007418
plane 0.876216 0.481919 -0.000000 -44.641968
plane -0.894427 0.447214 -0.000000 54.717388
plane 0.000000 0.707107 -0.707107 -9.465191
brush 0.434 0.603 0.297
plane -1.000000 0.000000 -0.000000 56.692799
plane 1.000000 0.000000 -0.000000 -55.880001
plane 0.000000 0.000000 1.000000 21.183599
plane 0.000000 0.000000 -1.000000 -19.862801
plane 0.000000 -1.000000 -0.000000 -8.000999
plane 0.000000 1.000000 -0.000000 8.966200
plane 0.000000 0.052559 0.998618 21.574844
plane -0.000000 0.052559 -0.998618 -19.414822
brush 0.434 0.603 0.297
plane -1.000000 0.000000 -0.000000 56.692799
plane 1.000000 0.000000 -0.000000 -55.880001
plane 0.000000 0.000000 1.000000 21.132799
plane 0.000000 0.000000 -1.000000 -19.913599
plane 0.000000 -1.000000 -0.000000 -8.966200
plane 0.000000 1.000000 -0.000000 9.474200
plane 0.000000 0.707107 0.707107 21.283209
plane 0.876216 0.481919 -0.000000 -44.641968
plane -0.894427 0.447214 -0.000000 54.717388
plane 0.000000 0.707107 -0.707107 -7.740982
brush 0.434 0.603 0.297
plane -1.000000 0.000000 -0.000000 56.692799
plane 1.000000 0.000000 -0.000000 -55.880001
plane 0.000000 0.000000 1.000000 18.719799
plane 0.000000 0.000000 -1.000000 -17.399000
plane 0.000000 -1.000000 -0.000000 -8.000999
plane 0.000000 1.000000 -0.000000 8.966200
plane 0.000000 0.052559 0.998618 19.114449
plane -0.000000 0.052559 -0.998618 -16.954428
brush 0.434 0.603 0.297
plane -1.000000 0.000000 -0.000000 56.692799
plane 1.000000 0.000000 -0.000000 -55.880001
plane 0.000000 0.000000 1.000000 18.669001
plane 0.000000 0.000000 -1.000000 -17.449800
plane 0.000000 -1.000000 -0.000000 -8.966200
plane 0.000000 1.000000 -0.000000 9.474200
plane 0.000000 0.707107 0.707107 19.541039
plane 0.876216 0.481919 -0.000000 -44.641968
plane -0.894427 0.447214 -0.000000 54.717388
plane 0.000000 0.707107 -0.707107 -5.998811
brush 0.434 0.603 0.297
plane -1.000000 0.000000 -0.000000 54.051201
plane 1.000000 0.000000 -0.000000 -53.238400
plane 0.000000 0.000000 1.000000 15.113000
plane 0.000000 0.000000 -1.000000 -13.792200
plane 0.000000 -1.000000 -0.000000 -7.391400
plane 0.000000 1.000000 -0.000000 8.356600
plane 0.000000 0.052559 0.998618 15.480595
plane -0.000000 0.052559 -0.998618 -13.384653
brush 0.434 0.603 0.297
plane -1.000000 0.000000 -0.000000 54.051201
plane 1.000000 0.000000 -0.000000 -53.238400
plane 0.000000 0.000000 1.000000 15.062200
plane 0.000000 0.000000 -1.000000 -13.842999
plane 0.000000 -1.000000 -0.000000 -8.356600
plane 0.000000 1.000000 -0.000000 8.864600
plane 0.000000 0.707107 0.707107 16.559593
plane 0.876216 0.481919 -0.000000 -42.621201
plane -0.894427 0.447214 -0.000000 52.082050
plane 0.000000 0.707107 -0.707107 -3.879471
brush 0.434 0.603 0.297
plane -1.000000 0.000000 -0.000000 54.051201
plane 1.000000 0.000000 -0.000000 -53.238400
plane 0.000000 0.000000 1.000000 12.649199
plane 0.000000 0.000000 -1.000000 -11.328400
plane 0.000000 -1.000000 -0.000000 -6.680200
plane 0.000000 1.000000 -0.000000 7.645400
plane 0.000000 0.052559 0.998618 12.982820
plane -0.000000 0.052559 -0.998618 -10.961638
brush 0.434 0.603 0.297
plane -1.000000 0.000000 -0.000000 54.051201
plane 1.000000 0.000000 -0.000000 -53.238400
plane 0.000000 0.000000 1.000000 12.598400
plane 0.000000 0.000000 -1.000000 -11.379200
plane 0.000000 -1.000000 -0.000000 -7.645400
plane 0.000000 1.000000 -0.000000 8.153399
plane 0.000000 0.707107 0.707107 14.314528
plane 0.876216 0.481919 -0.000000 -42.963875
plane -0.894427 0.447214 -0.000000 51.763992
plane 0.000000 0.707107 -0.707107 -2.640195
brush 0.434 0.603 0.297
plane -1.000000 0.000000 -0.000000 54.051201
plane 1.000000 0.000000 -0.000000 -53.238400
plane 0.000000 0.000000 1.000000 10.210800
plane 0.000000 0.000000 -1.000000 -8.890000
plane 0.000000 -1.000000 -0.000000 -6.172200
plane 0.000000 1.000000 -0.000000 7.137400
plane 0.000000 0.052559 0.998618 10.521091
plane -0.000000 0.052559 -0.998618 -8.553308
brush 0.434 0.603 0.297
plane -1.000000 0.000000 -0.000000 54.051201
plane 1.000000 0.000000 -0.000000 -53.238400
plane 0.000000 0.000000 1.000000 10.160000
plane 0.000000 0.000000 -1.000000 -8.940800
plane 0.000000 -1.000000 -0.000000 -7.137400
plane 0.000000 1.000000 -0.000000 7.645400
plane 0.000000 0.707107 0.707107 12.231110
plane 0.876216 0.481919 -0.000000 -43.208687
plane -0.894427 0.447214 -0.000000 51.536602
plane 0.000000 0.707107 -0.707107 -1.275196
brush 0.434 0.603 0.297
plane -1.000000 0.000000 -0.000000 54.051201
plane 1.000000 0.000000 -0.000000 -53.238400
plane 0.000000 0.000000 1.000000 7.772400
plane 0.000000 0.000000 -1.000000 -6.451600
plane 0.000000 -1.000000 -0.000000 -5.461000
plane 0.000000 1.000000 -0.000000 6.426200
plane 0.000000 0.052559 0.998618 8.048680
plane -0.000000 0.052559 -0.998618 -6.155659
brush 0.434 0.603 0.297
plane -1.000000 0.000000 -0.000000 54.051201
plane 1.000000 0.000000 -0.000000 -53.238400
plane 0.000000 0.000000 1.000000 7.721600
plane 0.000000 0.000000 -1.000000 -6.502400
plane 0.000000 -1.000000 -0.000000 -6.426200
plane 0.000000 1.000000 -0.000000 6.934200
plane 0.000000 0.707107 0.707107 10.004005
plane 0.876216 0.481919 -0.000000 -43.551430
plane -0.894427 0.447214 -0.000000 51.218750
plane 0.000000 0.707107 -0.707107 -0.053882
brush 0.434 0.603 0.297
plane -1.000000 0.000000 -0.000000 54.051201
plane 1.000000 0.000000 -0.000000 -53.238400
plane 0.000000 0.000000 1.000000 5.334000
plane 0.000000 0.000000 -1.000000 -4.013200
plane 0.000000 -1.000000 -0.000000 -4.953000
plane 0.000000 1.000000 -0.000000 5.918200
plane 0.000000 0.052559 0.998618 5.586951
plane -0.000000 0.052559 -0.998618 -3.747329
brush 0.434 0.603 0.297
plane -1.000000 0.000000 -0.000000 54.051201
plane 1.000000 0.000000 -0.000000 -53.238400
plane 0.000000 0.000000 1.000000 5.283200
plane 0.000000 0.000000 -1.000000 -4.064000
plane 0.000000 -1.000000 -0.000000 -5.918200
plane 0.000000 1.000000 -0.000000 6.426200
plane 0.000000 0.707107 0.707107 7.920586
plane 0.876216 0.481919 -0.000000 -43.796242
plane -0.894427 0.447214 -0.000000 50.991562
plane 0.000000 0.707107 -0.707107 1.311117
brush 0.434 0.603 0.297
plane -1.000000 0.000000 -0.000000 53.644798
plane 1.000000 0.000000 -0.000000 -52.832001
plane 0.000000 0.000000 1.000000 -8.077200
plane 0.000000 0.000000 -1.000000 9.398000
plane 0.000000 -1.000000 -0.000000 -4.353560
plane 0.000000 1.000000 -0.000000 5.318760
plane 0.000000 0.052559 0.998618 -7.837218
plane -0.000000 0.052559 -0.998618 9.613829
brush 0.434 0.603 0.297
plane -1.000000 0.000000 -0.000000 53.644798
plane 1.000000 0.000000 -0.000000 -52.832001
plane 0.000000 0.000000 1.000000 -8.128000
plane 0.000000 0.000000 -1.000000 9.347199
plane 0.000000 -1.000000 -0.000000 -5.318760
plane 0.000000 1.000000 -0.000000 5.826760
plane 0.000000 0.707107 0.707107 -1.986433
plane 0.876216 0.481919 -0.000000 -43.729031
plane -0.894427 0.447214 -0.000000 50.359993
plane 0.000000 0.707107 -0.707107 10.370400
brush 0.434 0.603 0.297
plane -1.000000 0.000000 -0.000000 53.644798
plane 1.000000 0.000000 -0.000000 -52.832001
plane 0.000000 0.000000 1.000000 -10.515600
plane 0.000000 0.000000 -1.000000 11.836400
plane 0.000000 -1.000000 -0.000000 -4.353560
plane 0.000000 1.000000 -0.000000 5.318760
plane 0.000000 0.052559 0.998618 -10.272247
plane -0.000000 0.052559 -0.998618 12.048859
brush 0.434 0.603 0.297
plane -1.000000 0.000000 -0.000000 53.644798
plane 1.000000 0.000000 -0.000000 -52.832001
plane 0.000000 0.000000 1.000000 -10.566400
plane 0.000000 0.000000 -1.000000 11.785600
plane 0.000000 -1.000000 -0.000000 -5.318760
plane 0.000000 1.000000 -0.000000 5.826760
plane 0.000000 0.707107 0.707107 -3.710642
plane 0.876216 0.481919 -0.000000 -43.729031
plane -0.894427 0.447214 -0.000000 50.359993
plane 0.000000 0.707107 -0.707107 12.094609
brush 0.434 0.603 0.297
plane -1.000000 0.000000 -0.000000 53.644798
plane 1.000000 0.000000 -0.000000 -52.832001
plane 0.000000 0.000000 1.000000 -12.979400
plane 0.000000 0.000000 -1.000000 14.300200
plane 0.000000 -1.000000 -0.000000 -4.353560
plane 0.000000 1.000000 -0.000000 5.318760
plane 0.000000 0.052559 0.998618 -12.732642
plane -0.000000 0.052559 -0.998618 14.509253
brush 0.434 0.603 0.297
plane -1.000000 0.000000 -0.000000 53.644798
plane 1.000000 0.000000 -0.000000 -52.832001
plane 0.000000 0.000000 1.000000 -13.030200
plane 0.000000 0.000000 -1.000000 14.249400
plane 0.000000 -1.000000 -0.000000 -5.318760
plane 0.000000 1.000000 -0.000000 5.826760
plane 0.000000 0.707107 0.707107 -5.452812
plane 0.876216 0.481919 -0.000000 -43.729031
plane -0.894427 0.447214 -0.000000 50.359993
plane 0.000000 0.707107 -0.707107 13.836780
brush 0.434 0.603 0.297
plane -1.000000 0.000000 -0.000000 28.676600
plane 1.000000 0.000000 -0.000000 -27.355799
plane 0.000000 0.000000 1.000000 27.203400
plane 0.000000 0.000000 -1.000000 -26.390600
plane 0.000000 -1.000000 -0.000000 -8.403412
plane 0.000000 1.000000 -0.000000 9.368611
plane -0.998618 0.052559 -0.000000 29.078638
plane 0.998618 0.052559 -0.000000 -26.876316
brush 0.434 0.603 0.297
plane -1.000000 0.000000 -0.000000 28.625799
plane 1.000000 0.000000 -0.000000 -27.406599
plane 0.000000 0.000000 1.000000 27.203400
plane 0.000000 0.000000 -1.000000 -26.390600
plane 0.000000 -1.000000 -0.000000 -9.368611
plane 0.000000 1.000000 -0.000000 9.876612
plane 0.707107 0.707107 -0.000000 -12.754785
plane -0.000000 0.481919 -0.876216 -18.608953
plane 0.000000 0.447214 0.894427 28.521231
plane -0.707107 0.707107 -0.000000 26.866108
brush 0.434 0.603 0.297
plane -1.000000 0.000000 -0.000000 26.238199
plane 1.000000 0.000000 -0.000000 -24.917400
plane 0.000000 0.000000 1.000000 27.228800
plane 0.000000 0.000000 -1.000000 -26.416000
plane 0.000000 -1.000000 -0.000000 -8.403412
plane 0.000000 1.000000 -0.000000 9.368611
plane -0.998618 0.052559 -0.000000 26.643608
plane 0.998618 0.052559 -0.000000 -24.441286
brush 0.434 0.603 0.297
plane -1.000000 0.000000 -0.000000 26.187399
plane 1.000000 0.000000 -0.000000 -24.968199
plane 0.000000 0.000000 1.000000 27.228800
plane 0.000000 0.000000 -1.000000 -26.416000
plane 0.000000 -1.000000 -0.000000 -9.368611
plane 0.000000 1.000000 -0.000000 9.876612
plane 0.707107 0.707107 -0.000000 -11.030575
plane -0.000000 0.481919 -0.876216 -18.631210
plane 0.000000 0.447214 0.894427 28.543953
plane -0.707107 0.707107 -0.000000 25.141897
brush 0.434 0.603 0.297
plane -1.000000 0.000000 -0.000000 24.003000
plane 1.000000 0.000000 -0.000000 -23.190199
plane 0.000000 0.000000 1.000000 26.060400
plane 0.000000 0.000000 -1.000000 -24.739599
plane 0.000000 -1.000000 -0.000000 -9.626600
plane 0.000000 1.000000 -0.000000 10.591800
plane -0.000000 0.052559 -0.998618 -24.199442
plane 0.000000 0.052559 0.998618 26.530344
brush 0.434 0.603 0.297
plane -1.000000 0.000000 -0.000000 24.003000
plane 1.000000 0.000000 -0.000000 -23.190199
plane 0.000000 0.000000 1.000000 26.009600
plane 0.000000 0.000000 -1.000000 -24.790400
plane 0.000000 -1.000000 -0.000000 -10.591800
plane 0.000000 1.000000 -0.000000 11.099800
plane -0.000000 0.707107 -0.707107 -10.039927
plane -0.876216 0.481919 -0.000000 26.136196
plane 0.894427 0.447214 -0.000000 -16.005150
plane 0.000000 0.707107 0.707107 25.881100
brush 0.434 0.603 0.297
plane -1.000000 0.000000 -0.000000 23.977600
plane 1.000000 0.000000 -0.000000 -23.164801
plane 0.000000 0.000000 1.000000 23.622000
plane 0.000000 0.000000 -1.000000 -22.301199
plane 0.000000 -1.000000 -0.000000 -9.626600
plane 0.000000 1.000000 -0.000000 10.591800
plane -0.000000 0.052559 -0.998618 -21.764412
plane 0.000000 0.052559 0.998618 24.095314
brush 0.434 0.603 0.297
plane -1.000000 0.000000 -0.000000 23.977600
plane 1.000000 0.000000 -0.000000 -23.164801
plane 0.000000 0.000000 1.000000 23.571199
plane 0.000000 0.000000 -1.000000 -22.351999
plane 0.000000 -1.000000 -0.000000 -10.591800
plane 0.000000 1.000000 -0.000000 11.099800
plane -0.000000 0.707107 -0.707107 -8.315718
plane -0.876216 0.481919 -0.000000 26.113941
plane 0.894427 0.447214 -0.000000 -15.982430
plane 0.000000 0.707107 0.707107 24.156889
brush 0.434 0.603 0.297
plane -1.000000 0.000000 -0.000000 23.977600
plane 1.000000 0.000000 -0.000000 -23.164801
plane 0.000000 0.000000 1.000000 21.158199
plane 0.000000 0.000000 -1.000000 -19.837400
plane 0.000000 -1.000000 -0.000000 -9.626600
plane 0.000000 1.000000 -0.000000 10.591800
plane -0.000000 0.052559 -0.998618 -19.303999
plane 0.000000 0.052559 0.998618 21.634918
brush 0.434 0.603 0.297
plane -1.000000 0.000000 -0.000000 23.977600
plane 1.000000 0.000000 -0.000000 -23.164801
plane 0.000000 0.000000 1.000000 21.107399
plane 0.000000 0.000000 -1.000000 -19.888199
plane 0.000000 -1.000000 -0.000000 -10.591800
plane 0.000000 1.000000 -0.000000 11.099800
plane -0.000000 0.707107 -0.707107 -6.573548
plane -0.876216 0.481919 -0.000000 26.113941
plane 0.894427 0.447214 -0.000000 -15.982430
plane 0.000000 0.707107 0.707107 22.414721
brush 0.434 0.603 0.297
plane -1.000000 0.000000 -0.000000 23.952200
plane 1.000000 0.000000 -0.000000 -23.139400
plane 0.000000 0.000000 1.000000 18.694399
plane 0.000000 0.000000 -1.000000 -17.373600
plane 0.000000 -1.000000 -0.000000 -9.626600
plane 0.000000 1.000000 -0.000000 10.591800
plane -0.000000 0.052559 -0.998618 -16.843624
plane 0.000000 0.052559 0.998618 19.174524
brush 0.434 0.603 0.297
plane -1.000000 0.000000 -0.000000 23.952200
plane 1.000000 0.000000 -0.000000 -23.139400
plane 0.000000 0.000000 1.000000 18.643600
plane 0.000000 0.000000 -1.000000 -17.424400
plane 0.000000 -1.000000 -0.000000 -10.591800
plane 0.000000 1.000000 -0.000000 11.099800
plane -0.000000 0.707107 -0.707107 -4.831378
plane -0.876216 0.481919 -0.000000 26.091684
plane 0.894427 0.447214 -0.000000 -15.959712
plane 0.000000 0.707107 0.707107 20.672550
brush 0.434 0.603 0.297
plane -1.000000 0.000000 -0.000000 23.977600
plane 1.000000 0.000000 -0.000000 -23.164801
plane 0.000000 0.000000 1.000000 16.281401
plane 0.000000 0.000000 -1.000000 -14.960600
plane 0.000000 -1.000000 -0.000000 -9.626600
plane 0.000000 1.000000 -0.000000 10.591800
plane -0.000000 0.052559 -0.998618 -14.433959
plane 0.000000 0.052559 0.998618 16.764858
brush 0.434 0.603 0.297
plane -1.000000 0.000000 -0.000000 23.977600
plane 1.000000 0.000000 -0.000000 -23.164801
plane 0.000000 0.000000 1.000000 16.230600
plane 0.000000 0.000000 -1.000000 -15.011400
plane 0.000000 -1.000000 -0.000000 -10.591800
plane 0.000000 1.000000 -0.000000 11.099800
plane -0.000000 0.707107 -0.707107 -3.125129
plane -0.876216 0.481919 -0.000000 26.113941
plane 0.894427 0.447214 -0.000000 -15.982430
plane 0.000000 0.707107 0.707107 18.966303
brush 0.434 0.603 0.297
plane -1.000000 0.000000 -0.000000 21.996399
plane 1.000000 0.000000 -0.000000 -20.675600
plane 0.000000 0.000000 1.000000 15.824200
plane 0.000000 0.000000 -1.000000 -15.011400
plane 0.000000 -1.000000 -0.000000 -8.407400
plane 0.000000 1.000000 -0.000000 9.372600
plane 0.998618 0.052559 -0.000000 -20.205139
plane -0.998618 0.052559 -0.000000 22.407881
brush 0.434 0.603 0.297
plane -1.000000 0.000000 -0.000000 21.945601
plane 1.000000 0.000000 -0.000000 -20.726400
plane 0.000000 0.000000 1.000000 15.824200
plane 0.000000 0.000000 -1.000000 -15.011400
plane 0.000000 -1.000000 -0.000000 -9.372600
plane 0.000000 1.000000 -0.000000 9.880600
plane -0.707107 0.707107 -0.000000 22.145313
plane 0.000000 0.481919 0.876216 18.382248
plane -0.000000 0.447214 -0.894427 -9.235051
plane 0.707107 0.707107 0.000000 -8.028350
brush 0.434 0.603 0.297
plane -1.000000 0.000000 -0.000000 19.532600
plane 1.000000 0.000000 -0.000000 -18.211800
plane 0.000000 0.000000 1.000000 15.849600
plane 0.000000 0.000000 -1.000000 -15.036799
plane 0.000000 -1.000000 -0.000000 -8.407400
plane 0.000000 1.000000 -0.000000 9.372600
plane 0.998618 0.052559 -0.000000 -17.744745
plane -0.998618 0.052559 -0.000000 19.947487
brush 0.434 0.603 0.297
plane -1.000000 0.000000 -0.000000 19.481800
plane 1.000000 0.000000 -0.000000 -18.262600
plane 0.000000 0.000000 1.000000 15.849600
plane 0.000000 0.000000 -1.000000 -15.036799
plane 0.000000 -1.000000 -0.000000 -9.372600
plane 0.000000 1.000000 -0.000000 9.880600
plane -0.707107 0.707107 -0.000000 20.403143
plane 0.000000 0.481919 0.876216 18.404505
plane -0.000000 0.447214 -0.894427 -9.257769
plane 0.707107 0.707107 0.000000 -6.286180
brush 0.434 0.603 0.297
plane -1.000000 0.000000 -0.000000 17.094200
plane 1.000000 0.000000 -0.000000 -15.773399
plane 0.000000 0.000000 1.000000 15.849600
plane 0.000000 0.000000 -1.000000 -15.036799
plane 0.000000 -1.000000 -0.000000 -8.407400
plane 0.000000 1.000000 -0.000000 9.372600
plane 0.998618 0.052559 -0.000000 -15.309715
plane -0.998618 0.052559 -0.000000 17.512457
brush 0.434 0.603 0.297
plane -1.000000 0.000000 -0.000000 17.043400
plane 1.000000 0.000000 -0.000000 -15.824200
plane 0.000000 0.000000 1.000000 15.849600
plane 0.000000 0.000000 -1.000000 -15.036799
plane 0.000000 -1.000000 -0.000000 -9.372600
plane 0.000000 1.000000 -0.000000 9.880600
plane -0.707107 0.707107 -0.000000 18.678934
plane 0.000000 0.481919 0.876216 18.404505
plane -0.000000 0.447214 -0.894427 -9.257769
plane 0.707107 0.707107 0.000000 -4.561970
brush 0.434 0.603 0.297
plane -1.000000 0.000000 -0.000000 14.630400
plane 1.000000 0.000000 -0.000000 -13.309600
plane 0.000000 0.000000 1.000000 15.875000
plane 0.000000 0.000000 -1.000000 -15.062200
plane 0.000000 -1.000000 -0.000000 -8.407400
plane 0.000000 1.000000 -0.000000 9.372600
plane 0.998618 0.052559 -0.000000 -12.849320
plane -0.998618 0.052559 -0.000000 15.052061
brush 0.434 0.603 0.297
plane -1.000000 0.000000 -0.000000 14.579599
plane 1.000000 0.000000 -0.000000 -13.360400
plane 0.000000 0.000000 1.000000 15.875000
plane 0.000000 0.000000 -1.000000 -15.062200
plane 0.000000 -1.000000 -0.000000 -9.372600
plane 0.000000 1.000000 -0.000000 9.880600
plane -0.707107 0.707107 -0.000000 16.936766
plane 0.000000 0.481919 0.876216 18.426758
plane -0.000000 0.447214 -0.894427 -9.280488
plane 0.707107 0.707107 0.000000 -2.819801
brush 0.434 0.603 0.297
plane -1.000000 0.000000 -0.000000 23.977600
plane 1.000000 0.000000 -0.000000 -23.164801
plane 0.000000 0.000000 1.000000 5.918200
plane 0.000000 0.000000 -1.000000 -4.597400
plane 0.000000 -1.000000 -0.000000 -8.407400
plane 0.000000 1.000000 -0.000000 9.372600
plane -0.000000 0.052559 -0.998618 -4.149163
plane 0.000000 0.052559 0.998618 6.351903
brush 0.434 0.603 0.297
plane -1.000000 0.000000 -0.000000 23.977600
plane 1.000000 0.000000 -0.000000 -23.164801
plane 0.000000 0.000000 1.000000 5.867400
plane 0.000000 0.000000 -1.000000 -4.648200
plane 0.000000 -1.000000 -0.000000 -9.372600
plane 0.000000 1.000000 -0.000000 9.880600
plane -0.000000 0.707107 -0.707107 3.340656
plane -0.876216 0.481919 -0.000000 25.526388
plane 0.894427 0.447214 -0.000000 -16.527676
plane 0.000000 0.707107 0.707107 10.776308
brush 0.434 0.603 0.297
plane -1.000000 0.000000 -0.000000 23.952200
plane 1.000000 0.000000 -0.000000 -23.139400
plane 0.000000 0.000000 1.000000 8.331200
plane 0.000000 0.000000 -1.000000 -7.010400
plane 0.000000 -1.000000 -0.000000 -8.407400
plane 0.000000 1.000000 -0.000000 9.372600
plane -0.000000 0.052559 -0.998618 -6.558827
plane 0.000000 0.052559 0.998618 8.761568
brush 0.434 0.603 0.297
plane -1.000000 0.000000 -0.000000 23.952200
plane 1.000000 0.000000 -0.000000 -23.139400
plane 0.000000 0.000000 1.000000 8.280400
plane 0.000000 0.000000 -1.000000 -7.061200
plane 0.000000 -1.000000 -0.000000 -9.372600
plane 0.000000 1.000000 -0.000000 9.880600
plane -0.000000 0.707107 -0.707107 1.634407
plane -0.876216 0.481919 -0.000000 25.504131
plane 0.894427 0.447214 -0.000000 -16.504955
plane 0.000000 0.707107 0.707107 12.482556
brush 0.434 0.603 0.297
plane -1.000000 0.000000 -0.000000 23.977600
plane 1.000000 0.000000 -0.000000 -23.164801
plane 0.000000 0.000000 1.000000 10.795000
plane 0.000000 0.000000 -1.000000 -9.474200
plane 0.000000 -1.000000 -0.000000 -8.407400
plane 0.000000 1.000000 -0.000000 9.372600
plane -0.000000 0.052559 -0.998618 -9.019221
plane 0.000000 0.052559 0.998618 11.221962
brush 0.434 0.603 0.297
plane -1.000000 0.000000 -0.000000 23.977600
plane 1.000000 0.000000 -0.000000 -23.164801
plane 0.000000 0.000000 1.000000 10.744200
plane 0.000000 0.000000 -1.000000 -9.525000
plane 0.000000 -1.000000 -0.000000 -9.372600
plane 0.000000 1.000000 -0.000000 9.880600
plane -0.000000 0.707107 -0.707107 -0.107763
plane -0.876216 0.481919 -0.000000 25.526388
plane 0.894427 0.447214 -0.000000 -16.527676
plane 0.000000 0.707107 0.707107 14.224727
brush 0.434 0.603 0.297
plane -1.000000 0.000000 -0.000000 23.977600
plane 1.000000 0.000000 -0.000000 -23.164801
plane 0.000000 0.000000 1.000000 13.258800
plane 0.000000 0.000000 -1.000000 -11.938000
plane 0.000000 -1.000000 -0.000000 -8.407400
plane 0.000000 1.000000 -0.000000 9.372600
plane -0.000000 0.052559 -0.998618 -11.479616
plane 0.000000 0.052559 0.998618 13.682357
brush 0.434 0.603 0.297
plane -1.000000 0.000000 -0.000000 23.977600
plane 1.000000 0.000000 -0.000000 -23.164801
plane 0.000000 0.000000 1.000000 13.208000
plane 0.000000 0.000000 -1.000000 -11.988800
plane 0.000000 -1.000000 -0.000000 -9.372600
plane 0.000000 1.000000 -0.000000 9.880600
plane -0.000000 0.707107 -0.707107 -1.849933
plane -0.876216 0.481919 -0.000000 25.526388
plane 0.894427 0.447214 -0.000000 -16.527676
plane 0.000000 0.707107 0.707107 15.966896
brush 0.434 0.603 0.297
plane -1.000000 0.000000 -0.000000 -10.388600
plane 1.000000 0.000000 -0.000000 11.201400
plane 0.000000 0.000000 1.000000 12.801600
plane 0.000000 0.000000 -1.000000 -11.480800
plane 0.000000 -1.000000 -0.000000 -5.584901
plane 0.000000 1.000000 -0.000000 6.550101
plane -0.000000 0.052559 -0.998618 -11.171395
plane 0.000000 0.052559 0.998618 13.077442
brush 0.434 0.603 0.297
plane -1.000000 0.000000 -0.000000 -10.388600
plane 1.000000 0.000000 -0.000000 11.201400
plane 0.000000 0.000000 1.000000 12.750800
plane 0.000000 0.000000 -1.000000 -11.531600
plane 0.000000 -1.000000 -0.000000 -6.550101
plane 0.000000 1.000000 -0.000000 7.058101
plane -0.000000 0.707107 -0.707107 -3.522452
plane -0.876216 0.481919 -0.000000 -5.946041
plane 0.894427 0.447214 -0.000000 12.948132
plane 0.000000 0.707107 0.707107 13.647799
brush 0.434 0.603 0.297
plane -1.000000 0.000000 -0.000000 -10.388600
plane 1.000000 0.000000 -0.000000 11.201400
plane 0.000000 0.000000 1.000000 15.214600
plane 0.000000 0.000000 -1.000000 -13.893800
plane 0.000000 -1.000000 -0.000000 -5.584901
plane 0.000000 1.000000 -0.000000 6.550101
plane -0.000000 0.052559 -0.998618 -13.581060
plane 0.000000 0.052559 0.998618 15.487107
brush 0.434 0.603 0.297
plane -1.000000 0.000000 -0.000000 -10.388600
plane 1.000000 0.000000 -0.000000 11.201400
plane 0.000000 0.000000 1.000000 15.163800
plane 0.000000 0.000000 -1.000000 -13.944600
plane 0.000000 -1.000000 -0.000000 -6.550101
plane 0.000000 1.000000 -0.000000 7.058101
plane -0.000000 0.707107 -0.707107 -5.228701
plane -0.876216 0.481919 -0.000000 -5.946041
plane 0.894427 0.447214 -0.000000 12.948132
plane 0.000000 0.707107 0.707107 15.354047
brush 0.434 0.603 0.297
plane -1.000000 0.000000 -0.000000 -10.388600
plane 1.000000 0.000000 -0.000000 11.201400
plane 0.000000 0.000000 1.000000 17.678400
plane 0.000000 0.000000 -1.000000 -16.357599
plane 0.000000 -1.000000 -0.000000 -5.584901
plane 0.000000 1.000000 -0.000000 6.550101
plane -0.000000 0.052559 -0.998618 -16.041454
plane 0.000000 0.052559 0.998618 17.947502
brush 0.434 0.603 0.297
plane -1.000000 0.000000 -0.000000 -10.388600
plane 1.000000 0.000000 -0.000000 11.201400
plane 0.000000 0.000000 1.000000 17.627600
plane 0.000000 0.000000 -1.000000 -16.408400
plane 0.000000 -1.000000 -0.000000 -6.550101
plane 0.000000 1.000000 -0.000000 7.058101
plane -0.000000 0.707107 -0.707107 -6.970870
plane -0.876216 0.481919 -0.000000 -5.946041
plane 0.894427 0.447214 -0.000000 12.948132
plane 0.000000 0.707107 0.707107 17.096216
brush 0.434 0.603 0.297
plane -1.000000 0.000000 -0.000000 -10.388600
plane 1.000000 0.000000 -0.000000 11.201400
plane 0.000000 0.000000 1.000000 20.142200
plane 0.000000 0.000000 -1.000000 -18.821400
plane 0.000000 -1.000000 -0.000000 -5.584901
plane 0.000000 1.000000 -0.000000 6.550101
plane -0.000000 0.052559 -0.998618 -18.501848
plane 0.000000 0.052559 0.998618 20.407896
brush 0.434 0.603 0.297
plane -1.000000 0.000000 -0.000000 -10.388600
plane 1.000000 0.000000 -0.000000 11.201400
plane 0.000000 0.000000 1.000000 20.091400
plane 0.000000 0.000000 -1.000000 -18.872200
plane 0.000000 -1.000000 -0.000000 -6.550101
plane 0.000000 1.000000 -0.000000 7.058101
plane -0.000000 0.707107 -0.707107 -8.713040
plane -0.876216 0.481919 -0.000000 -5.946041
plane 0.894427 0.447214 -0.000000 12.948132
plane 0.000000 0.707107 0.707107 18.838387
brush 0.434 0.603 0.297
plane -1.000000 0.000000 -0.000000 -10.388600
plane 1.000000 0.000000 -0.000000 11.201400
plane 0.000000 0.000000 1.000000 22.605999
plane 0.000000 0.000000 -1.000000 -21.285200
plane 0.000000 -1.000000 -0.000000 -5.584901
plane 0.000000 1.000000 -0.000000 6.550101
plane -0.000000 0.052559 -0.998618 -20.962244
plane 0.000000 0.052559 0.998618 22.868290
brush 0.434 0.603 0.297
plane -1.000000 0.000000 -0.000000 -10.388600
plane 1.000000 0.000000 -0.000000 11.201400
plane 0.000000 0.000000 1.000000 22.555201
plane 0.000000 0.000000 -1.000000 -21.336000
plane 0.000000 -1.000000 -0.000000 -6.550101
plane 0.000000 1.000000 -0.000000 7.058101
plane -0.000000 0.707107 -0.707107 -10.455210
plane -0.876216 0.481919 -0.000000 -5.946041
plane 0.894427 0.447214 -0.000000 12.948132
plane 0.000000 0.707107 0.707107 20.580557
brush 0.434 0.603 0.297
plane -1.000000 0.000000 -0.000000 -10.464800
plane 1.000000 0.000000 -0.000000 11.785600
plane 0.000000 0.000000 1.000000 10.947400
plane 0.000000 0.000000 -1.000000 -10.134600
plane 0.000000 -1.000000 -0.000000 -5.381701
plane 0.000000 1.000000 -0.000000 6.346901
plane 0.998618 0.052559 -0.000000 12.052166
plane -0.998618 0.052559 -0.000000 -10.167480
brush 0.434 0.603 0.297
plane -1.000000 0.000000 -0.000000 -10.515600
plane 1.000000 0.000000 -0.000000 11.734799
plane 0.000000 0.000000 1.000000 10.947400
plane 0.000000 0.000000 -1.000000 -10.134600
plane 0.000000 -1.000000 -0.000000 -6.346901
plane 0.000000 1.000000 -0.000000 6.854901
plane -0.707107 0.707107 -0.000000 -2.947711
plane 0.000000 0.481919 0.876216 12.650976
plane -0.000000 0.447214 -0.894427 -6.226238
plane 0.707107 0.707107 0.000000 12.785692
brush 0.434 0.603 0.297
plane -1.000000 0.000000 -0.000000 -12.903200
plane 1.000000 0.000000 -0.000000 14.224000
plane 0.000000 0.000000 1.000000 10.947400
plane 0.000000 0.000000 -1.000000 -10.134600
plane 0.000000 -1.000000 -0.000000 -5.381701
plane 0.000000 1.000000 -0.000000 6.346901
plane 0.998618 0.052559 -0.000000 14.487196
plane -0.998618 0.052559 -0.000000 -12.602509
brush 0.434 0.603 0.297
plane -1.000000 0.000000 -0.000000 -12.954000
plane 1.000000 0.000000 -0.000000 14.173200
plane 0.000000 0.000000 1.000000 10.947400
plane 0.000000 0.000000 -1.000000 -10.134600
plane 0.000000 -1.000000 -0.000000 -6.346901
plane 0.000000 1.000000 -0.000000 6.854901
plane -0.707107 0.707107 -0.000000 -4.671919
plane 0.000000 0.481919 0.876216 12.650976
plane -0.000000 0.447214 -0.894427 -6.226238
plane 0.707107 0.707107 0.000000 14.509900
brush 0.434 0.603 0.297
plane -1.000000 0.000000 -0.000000 -15.367000
plane 1.000000 0.000000 -0.000000 16.687799
plane 0.000000 0.000000 1.000000 10.947400
plane 0.000000 0.000000 -1.000000 -10.134600
plane 0.000000 -1.000000 -0.000000 -5.381701
plane 0.000000 1.000000 -0.000000 6.346901
plane 0.998618 0.052559 -0.000000 16.947590
plane -0.998618 0.052559 -0.000000 -15.062903
brush 0.434 0.603 0.297
plane -1.000000 0.000000 -0.000000 -15.417800
plane 1.000000 0.000000 -0.000000 16.636999
plane 0.000000 0.000000 1.000000 10.947400
plane 0.000000 0.000000 -1.000000 -10.134600
plane 0.000000 -1.000000 -0.000000 -6.346901
plane 0.000000 1.000000 -0.000000 6.854901
plane -0.707107 0.707107 -0.000000 -6.414088
plane 0.000000 0.481919 0.876216 12.650976
plane -0.000000 0.447214 -0.894427 -6.226238
plane 0.707107 0.707107 0.000000 16.252069
brush 0.434 0.603 0.297
plane -1.000000 0.000000 -0.000000 -17.805399
plane 1.000000 0.000000 -0.000000 19.126200
plane 0.000000 0.000000 1.000000 10.947400
plane 0.000000 0.000000 -1.000000 -10.134600
plane 0.000000 -1.000000 -0.000000 -5.381701
plane 0.000000 1.000000 -0.000000 6.346901
plane 0.998618 0.052559 -0.000000 19.382620
plane -0.998618 0.052559 -0.000000 -17.497932
brush 0.434 0.603 0.297
plane -1.000000 0.000000 -0.000000 -17.856199
plane 1.000000 0.000000 -0.000000 19.075399
plane 0.000000 0.000000 1.000000 10.947400
plane 0.000000 0.000000 -1.000000 -10.134600
plane 0.000000 -1.000000 -0.000000 -6.346901
plane 0.000000 1.000000 -0.000000 6.854901
plane -0.707107 0.707107 -0.000000 -8.138297
plane 0.000000 0.481919 0.876216 12.650976
plane -0.000000 0.447214 -0.894427 -6.226238
plane 0.707107 0.707107 0.000000 17.976278
brush 0.434 0.603 0.297
plane -1.000000 0.000000 -0.000000 -20.116800
plane 1.000000 0.000000 -0.000000 20.929600
plane 0.000000 0.000000 1.000000 10.058400
plane 0.000000 0.000000 -1.000000 -8.737600
plane 0.000000 -1.000000 -0.000000 -5.559501
plane 0.000000 1.000000 -0.000000 6.524701
plane 0.000000 0.052559 0.998618 10.336699
plane -0.000000 0.052559 -0.998618 -8.433322
brush 0.434 0.603 0.297
plane -1.000000 0.000000 -0.000000 -20.116800
plane 1.000000 0.000000 -0.000000 20.929600
plane 0.000000 0.000000 1.000000 10.007600
plane 0.000000 0.000000 -1.000000 -8.788400
plane 0.000000 -1.000000 -0.000000 -6.524701
plane 0.000000 1.000000 -0.000000 7.032701
plane 0.000000 0.707107 0.707107 11.690103
plane 0.876216 0.481919 -0.000000 21.483225
plane -0.894427 0.447214 -0.000000 -15.075079
plane 0.000000 0.707107 -0.707107 -1.600677
brush 0.434 0.603 0.297
plane -1.000000 0.000000 -0.000000 -20.116800
plane 1.000000 0.000000 -0.000000 20.929600
plane 0.000000 0.000000 1.000000 7.645400
plane 0.000000 0.000000 -1.000000 -6.324600
plane 0.000000 -1.000000 -0.000000 -5.559501
plane 0.000000 1.000000 -0.000000 6.524701
plane 0.000000 0.052559 0.998618 7.927034
plane -0.000000 0.052559 -0.998618 -6.023657
brush 0.434 0.603 0.297
plane -1.000000 0.000000 -0.000000 -20.116800
plane 1.000000 0.000000 -0.000000 20.929600
plane 0.000000 0.000000 1.000000 7.594600
plane 0.000000 0.000000 -1.000000 -6.375400
plane 0.000000 -1.000000 -0.000000 -6.524701
plane 0.000000 1.000000 -0.000000 7.032701
plane 0.000000 0.707107 0.707107 9.983854
plane 0.876216 0.481919 -0.000000 21.483225
plane -0.894427 0.447214 -0.000000 -15.075079
plane 0.000000 0.707107 -0.707107 0.105572
brush 0.434 0.603 0.297
plane -1.000000 0.000000 -0.000000 -20.116800
plane 1.000000 0.000000 -0.000000 20.929600
plane 0.000000 0.000000 1.000000 5.181600
plane 0.000000 0.000000 -1.000000 -3.860800
plane 0.000000 -1.000000 -0.000000 -5.559501
plane 0.000000 1.000000 -0.000000 6.524701
plane 0.000000 0.052559 0.998618 5.466639
plane -0.000000 0.052559 -0.998618 -3.563263
brush 0.434 0.603 0.297
plane -1.000000 0.000000 -0.000000 -20.116800
plane 1.000000 0.000000 -0.000000 20.929600
plane 0.000000 0.000000 1.000000 5.130800
plane 0.000000 0.000000 -1.000000 -3.911600
plane 0.000000 -1.000000 -0.000000 -6.524701
plane 0.000000 1.000000 -0.000000 7.032701
plane 0.000000 0.707107 0.707107 8.241685
plane 0.876216 0.481919 -0.000000 21.483225
plane -0.894427 0.447214 -0.000000 -15.075079
plane 0.000000 0.707107 -0.707107 1.847741
brush 0.434 0.603 0.297
plane -1.000000 0.000000 -0.000000 -20.116800
plane 1.000000 0.000000 -0.000000 20.929600
plane 0.000000 0.000000 1.000000 2.717800
plane 0.000000 0.000000 -1.000000 -1.397000
plane 0.000000 -1.000000 -0.000000 -5.559501
plane 0.000000 1.000000 -0.000000 6.524701
plane 0.000000 0.052559 0.998618 3.006245
plane -0.000000 0.052559 -0.998618 -1.102868
brush 0.434 0.603 0.297
plane -1.000000 0.000000 -0.000000 -20.116800
plane 1.000000 0.000000 -0.000000 20.929600
plane 0.000000 0.000000 1.000000 2.667000
plane 0.000000 0.000000 -1.000000 -1.447800
plane 0.000000 -1.000000 -0.000000 -6.524701
plane 0.000000 1.000000 -0.000000 7.032701
plane 0.000000 0.707107 0.707107 6.499515
plane 0.876216 0.481919 -0.000000 21.483225
plane -0.894427 0.447214 -0.000000 -15.075079
plane 0.000000 0.707107 -0.707107 3.589911
brush 0.434 0.603 0.297
plane -1.000000 0.000000 -0.000000 -20.116800
plane 1.000000 0.000000 -0.000000 20.929600
plane 0.000000 0.000000 1.000000 0.304800
plane 0.000000 0.000000 -1.000000 1.016000
plane 0.000000 -1.000000 -0.000000 -5.559501
plane 0.000000 1.000000 -0.000000 6.524701
plane 0.000000 0.052559 0.998618 0.596580
plane -0.000000 0.052559 -0.998618 1.306797
brush 0.434 0.603 0.297
plane -1.000000 0.000000 -0.000000 -20.116800
plane 1.000000 0.000000 -0.000000 20.929600
plane 0.000000 0.000000 1.000000 0.254000
plane 0.000000 0.000000 -1.000000 0.965200
plane 0.000000 -1.000000 -0.000000 -6.524701
plane 0.000000 1.000000 -0.000000 7.032701
plane 0.000000 0.707107 0.707107 4.793266
plane 0.876216 0.481919 -0.000000 21.483225
plane -0.894427 0.447214 -0.000000 -15.075079
plane 0.000000 0.707107 -0.707107 5.296160
brush 0.434 0.603 0.297
plane -1.000000 0.000000 -0.000000 -20.116800
plane 1.000000 0.000000 -0.000000 20.929600
plane 0.000000 0.000000 1.000000 -2.159000
plane 0.000000 0.000000 -1.000000 3.479800
plane 0.000000 -1.000000 -0.000000 -5.559501
plane 0.000000 1.000000 -0.000000 6.524701
plane 0.000000 0.052559 0.998618 -1.863815
plane -0.000000 0.052559 -0.998618 3.767191
brush 0.434 0.603 0.297
plane -1.000000 0.000000 -0.000000 -20.116800
plane 1.000000 0.000000 -0.000000 20.929600
plane 0.000000 0.000000 1.000000 -2.209800
plane 0.000000 0.000000 -1.000000 3.429000
plane 0.000000 -1.000000 -0.000000 -6.524701
plane 0.000000 1.000000 -0.000000 7.032701
plane 0.000000 0.707107 0.707107 3.051096
plane 0.876216 0.481919 -0.000000 21.483225
plane -0.894427 0.447214 -0.000000 -15.075079
plane 0.000000 0.707107 -0.707107 7.038330
brush 0.434 0.603 0.297
plane -1.000000 0.000000 -0.000000 -20.116800
plane 1.000000 0.000000 -0.000000 20.929600
plane 0.000000 0.000000 1.000000 -4.622800
plane 0.000000 0.000000 -1.000000 5.943600
plane 0.000000 -1.000000 -0.000000 -5.559501
plane 0.000000 1.000000 -0.000000 6.524701
plane 0.000000 0.052559 0.998618 -4.324209
plane -0.000000 0.052559 -0.998618 6.227586
brush 0.434 0.603 0.297
plane -1.000000 0.000000 -0.000000 -20.116800
plane 1.000000 0.000000 -0.000000 20.929600
plane 0.000000 0.000000 1.000000 -4.673600
plane 0.000000 0.000000 -1.000000 5.892800
plane 0.000000 -1.000000 -0.000000 -6.524701
plane 0.000000 1.000000 -0.000000 7.032701
plane 0.000000 0.707107 0.707107 1.308926
plane 0.876216 0.481919 -0.000000 21.483225
plane -0.894427 0.447214 -0.000000 -15.075079
plane 0.000000 0.707107 -0.707107 8.780499
brush 0.434 0.603 0.297
plane -1.000000 0.000000 -0.000000 14.681200
plane 1.000000 0.000000 -0.000000 -13.360400
plane 0.000000 0.000000 1.000000 27.228800
plane 0.000000 0.000000 -1.000000 -26.416000
plane 0.000000 -1.000000 -0.000000 -8.410320
plane 0.000000 1.000000 -0.000000 9.375521
plane 0.998618 0.052559 -0.000000 -12.899897
plane -0.998618 0.052559 -0.000000 15.102944
brush 0.434 0.603 0.297
plane -1.000000 0.000000 -0.000000 14.630400
plane 1.000000 0.000000 -0.000000 -13.411200
plane 0.000000 0.000000 1.000000 27.228800
plane 0.000000 0.000000 -1.000000 -26.416000
plane 0.000000 -1.000000 -0.000000 -9.375521
plane 0.000000 1.000000 -0.000000 9.883521
plane -0.707107 0.707107 -0.000000 16.974751
plane 0.000000 0.481919 0.876216 28.376547
plane -0.000000 0.447214 -0.894427 -19.434330
plane 0.707107 0.707107 0.000000 -2.853656
brush 0.434 0.603 0.297
plane -1.000000 0.000000 -0.000000 12.217400
plane 1.000000 0.000000 -0.000000 -10.896600
plane 0.000000 0.000000 1.000000 27.228800
plane 0.000000 0.000000 -1.000000 -26.416000
plane 0.000000 -1.000000 -0.000000 -8.003921
plane 0.000000 1.000000 -0.000000 8.969121
plane 0.998618 0.052559 -0.000000 -10.460862
plane -0.998618 0.052559 -0.000000 12.621190
brush 0.434 0.603 0.297
plane -1.000000 0.000000 -0.000000 12.166600
plane 1.000000 0.000000 -0.000000 -10.947400
plane 0.000000 0.000000 1.000000 27.228800
plane 0.000000 0.000000 -1.000000 -26.416000
plane 0.000000 -1.000000 -0.000000 -8.969121
plane 0.000000 1.000000 -0.000000 9.477120
plane -0.707107 0.707107 -0.000000 14.945212
plane 0.000000 0.481919 0.876216 28.180695
plane -0.000000 0.447214 -0.894427 -19.616077
plane 0.707107 0.707107 0.000000 -1.398855
brush 0.434 0.603 0.297
plane -1.000000 0.000000 -0.000000 9.804399
plane 1.000000 0.000000 -0.000000 -8.483600
plane 0.000000 0.000000 1.000000 27.228800
plane 0.000000 0.000000 -1.000000 -26.416000
plane 0.000000 -1.000000 -0.000000 -7.394320
plane 0.000000 1.000000 -0.000000 8.359521
plane 0.998618 0.052559 -0.000000 -8.083238
plane -0.998618 0.052559 -0.000000 10.179485
brush 0.434 0.603 0.297
plane -1.000000 0.000000 -0.000000 9.753600
plane 1.000000 0.000000 -0.000000 -8.534400
plane 0.000000 0.000000 1.000000 27.228800
plane 0.000000 0.000000 -1.000000 -26.416000
plane 0.000000 -1.000000 -0.000000 -8.359521
plane 0.000000 1.000000 -0.000000 8.867520
plane -0.707107 0.707107 -0.000000 12.807911
plane 0.000000 0.481919 0.876216 27.886917
plane -0.000000 0.447214 -0.894427 -19.888699
plane 0.707107 0.707107 0.000000 -0.123658
brush 0.434 0.603 0.297
plane -1.000000 0.000000 -0.000000 7.366000
plane 1.000000 0.000000 -0.000000 -6.045200
plane 0.000000 0.000000 1.000000 27.228800
plane 0.000000 0.000000 -1.000000 -26.416000
plane 0.000000 -1.000000 -0.000000 -6.784721
plane 0.000000 1.000000 -0.000000 7.749921
plane 0.998618 0.052559 -0.000000 -5.680247
plane -0.998618 0.052559 -0.000000 7.712416
brush 0.434 0.603 0.297
plane -1.000000 0.000000 -0.000000 7.315200
plane 1.000000 0.000000 -0.000000 -6.096000
plane 0.000000 0.000000 1.000000 27.228800
plane 0.000000 0.000000 -1.000000 -26.416000
plane 0.000000 -1.000000 -0.000000 -7.749921
plane 0.000000 1.000000 -0.000000 8.257920
plane -0.707107 0.707107 -0.000000 10.652650
plane 0.000000 0.481919 0.876216 27.593140
plane -0.000000 0.447214 -0.894427 -20.161320
plane 0.707107 0.707107 0.000000 1.169499
brush 0.434 0.603 0.297
plane -1.000000 0.000000 -0.000000 4.927600
plane 1.000000 0.000000 -0.000000 -3.606800
plane 0.000000 0.000000 1.000000 27.228800
plane 0.000000 0.000000 -1.000000 -26.416000
plane 0.000000 -1.000000 -0.000000 -6.175121
plane 0.000000 1.000000 -0.000000 7.140321
plane 0.998618 0.052559 -0.000000 -3.277257
plane -0.998618 0.052559 -0.000000 5.245347
brush 0.434 0.603 0.297
plane -1.000000 0.000000 -0.000000 4.876800
plane 1.000000 0.000000 -0.000000 -3.657600
plane 0.000000 0.000000 1.000000 27.228800
plane 0.000000 0.000000 -1.000000 -26.416000
plane 0.000000 -1.000000 -0.000000 -7.140321
plane 0.000000 1.000000 -0.000000 7.648321
plane -0.707107 0.707107 -0.000000 8.497389
plane 0.000000 0.481919 0.876216 27.299362
plane -0.000000 0.447214 -0.894427 -20.433943
plane 0.707107 0.707107 0.000000 2.462656
brush 0.434 0.603 0.297
plane -1.000000 0.000000 -0.000000 -17.856199
plane 1.000000 0.000000 -0.000000 19.177000
plane 0.000000 0.000000 1.000000 -6.908800
plane 0.000000 0.000000 -1.000000 7.721600
plane 0.000000 -1.000000 -0.000000 -6.369406
plane 0.000000 1.000000 -0.000000 7.334606
plane 0.998618 0.052559 -0.000000 19.485264
plane -0.998618 0.052559 -0.000000 -17.496750
brush 0.434 0.603 0.297
plane -1.000000 0.000000 -0.000000 -17.907000
plane 1.000000 0.000000 -0.000000 19.126200
plane 0.000000 0.000000 1.000000 -6.908800
plane 0.000000 0.000000 -1.000000 7.721600
plane 0.000000 -1.000000 -0.000000 -7.334606
plane 0.000000 1.000000 -0.000000 7.842606
plane -0.707107 0.707107 -0.000000 -7.475811
plane 0.000000 0.481919 0.876216 -2.518917
plane -0.000000 0.447214 -0.894427 10.186545
plane 0.707107 0.707107 0.000000 18.710617
brush 0.434 0.603 0.297
plane -1.000000 0.000000 -0.000000 -15.392400
plane 1.000000 0.000000 -0.000000 16.713200
plane 0.000000 0.000000 1.000000 -6.908800
plane 0.000000 0.000000 -1.000000 7.721600
plane 0.000000 -1.000000 -0.000000 -6.369406
plane 0.000000 1.000000 -0.000000 7.334606
plane 0.998618 0.052559 -0.000000 17.024868
plane -0.998618 0.052559 -0.000000 -15.036356
brush 0.434 0.603 0.297
plane -1.000000 0.000000 -0.000000 -15.443200
plane 1.000000 0.000000 -0.000000 16.662399
plane 0.000000 0.000000 1.000000 -6.908800
plane 0.000000 0.000000 -1.000000 7.721600
plane 0.000000 -1.000000 -0.000000 -7.334606
plane 0.000000 1.000000 -0.000000 7.842606
plane -0.707107 0.707107 -0.000000 -5.733642
plane 0.000000 0.481919 0.876216 -2.518917
plane -0.000000 0.447214 -0.894427 10.186545
plane 0.707107 0.707107 0.000000 16.968447
brush 0.434 0.603 0.297
plane -1.000000 0.000000 -0.000000 -12.954000
plane 1.000000 0.000000 -0.000000 14.274800
plane 0.000000 0.000000 1.000000 -6.908800
plane 0.000000 0.000000 -1.000000 7.721600
plane 0.000000 -1.000000 -0.000000 -6.369406
plane 0.000000 1.000000 -0.000000 7.334606
plane 0.998618 0.052559 -0.000000 14.589838
plane -0.998618 0.052559 -0.000000 -12.601327
brush 0.434 0.603 0.297
plane -1.000000 0.000000 -0.000000 -13.004800
plane 1.000000 0.000000 -0.000000 14.224000
plane 0.000000 0.000000 1.000000 -6.908800
plane 0.000000 0.000000 -1.000000 7.721600
plane 0.000000 -1.000000 -0.000000 -7.334606
plane 0.000000 1.000000 -0.000000 7.842606
plane -0.707107 0.707107 -0.000000 -4.009433
plane 0.000000 0.481919 0.876216 -2.518917
plane -0.000000 0.447214 -0.894427 10.186545
plane 0.707107 0.707107 0.000000 15.244236
brush 0.434 0.603 0.297
plane -1.000000 0.000000 -0.000000 15.036799
plane 1.000000 0.000000 -0.000000 -14.224000
plane 0.000000 0.000000 1.000000 -23.494999
plane 0.000000 0.000000 -1.000000 24.815800
plane 0.000000 -1.000000 -0.000000 -3.952189
plane 0.000000 1.000000 -0.000000 4.917389
plane -0.000000 0.052559 -0.998618 24.989223
plane 0.000000 0.052559 0.998618 -23.254803
brush 0.434 0.603 0.297
plane -1.000000 0.000000 -0.000000 15.036799
plane 1.000000 0.000000 -0.000000 -14.224000
plane 0.000000 0.000000 1.000000 -23.545799
plane 0.000000 0.000000 -1.000000 24.764999
plane 0.000000 -1.000000 -0.000000 -4.917389
plane 0.000000 1.000000 -0.000000 5.425389
plane -0.000000 0.707107 -0.707107 20.988619
plane -0.876216 0.481919 -0.000000 15.545266
plane 0.894427 0.447214 -0.000000 -10.523210
plane 0.000000 0.707107 0.707107 -13.172276
brush 0.434 0.603 0.297
plane -1.000000 0.000000 -0.000000 15.036799
plane 1.000000 0.000000 -0.000000 -14.224000
plane 0.000000 0.000000 1.000000 -25.933399
plane 0.000000 0.000000 -1.000000 27.254200
plane 0.000000 -1.000000 -0.000000 -3.952189
plane 0.000000 1.000000 -0.000000 4.917389
plane -0.000000 0.052559 -0.998618 27.424252
plane 0.000000 0.052559 0.998618 -25.689833
brush 0.434 0.603 0.297
plane -1.000000 0.000000 -0.000000 15.036799
plane 1.000000 0.000000 -0.000000 -14.224000
plane 0.000000 0.000000 1.000000 -25.984200
plane 0.000000 0.000000 -1.000000 27.203400
plane 0.000000 -1.000000 -0.000000 -4.917389
plane 0.000000 1.000000 -0.000000 5.425389
plane -0.000000 0.707107 -0.707107 22.712830
plane -0.876216 0.481919 -0.000000 15.545266
plane 0.894427 0.447214 -0.000000 -10.523210
plane 0.000000 0.707107 0.707107 -14.896485
brush 0.434 0.603 0.297
plane -1.000000 0.000000 -0.000000 14.046200
plane 1.000000 0.000000 -0.000000 -13.233399
plane 0.000000 0.000000 1.000000 -31.394400
plane 0.000000 0.000000 -1.000000 32.715199
plane 0.000000 -1.000000 -0.000000 -1.919267
plane 0.000000 1.000000 -0.000000 2.884475
plane -0.000000 0.052558 -0.998618 32.770859
plane 0.000000 0.052558 0.998618 -31.250134
brush 0.434 0.603 0.297
plane -1.000000 0.000000 -0.000000 14.046200
plane 1.000000 0.000000 -0.000000 -13.233399
plane 0.000000 0.000000 1.000000 -31.445200
plane 0.000000 0.000000 -1.000000 32.664398
plane 0.000000 -1.000000 -0.000000 -2.884475
plane 0.000000 1.000000 -0.000000 3.392475
plane -0.000000 0.707107 -0.707107 25.136852
plane -0.876216 0.481919 -0.000000 13.697587
plane 0.894427 0.447214 -0.000000 -10.546337
plane 0.000000 0.707107 0.707107 -20.195484
brush 0.434 0.603 0.297
plane -1.000000 0.000000 -0.000000 14.020800
plane 1.000000 0.000000 -0.000000 -13.208000
plane 0.000000 0.000000 1.000000 -28.955999
plane 0.000000 0.000000 -1.000000 30.276800
plane 0.000000 -1.000000 -0.000000 -1.919267
plane 0.000000 1.000000 -0.000000 2.884475
plane -0.000000 0.052558 -0.998618 30.335827
plane 0.000000 0.052558 0.998618 -28.815105
brush 0.434 0.603 0.297
plane -1.000000 0.000000 -0.000000 14.020800
plane 1.000000 0.000000 -0.000000 -13.208000
plane 0.000000 0.000000 1.000000 -29.006800
plane 0.000000 0.000000 -1.000000 30.226000
plane 0.000000 -1.000000 -0.000000 -2.884475
plane 0.000000 1.000000 -0.000000 3.392475
plane -0.000000 0.707107 -0.707107 23.412642
plane -0.876216 0.481919 -0.000000 13.675331
plane 0.894427 0.447214 -0.000000 -10.523619
plane 0.000000 0.707107 0.707107 -18.471273
brush 0.434 0.603 0.297
plane -1.000000 0.000000 -0.000000 14.020800
plane 1.000000 0.000000 -0.000000 -13.208000
plane 0.000000 0.000000 1.000000 -33.858200
plane 0.000000 0.000000 -1.000000 35.179001
plane 0.000000 -1.000000 -0.000000 -1.919267
plane 0.000000 1.000000 -0.000000 2.884475
plane -0.000000 0.052558 -0.998618 35.231255
plane 0.000000 0.052558 0.998618 -33.710533
brush 0.434 0.603 0.297
plane -1.000000 0.000000 -0.000000 14.020800
plane 1.000000 0.000000 -0.000000 -13.208000
plane 0.000000 0.000000 1.000000 -33.909000
plane 0.000000 0.000000 -1.000000 35.128201
plane 0.000000 -1.000000 -0.000000 -2.884475
plane 0.000000 1.000000 -0.000000 3.392475
plane -0.000000 0.707107 -0.707107 26.879021
plane -0.876216 0.481919 -0.000000 13.675331
plane 0.894427 0.447214 -0.000000 -10.523619
plane 0.000000 0.707107 0.707107 -21.937653
brush 0.434 0.603 0.297
plane -1.000000 0.000000 -0.000000 14.020800
plane 1.000000 0.000000 -0.000000 -13.208000
plane 0.000000 0.000000 1.000000 -36.296600
plane 0.000000 0.000000 -1.000000 37.617401
plane 0.000000 -1.000000 -0.000000 -1.919267
plane 0.000000 1.000000 -0.000000 2.884475
plane -0.000000 0.052558 -0.998618 37.666283
plane 0.000000 0.052558 0.998618 -36.145561
brush 0.434 0.603 0.297
plane -1.000000 0.000000 -0.000000 14.020800
plane 1.000000 0.000000 -0.000000 -13.208000
plane 0.000000 0.000000 1.000000 -36.347401
plane 0.000000 0.000000 -1.000000 37.566601
plane 0.000000 -1.000000 -0.000000 -2.884475
plane 0.000000 1.000000 -0.000000 3.392475
plane -0.000000 0.707107 -0.707107 28.603230
plane -0.876216 0.481919 -0.000000 13.675331
plane 0.894427 0.447214 -0.000000 -10.523619
plane 0.000000 0.707107 0.707107 -23.661863
brush 0.434 0.603 0.297
plane -1.000000 0.000000 -0.000000 13.995399
plane 1.000000 0.000000 -0.000000 -13.182600
plane 0.000000 0.000000 1.000000 -38.760399
plane 0.000000 0.000000 -1.000000 40.081200
plane 0.000000 -1.000000 -0.000000 -1.919267
plane 0.000000 1.000000 -0.000000 2.884475
plane -0.000000 0.052558 -0.998618 40.126675
plane 0.000000 0.052558 0.998618 -38.605957
brush 0.434 0.603 0.297
plane -1.000000 0.000000 -0.000000 13.995399
plane 1.000000 0.000000 -0.000000 -13.182600
plane 0.000000 0.000000 1.000000 -38.811199
plane 0.000000 0.000000 -1.000000 40.030399
plane 0.000000 -1.000000 -0.000000 -2.884475
plane 0.000000 1.000000 -0.000000 3.392475
plane -0.000000 0.707107 -0.707107 30.345400
plane -0.876216 0.481919 -0.000000 13.653075
plane 0.894427 0.447214 -0.000000 -10.500900
plane 0.000000 0.707107 0.707107 -25.404032
brush 0.434 0.603 0.297
plane -1.000000 0.000000 -0.000000 14.681200
plane 1.000000 0.000000 -0.000000 -13.360400
plane 0.000000 0.000000 1.000000 -41.046398
plane 0.000000 0.000000 -1.000000 41.859200
plane 0.000000 -1.000000 -0.000000 -2.715412
plane 0.000000 1.000000 -0.000000 3.680613
plane 0.998618 0.052559 -0.000000 -13.199214
plane -0.998618 0.052559 -0.000000 14.803626
brush 0.434 0.603 0.297
plane -1.000000 0.000000 -0.000000 14.630400
plane 1.000000 0.000000 -0.000000 -13.411200
plane 0.000000 0.000000 1.000000 -41.046398
plane 0.000000 0.000000 -1.000000 41.859200
plane 0.000000 -1.000000 -0.000000 -3.680613
plane 0.000000 1.000000 -0.000000 4.188612
plane -0.707107 0.707107 -0.000000 12.947842
plane 0.000000 0.481919 0.876216 -34.191753
plane -0.000000 0.447214 -0.894427 39.086029
plane 0.707107 0.707107 0.000000 -6.880565
brush 0.434 0.603 0.297
plane -1.000000 0.000000 -0.000000 12.242800
plane 1.000000 0.000000 -0.000000 -10.922000
plane 0.000000 0.000000 1.000000 -41.021000
plane 0.000000 0.000000 -1.000000 41.833801
plane 0.000000 -1.000000 -0.000000 -2.715412
plane 0.000000 1.000000 -0.000000 3.680613
plane 0.998618 0.052559 -0.000000 -10.764185
plane -0.998618 0.052559 -0.000000 12.368597
brush 0.434 0.603 0.297
plane -1.000000 0.000000 -0.000000 12.191999
plane 1.000000 0.000000 -0.000000 -10.972800
plane 0.000000 0.000000 1.000000 -41.021000
plane 0.000000 0.000000 -1.000000 41.833801
plane 0.000000 -1.000000 -0.000000 -3.680613
plane 0.000000 1.000000 -0.000000 4.188612
plane -0.707107 0.707107 -0.000000 11.223633
plane 0.000000 0.481919 0.876216 -34.169498
plane -0.000000 0.447214 -0.894427 39.063313
plane 0.707107 0.707107 0.000000 -5.156200
brush 0.434 0.603 0.297
plane -1.000000 0.000000 -0.000000 9.779000
plane 1.000000 0.000000 -0.000000 -8.458200
plane 0.000000 0.000000 1.000000 -41.046398
plane 0.000000 0.000000 -1.000000 41.859200
plane 0.000000 -1.000000 -0.000000 -2.715412
plane 0.000000 1.000000 -0.000000 3.680613
plane 0.998618 0.052559 -0.000000 -8.303790
plane -0.998618 0.052559 -0.000000 9.908203
brush 0.434 0.603 0.297
plane -1.000000 0.000000 -0.000000 9.728200
plane 1.000000 0.000000 -0.000000 -8.509000
plane 0.000000 0.000000 1.000000 -41.046398
plane 0.000000 0.000000 -1.000000 41.859200
plane 0.000000 -1.000000 -0.000000 -3.680613
plane 0.000000 1.000000 -0.000000 4.188612
plane -0.707107 0.707107 -0.000000 9.481463
plane 0.000000 0.481919 0.876216 -34.191753
plane -0.000000 0.447214 -0.894427 39.086029
plane 0.707107 0.707107 0.000000 -3.414186
brush 0.434 0.603 0.297
plane -1.000000 0.000000 -0.000000 -14.264653
plane 1.000000 0.000000 -0.000000 15.773399
plane 0.000000 0.000000 1.000000 -29.895800
plane 0.000000 0.000000 -1.000000 31.404579
plane 0.000000 -1.000000 -0.000000 -5.562600
plane 0.000000 1.000000 -0.000000 6.527800
plane -0.706163 0.052497 0.706100 -31.296484
plane 0.707200 0.000081 0.707013 -10.641648
plane 0.706000 0.052681 -0.706250 33.202770
plane -0.707096 0.000095 -0.707118 11.460323
plane -0.707138 0.000000 0.707075 -31.632111
plane -0.999307 0.037220 -0.000000 -14.047729
plane 0.000000 0.037209 0.999308 -29.667988
plane 0.999303 0.037329 -0.000000 15.970225
plane 0.706982 -0.000000 -0.707232 32.955471
plane -0.000000 0.037344 -0.999303 31.590391
brush 0.434 0.603 0.297
plane -1.000000 0.000000 -0.000000 -12.537519
plane 1.000000 0.000000 -0.000000 14.046200
plane 0.000000 0.000000 1.000000 -28.209251
plane 0.000000 0.000000 -1.000000 29.718000
plane 0.000000 -1.000000 -0.000000 -5.562600
plane 0.000000 1.000000 -0.000000 6.527800
plane -0.706000 0.052682 0.706250 -28.886965
plane 0.707096 0.000073 0.707118 -10.675251
plane 0.706163 0.052496 -0.706100 30.788961
plane -0.707200 -0.000099 -0.707014 11.483455
plane -0.706980 0.000000 0.707233 -29.220648
plane -0.999308 0.037198 -0.000000 -12.321954
plane 0.000000 0.037327 0.999303 -27.981985
plane 0.999308 0.037198 -0.000000 14.243386
plane 0.707138 -0.000000 -0.707075 30.539045
plane -0.000000 0.037081 -0.999312 29.903833
brush 0.434 0.603 0.297
plane -1.000000 0.000000 -0.000000 -24.968199
plane 1.000000 0.000000 -0.000000 26.289000
plane 0.000000 0.000000 1.000000 -3.454400
plane 0.000000 0.000000 -1.000000 4.267200
plane 0.000000 -1.000000 -0.000000 -5.130800
plane 0.000000 1.000000 -0.000000 6.096000
plane 0.998618 0.052559 -0.000000 26.522331
plane -0.998618 0.052559 -0.000000 -24.664021
brush 0.434 0.603 0.297
plane -1.000000 0.000000 -0.000000 -25.018999
plane 1.000000 0.000000 -0.000000 26.238199
plane 0.000000 0.000000 1.000000 -3.454400
plane 0.000000 0.000000 -1.000000 4.267200
plane 0.000000 -1.000000 -0.000000 -6.096000
plane 0.000000 1.000000 -0.000000 6.604000
plane -0.707107 0.707107 -0.000000 -13.380583
plane 0.000000 0.481919 0.876216 -0.089024
plane -0.000000 0.447214 -0.894427 6.542914
plane 0.707107 0.707107 0.000000 22.863733
brush 0.434 0.603 0.297
plane -1.000000 0.000000 -0.000000 -27.406599
plane 1.000000 0.000000 -0.000000 28.727400
plane 0.000000 0.000000 1.000000 -3.429000
plane 0.000000 0.000000 -1.000000 4.241800
plane 0.000000 -1.000000 -0.000000 -5.130800
plane 0.000000 1.000000 -0.000000 6.096000
plane 0.998618 0.052559 -0.000000 28.957361
plane -0.998618 0.052559 -0.000000 -27.099049
brush 0.434 0.603 0.297
plane -1.000000 0.000000 -0.000000 -27.457399
plane 1.000000 0.000000 -0.000000 28.676600
plane 0.000000 0.000000 1.000000 -3.429000
plane 0.000000 0.000000 -1.000000 4.241800
plane 0.000000 -1.000000 -0.000000 -6.096000
plane 0.000000 1.000000 -0.000000 6.604000
plane -0.707107 0.707107 -0.000000 -15.104792
plane 0.000000 0.481919 0.876216 -0.066768
plane -0.000000 0.447214 -0.894427 6.520195
plane 0.707107 0.707107 0.000000 24.587942
brush 0.434 0.603 0.297
plane -1.000000 0.000000 -0.000000 -29.844999
plane 1.000000 0.000000 -0.000000 31.165800
plane 0.000000 0.000000 1.000000 -3.454400
plane 0.000000 0.000000 -1.000000 4.267200
plane 0.000000 -1.000000 -0.000000 -5.130800
plane 0.000000 1.000000 -0.000000 6.096000
plane 0.998618 0.052559 -0.000000 31.392391
plane -0.998618 0.052559 -0.000000 -29.534079
brush 0.434 0.603 0.297
plane -1.000000 0.000000 -0.000000 -29.895800
plane 1.000000 0.000000 -0.000000 31.115000
plane 0.000000 0.000000 1.000000 -3.454400
plane 0.000000 0.000000 -1.000000 4.267200
plane 0.000000 -1.000000 -0.000000 -6.096000
plane 0.000000 1.000000 -0.000000 6.604000
plane -0.707107 0.707107 -0.000000 -16.829000
plane 0.000000 0.481919 0.876216 -0.089024
plane -0.000000 0.447214 -0.894427 6.542914
plane 0.707107 0.707107 0.000000 26.312151
brush 0.434 0.603 0.297
plane -1.000000 0.000000 -0.000000 -45.923199
plane 1.000000 0.000000 -0.000000 46.736000
plane 0.000000 0.000000 1.000000 -46.431198
plane 0.000000 0.000000 -1.000000 47.751999
plane 0.000000 -1.000000 -0.000000 -5.981598
plane 0.000000 1.000000 -0.000000 6.946798
plane 0.000000 0.052559 0.998618 -46.052635
plane -0.000000 0.052559 -0.998618 48.000385
brush 0.434 0.603 0.297
plane -1.000000 0.000000 -0.000000 -45.923199
plane 1.000000 0.000000 -0.000000 46.736000
plane 0.000000 0.000000 1.000000 -46.481998
plane 0.000000 0.000000 -1.000000 47.701199
plane 0.000000 -1.000000 -0.000000 -6.946798
plane 0.000000 1.000000 -0.000000 7.454798
plane 0.000000 0.707107 0.707107 -27.955610
plane 0.876216 0.481919 -0.000000 44.298618
plane -0.894427 0.447214 -0.000000 -37.968258
plane 0.000000 0.707107 -0.707107 38.641972
brush 0.434 0.603 0.297
plane -1.000000 0.000000 -0.000000 -45.923199
plane 1.000000 0.000000 -0.000000 46.736000
plane 0.000000 0.000000 1.000000 -48.869598
plane 0.000000 0.000000 -1.000000 50.190399
plane 0.000000 -1.000000 -0.000000 -5.981598
plane 0.000000 1.000000 -0.000000 6.946798
plane 0.000000 0.052559 0.998618 -48.487667
plane -0.000000 0.052559 -0.998618 50.435413
brush 0.434 0.603 0.297
plane -1.000000 0.000000 -0.000000 -45.923199
plane 1.000000 0.000000 -0.000000 46.736000
plane 0.000000 0.000000 1.000000 -48.920399
plane 0.000000 0.000000 -1.000000 50.139599
plane 0.000000 -1.000000 -0.000000 -6.946798
plane 0.000000 1.000000 -0.000000 7.454798
plane 0.000000 0.707107 0.707107 -29.679817
plane 0.876216 0.481919 -0.000000 44.298618
plane -0.894427 0.447214 -0.000000 -37.968258
plane 0.000000 0.707107 -0.707107 40.366180
brush 0.434 0.603 0.297
plane -1.000000 0.000000 -0.000000 -45.923199
plane 1.000000 0.000000 -0.000000 46.736000
plane 0.000000 0.000000 1.000000 -51.333401
plane 0.000000 0.000000 -1.000000 52.654198
plane 0.000000 -1.000000 -0.000000 -5.956198
plane 0.000000 1.000000 -0.000000 6.921398
plane 0.000000 0.052559 0.998618 -50.949398
plane -0.000000 0.052559 -0.998618 52.894470
brush 0.434 0.603 0.297
plane -1.000000 0.000000 -0.000000 -45.923199
plane 1.000000 0.000000 -0.000000 46.736000
plane 0.000000 0.000000 1.000000 -51.384201
plane 0.000000 0.000000 -1.000000 52.603401
plane 0.000000 -1.000000 -0.000000 -6.921398
plane 0.000000 1.000000 -0.000000 7.429399
plane 0.000000 0.707107 0.707107 -31.439949
plane 0.876216 0.481919 -0.000000 44.286377
plane -0.894427 0.447214 -0.000000 -37.979618
plane 0.000000 0.707107 -0.707107 42.090393
brush 0.434 0.603 0.297
plane -1.000000 0.000000 -0.000000 -45.948601
plane 1.000000 0.000000 -0.000000 46.761398
plane 0.000000 0.000000 1.000000 -53.771801
plane 0.000000 0.000000 -1.000000 55.092598
plane 0.000000 -1.000000 -0.000000 -5.943600
plane 0.000000 1.000000 -0.000000 6.908800
plane 0.000000 0.052559 0.998618 -53.385090
plane -0.000000 0.052559 -0.998618 55.328838
brush 0.434 0.603 0.297
plane -1.000000 0.000000 -0.000000 -45.948601
plane 1.000000 0.000000 -0.000000 46.761398
plane 0.000000 0.000000 1.000000 -53.822598
plane 0.000000 0.000000 -1.000000 55.041798
plane 0.000000 -1.000000 -0.000000 -6.908800
plane 0.000000 1.000000 -0.000000 7.416800
plane 0.000000 0.707107 0.707107 -33.173069
plane 0.876216 0.481919 -0.000000 44.302563
plane -0.894427 0.447214 -0.000000 -38.007973
plane 0.000000 0.707107 -0.707107 43.805691
brush 0.434 0.603 0.297
plane -1.000000 0.000000 -0.000000 -45.923199
plane 1.000000 0.000000 -0.000000 46.736000
plane 0.000000 0.000000 1.000000 -56.235600
plane 0.000000 0.000000 -1.000000 57.556400
plane 0.000000 -1.000000 -0.000000 -5.969000
plane 0.000000 1.000000 -0.000000 6.934200
plane 0.000000 0.052559 0.998618 -55.844151
plane -0.000000 0.052559 -0.998618 57.790569
brush 0.434 0.603 0.297
plane -1.000000 0.000000 -0.000000 -45.923199
plane 1.000000 0.000000 -0.000000 46.736000
plane 0.000000 0.000000 1.000000 -56.286400
plane 0.000000 0.000000 -1.000000 57.505600
plane 0.000000 -1.000000 -0.000000 -6.934200
plane 0.000000 1.000000 -0.000000 7.442200
plane 0.000000 0.707107 0.707107 -34.897278
plane 0.876216 0.481919 -0.000000 44.292549
plane -0.894427 0.447214 -0.000000 -37.973892
plane 0.000000 0.707107 -0.707107 45.565823
brush 0.434 0.603 0.297
plane -1.000000 0.000000 -0.000000 -50.190399
plane 1.000000 0.000000 -0.000000 51.511200
plane 0.000000 0.000000 1.000000 -78.638397
plane 0.000000 0.000000 -1.000000 79.451202
plane 0.000000 -1.000000 -0.000000 -8.051800
plane 0.000000 1.000000 -0.000000 9.017000
plane 0.998618 0.052559 -0.000000 51.863197
plane -0.998618 0.052559 -0.000000 -49.697834
brush 0.434 0.603 0.297
plane -1.000000 0.000000 -0.000000 -50.241199
plane 1.000000 0.000000 -0.000000 51.460400
plane 0.000000 0.000000 1.000000 -78.638397
plane 0.000000 0.000000 -1.000000 79.451202
plane 0.000000 -1.000000 -0.000000 -9.017000
plane 0.000000 1.000000 -0.000000 9.525000
plane -0.707107 0.707107 -0.000000 -29.149912
plane 0.000000 0.481919 0.876216 -64.558754
plane -0.000000 0.447214 -0.894427 75.095848
plane 0.707107 0.707107 0.000000 42.763981
brush 0.434 0.603 0.297
plane -1.000000 0.000000 -0.000000 -47.751999
plane 1.000000 0.000000 -0.000000 49.072800
plane 0.000000 0.000000 1.000000 -78.612999
plane 0.000000 0.000000 -1.000000 79.425797
plane 0.000000 -1.000000 -0.000000 -8.026400
plane 0.000000 1.000000 -0.000000 8.991600
plane 0.998618 0.052559 -0.000000 49.426830
plane -0.998618 0.052559 -0.000000 -47.264141
brush 0.434 0.603 0.297
plane -1.000000 0.000000 -0.000000 -47.802799
plane 1.000000 0.000000 -0.000000 49.021999
plane 0.000000 0.000000 1.000000 -78.612999
plane 0.000000 0.000000 -1.000000 79.425797
plane 0.000000 -1.000000 -0.000000 -8.991600
plane 0.000000 1.000000 -0.000000 9.499599
plane -0.707107 0.707107 -0.000000 -27.443663
plane 0.000000 0.481919 0.876216 -64.548744
plane -0.000000 0.447214 -0.894427 75.061768
plane 0.707107 0.707107 0.000000 41.021812
brush 0.434 0.603 0.297
plane -1.000000 0.000000 -0.000000 -45.313599
plane 1.000000 0.000000 -0.000000 46.634399
plane 0.000000 0.000000 1.000000 -78.638397
plane 0.000000 0.000000 -1.000000 79.451202
plane 0.000000 -1.000000 -0.000000 -8.026400
plane 0.000000 1.000000 -0.000000 8.991600
plane 0.998618 0.052559 -0.000000 46.991802
plane -0.998618 0.052559 -0.000000 -44.829113
brush 0.434 0.603 0.297
plane -1.000000 0.000000 -0.000000 -45.364399
plane 1.000000 0.000000 -0.000000 46.583599
plane 0.000000 0.000000 1.000000 -78.638397
plane 0.000000 0.000000 -1.000000 79.451202
plane 0.000000 -1.000000 -0.000000 -8.991600
plane 0.000000 1.000000 -0.000000 9.499599
plane -0.707107 0.707107 -0.000000 -25.719456
plane 0.000000 0.481919 0.876216 -64.570999
plane -0.000000 0.447214 -0.894427 75.084488
plane 0.707107 0.707107 0.000000 39.297604
brush 0.434 0.603 0.297
plane -1.000000 0.000000 -0.000000 -42.849800
plane 1.000000 0.000000 -0.000000 44.170601
plane 0.000000 0.000000 1.000000 -78.638397
plane 0.000000 0.000000 -1.000000 79.451202
plane 0.000000 -1.000000 -0.000000 -8.000999
plane 0.000000 1.000000 -0.000000 8.966200
plane 0.998618 0.052559 -0.000000 44.530071
plane -0.998618 0.052559 -0.000000 -42.370052
brush 0.434 0.603 0.297
plane -1.000000 0.000000 -0.000000 -42.900600
plane 1.000000 0.000000 -0.000000 44.119801
plane 0.000000 0.000000 1.000000 -78.638397
plane 0.000000 0.000000 -1.000000 79.451202
plane 0.000000 -1.000000 -0.000000 -8.966200
plane 0.000000 1.000000 -0.000000 9.474200
plane -0.707107 0.707107 -0.000000 -23.995245
plane 0.000000 0.481919 0.876216 -64.583237
plane -0.000000 0.447214 -0.894427 75.073120
plane 0.707107 0.707107 0.000000 37.537472
brush 0.434 0.603 0.297
plane -1.000000 0.000000 -0.000000 -40.411400
plane 1.000000 0.000000 -0.000000 41.732201
plane 0.000000 0.000000 1.000000 -78.638397
plane 0.000000 0.000000 -1.000000 79.451202
plane 0.000000 -1.000000 -0.000000 -8.000999
plane 0.000000 1.000000 -0.000000 8.966200
plane 0.998618 0.052559 -0.000000 42.095043
plane -0.998618 0.052559 -0.000000 -39.935020
brush 0.434 0.603 0.297
plane -1.000000 0.000000 -0.000000 -40.462200
plane 1.000000 0.000000 -0.000000 41.681400
plane 0.000000 0.000000 1.000000 -78.638397
plane 0.000000 0.000000 -1.000000 79.451202
plane 0.000000 -1.000000 -0.000000 -8.966200
plane 0.000000 1.000000 -0.000000 9.474200
plane -0.707107 0.707107 -0.000000 -22.271036
plane 0.000000 0.481919 0.876216 -64.583237
plane -0.000000 0.447214 -0.894427 75.073120
plane 0.707107 0.707107 0.000000 35.813267
brush 0.434 0.603 0.297
plane -1.000000 0.000000 -0.000000 -37.566601
plane 1.000000 0.000000 -0.000000 38.887398
plane 0.000000 0.000000 1.000000 -78.638397
plane 0.000000 0.000000 -1.000000 79.451202
plane 0.000000 -1.000000 -0.000000 -8.610600
plane 0.000000 1.000000 -0.000000 9.575800
plane 0.998618 0.052559 -0.000000 39.286213
plane -0.998618 0.052559 -0.000000 -37.062111
brush 0.434 0.603 0.297
plane -1.000000 0.000000 -0.000000 -37.617401
plane 1.000000 0.000000 -0.000000 38.836601
plane 0.000000 0.000000 1.000000 -78.638397
plane 0.000000 0.000000 -1.000000 79.451202
plane 0.000000 -1.000000 -0.000000 -9.575800
plane 0.000000 1.000000 -0.000000 10.083800
plane -0.707107 0.707107 -0.000000 -19.828407
plane 0.000000 0.481919 0.876216 -64.289459
plane -0.000000 0.447214 -0.894427 75.345749
plane 0.707107 0.707107 0.000000 34.232738
brush 0.434 0.603 0.297
plane -1.000000 0.000000 -0.000000 -35.128201
plane 1.000000 0.000000 -0.000000 36.449001
plane 0.000000 0.000000 1.000000 -78.638397
plane 0.000000 0.000000 -1.000000 79.451202
plane 0.000000 -1.000000 -0.000000 -8.610600
plane 0.000000 1.000000 -0.000000 9.575800
plane 0.998618 0.052559 -0.000000 36.851181
plane -0.998618 0.052559 -0.000000 -34.627083
brush 0.434 0.603 0.297
plane -1.000000 0.000000 -0.000000 -35.179001
plane 1.000000 0.000000 -0.000000 36.398201
plane 0.000000 0.000000 1.000000 -78.638397
plane 0.000000 0.000000 -1.000000 79.451202
plane 0.000000 -1.000000 -0.000000 -9.575800
plane 0.000000 1.000000 -0.000000 10.083800
plane -0.707107 0.707107 -0.000000 -18.104197
plane 0.000000 0.481919 0.876216 -64.289459
plane -0.000000 0.447214 -0.894427 75.345749
plane 0.707107 0.707107 0.000000 32.508530
brush 0.434 0.603 0.297
plane -1.000000 0.000000 -0.000000 -32.689800
plane 1.000000 0.000000 -0.000000 34.010601
plane 0.000000 0.000000 1.000000 -78.638397
plane 0.000000 0.000000 -1.000000 79.451202
plane 0.000000 -1.000000 -0.000000 -8.610600
plane 0.000000 1.000000 -0.000000 9.575800
plane 0.998618 0.052559 -0.000000 34.416153
plane -0.998618 0.052559 -0.000000 -32.192055
brush 0.434 0.603 0.297
plane -1.000000 0.000000 -0.000000 -32.740601
plane 1.000000 0.000000 -0.000000 33.959801
plane 0.000000 0.000000 1.000000 -78.638397
plane 0.000000 0.000000 -1.000000 79.451202
plane 0.000000 -1.000000 -0.000000 -9.575800
plane 0.000000 1.000000 -0.000000 10.083800
plane -0.707107 0.707107 -0.000000 -16.379988
plane 0.000000 0.481919 0.876216 -64.289459
plane -0.000000 0.447214 -0.894427 75.345749
plane 0.707107 0.707107 0.000000 30.784317
brush 0.434 0.603 0.297
plane -1.000000 0.000000 -0.000000 -25.450800
plane 1.000000 0.000000 -0.000000 26.771599
plane 0.000000 0.000000 1.000000 -78.435196
plane 0.000000 0.000000 -1.000000 79.248001
plane 0.000000 -1.000000 -0.000000 -8.000999
plane 0.000000 1.000000 -0.000000 8.966200
plane 0.998618 0.052559 -0.000000 27.155121
plane -0.998618 0.052559 -0.000000 -24.995098
brush 0.434 0.603 0.297
plane -1.000000 0.000000 -0.000000 -25.501600
plane 1.000000 0.000000 -0.000000 26.720800
plane 0.000000 0.000000 1.000000 -78.435196
plane 0.000000 0.000000 -1.000000 79.248001
plane 0.000000 -1.000000 -0.000000 -8.966200
plane 0.000000 1.000000 -0.000000 9.474200
plane -0.707107 0.707107 -0.000000 -11.692294
plane 0.000000 0.481919 0.876216 -64.405190
plane -0.000000 0.447214 -0.894427 74.891380
plane 0.707107 0.707107 0.000000 25.234520
brush 0.434 0.603 0.297
plane -1.000000 0.000000 -0.000000 -27.889200
plane 1.000000 0.000000 -0.000000 29.209999
plane 0.000000 0.000000 1.000000 -78.435196
plane 0.000000 0.000000 -1.000000 79.248001
plane 0.000000 -1.000000 -0.000000 -8.000999
plane 0.000000 1.000000 -0.000000 8.966200
plane 0.998618 0.052559 -0.000000 29.590151
plane -0.998618 0.052559 -0.000000 -27.430130
brush 0.434 0.603 0.297
plane -1.000000 0.000000 -0.000000 -27.940001
plane 1.000000 0.000000 -0.000000 29.159199
plane 0.000000 0.000000 1.000000 -78.435196
plane 0.000000 0.000000 -1.000000 79.248001
plane 0.000000 -1.000000 -0.000000 -8.966200
plane 0.000000 1.000000 -0.000000 9.474200
plane -0.707107 0.707107 -0.000000 -13.416503
plane 0.000000 0.481919 0.876216 -64.405190
plane -0.000000 0.447214 -0.894427 74.891380
plane 0.707107 0.707107 0.000000 26.958731
brush 0.434 0.603 0.297
plane -1.000000 0.000000 -0.000000 -30.327600
plane 1.000000 0.000000 -0.000000 31.648399
plane 0.000000 0.000000 1.000000 -78.435196
plane 0.000000 0.000000 -1.000000 79.248001
plane 0.000000 -1.000000 -0.000000 -8.000999
plane 0.000000 1.000000 -0.000000 8.966200
plane 0.998618 0.052559 -0.000000 32.025181
plane -0.998618 0.052559 -0.000000 -29.865160
brush 0.434 0.603 0.297
plane -1.000000 0.000000 -0.000000 -30.378399
plane 1.000000 0.000000 -0.000000 31.597599
plane 0.000000 0.000000 1.000000 -78.435196
plane 0.000000 0.000000 -1.000000 79.248001
plane 0.000000 -1.000000 -0.000000 -8.966200
plane 0.000000 1.000000 -0.000000 9.474200
plane -0.707107 0.707107 -0.000000 -15.140712
plane 0.000000 0.481919 0.876216 -64.405190
plane -0.000000 0.447214 -0.894427 74.891380
plane 0.707107 0.707107 0.000000 28.682940
brush 0.434 0.603 0.297
plane -1.000000 0.000000 -0.000000 -18.008600
plane 1.000000 0.000000 -0.000000 19.329399
plane 0.000000 0.000000 1.000000 -78.460602
plane 0.000000 0.000000 -1.000000 79.273399
plane 0.000000 -1.000000 -0.000000 -8.000999
plane 0.000000 1.000000 -0.000000 8.966200
plane 0.998618 0.052559 -0.000000 19.723207
plane -0.998618 0.052559 -0.000000 -17.563185
brush 0.434 0.603 0.297
plane -1.000000 0.000000 -0.000000 -18.059401
plane 1.000000 0.000000 -0.000000 19.278601
plane 0.000000 0.000000 1.000000 -78.460602
plane 0.000000 0.000000 -1.000000 79.273399
plane 0.000000 -1.000000 -0.000000 -8.966200
plane 0.000000 1.000000 -0.000000 9.474200
plane -0.707107 0.707107 -0.000000 -6.429864
plane 0.000000 0.481919 0.876216 -64.427444
plane -0.000000 0.447214 -0.894427 74.914093
plane 0.707107 0.707107 0.000000 19.972092
brush 0.434 0.603 0.297
plane -1.000000 0.000000 -0.000000 -20.497799
plane 1.000000 0.000000 -0.000000 21.818600
plane 0.000000 0.000000 1.000000 -78.460602
plane 0.000000 0.000000 -1.000000 79.273399
plane 0.000000 -1.000000 -0.000000 -8.000999
plane 0.000000 1.000000 -0.000000 8.966200
plane 0.998618 0.052559 -0.000000 22.208967
plane -0.998618 0.052559 -0.000000 -20.048944
brush 0.434 0.603 0.297
plane -1.000000 0.000000 -0.000000 -20.548599
plane 1.000000 0.000000 -0.000000 21.767799
plane 0.000000 0.000000 1.000000 -78.460602
plane 0.000000 0.000000 -1.000000 79.273399
plane 0.000000 -1.000000 -0.000000 -8.966200
plane 0.000000 1.000000 -0.000000 9.474200
plane -0.707107 0.707107 -0.000000 -8.189994
plane 0.000000 0.481919 0.876216 -64.427444
plane -0.000000 0.447214 -0.894427 74.914093
plane 0.707107 0.707107 0.000000 21.732222
brush 0.434 0.603 0.297
plane -1.000000 0.000000 -0.000000 -22.961599
plane 1.000000 0.000000 -0.000000 24.282400
plane 0.000000 0.000000 1.000000 -78.409798
plane 0.000000 0.000000 -1.000000 79.222603
plane 0.000000 -1.000000 -0.000000 -8.000999
plane 0.000000 1.000000 -0.000000 8.966200
plane 0.998618 0.052559 -0.000000 24.669361
plane -0.998618 0.052559 -0.000000 -22.509338
brush 0.434 0.603 0.297
plane -1.000000 0.000000 -0.000000 -23.012400
plane 1.000000 0.000000 -0.000000 24.231600
plane 0.000000 0.000000 1.000000 -78.409798
plane 0.000000 0.000000 -1.000000 79.222603
plane 0.000000 -1.000000 -0.000000 -8.966200
plane 0.000000 1.000000 -0.000000 9.474200
plane -0.707107 0.707107 -0.000000 -9.932163
plane 0.000000 0.481919 0.876216 -64.382935
plane -0.000000 0.447214 -0.894427 74.868660
plane 0.707107 0.707107 0.000000 23.474390
brush 0.434 0.603 0.297
plane -1.000000 0.000000 -0.000000 -15.595600
plane 1.000000 0.000000 -0.000000 16.916399
plane 0.000000 0.000000 1.000000 -78.435196
plane 0.000000 0.000000 -1.000000 79.248001
plane 0.000000 -1.000000 -0.000000 -8.000999
plane 0.000000 1.000000 -0.000000 8.966200
plane 0.998618 0.052559 -0.000000 17.313541
plane -0.998618 0.052559 -0.000000 -15.153522
brush 0.434 0.603 0.297
plane -1.000000 0.000000 -0.000000 -15.646399
plane 1.000000 0.000000 -0.000000 16.865601
plane 0.000000 0.000000 1.000000 -78.435196
plane 0.000000 0.000000 -1.000000 79.248001
plane 0.000000 -1.000000 -0.000000 -8.966200
plane 0.000000 1.000000 -0.000000 9.474200
plane -0.707107 0.707107 -0.000000 -4.723615
plane 0.000000 0.481919 0.876216 -64.405190
plane -0.000000 0.447214 -0.894427 74.891380
plane 0.707107 0.707107 0.000000 18.265842
brush 0.434 0.603 0.297
plane -1.000000 0.000000 -0.000000 4.470400
plane 1.000000 0.000000 -0.000000 -3.657600
plane 0.000000 0.000000 1.000000 -57.454800
plane 0.000000 0.000000 -1.000000 58.775600
plane 0.000000 -1.000000 -0.000000 -7.195819
plane 0.000000 1.000000 -0.000000 8.161019
plane 0.000000 0.052559 0.998618 -56.997185
plane -0.000000 0.052559 -0.998618 59.072567
brush 0.434 0.603 0.297
plane -1.000000 0.000000 -0.000000 4.470400
plane 1.000000 0.000000 -0.000000 -3.657600
plane 0.000000 0.000000 1.000000 -57.505600
plane 0.000000 0.000000 -1.000000 58.724800
plane 0.000000 -1.000000 -0.000000 -8.161019
plane 0.000000 1.000000 -0.000000 8.669020
plane 0.000000 0.707107 0.707107 -34.891888
plane 0.876216 0.481919 -0.000000 0.728101
plane -0.894427 0.447214 -0.000000 7.648167
plane 0.000000 0.707107 -0.707107 47.295422
brush 0.434 0.603 0.297
plane -1.000000 0.000000 -0.000000 4.445000
plane 1.000000 0.000000 -0.000000 -3.632200
plane 0.000000 0.000000 1.000000 -54.991001
plane 0.000000 0.000000 -1.000000 56.311798
plane 0.000000 -1.000000 -0.000000 -7.170420
plane 0.000000 1.000000 -0.000000 8.135619
plane 0.000000 0.052559 0.998618 -54.538120
plane -0.000000 0.052559 -0.998618 56.610840
brush 0.434 0.603 0.297
plane -1.000000 0.000000 -0.000000 4.445000
plane 1.000000 0.000000 -0.000000 -3.632200
plane 0.000000 0.000000 1.000000 -55.041798
plane 0.000000 0.000000 -1.000000 56.260998
plane 0.000000 -1.000000 -0.000000 -8.135619
plane 0.000000 1.000000 -0.000000 8.643620
plane 0.000000 0.707107 0.707107 -33.167683
plane 0.876216 0.481919 -0.000000 0.738116
plane -0.894427 0.447214 -0.000000 7.614089
plane 0.000000 0.707107 -0.707107 45.535290
brush 0.434 0.603 0.297
plane -1.000000 0.000000 -0.000000 4.470400
plane 1.000000 0.000000 -0.000000 -3.657600
plane 0.000000 0.000000 1.000000 -52.552601
plane 0.000000 0.000000 -1.000000 53.873398
plane 0.000000 -1.000000 -0.000000 -7.182993
plane 0.000000 1.000000 -0.000000 8.148193
plane 0.000000 0.052559 0.998618 -52.102432
plane -0.000000 0.052559 -0.998618 54.176468
brush 0.434 0.603 0.297
plane -1.000000 0.000000 -0.000000 4.470400
plane 1.000000 0.000000 -0.000000 -3.657600
plane 0.000000 0.000000 1.000000 -52.603401
plane 0.000000 0.000000 -1.000000 53.822598
plane 0.000000 -1.000000 -0.000000 -8.148193
plane 0.000000 1.000000 -0.000000 8.656193
plane 0.000000 0.707107 0.707107 -31.434580
plane 0.876216 0.481919 -0.000000 0.721920
plane -0.894427 0.447214 -0.000000 7.642431
plane 0.000000 0.707107 -0.707107 43.819969
brush 0.434 0.603 0.297
plane -1.000000 0.000000 -0.000000 4.470400
plane 1.000000 0.000000 -0.000000 -3.657600
plane 0.000000 0.000000 1.000000 -50.088799
plane 0.000000 0.000000 -1.000000 51.409599
plane 0.000000 -1.000000 -0.000000 -7.208393
plane 0.000000 1.000000 -0.000000 8.173594
plane 0.000000 0.052559 0.998618 -49.640701
plane -0.000000 0.052559 -0.998618 51.717407
brush 0.434 0.603 0.297
plane -1.000000 0.000000 -0.000000 4.470400
plane 1.000000 0.000000 -0.000000 -3.657600
plane 0.000000 0.000000 1.000000 -50.139599
plane 0.000000 0.000000 -1.000000 51.358799
plane 0.000000 -1.000000 -0.000000 -8.173594
plane 0.000000 1.000000 -0.000000 8.681593
plane 0.000000 0.707107 0.707107 -29.674448
plane 0.876216 0.481919 -0.000000 0.734160
plane -0.894427 0.447214 -0.000000 7.653790
plane 0.000000 0.707107 -0.707107 42.095764
brush 0.434 0.603 0.297
plane -1.000000 0.000000 -0.000000 33.731201
plane 1.000000 0.000000 -0.000000 -32.918400
plane 0.000000 0.000000 1.000000 -52.882801
plane 0.000000 0.000000 -1.000000 54.203598
plane 0.000000 -1.000000 -0.000000 -5.591988
plane 0.000000 1.000000 -0.000000 6.557188
plane 0.000000 0.052559 0.998618 -52.515797
plane -0.000000 0.052559 -0.998618 54.422588
brush 0.434 0.603 0.297
plane -1.000000 0.000000 -0.000000 33.731201
plane 1.000000 0.000000 -0.000000 -32.918400
plane 0.000000 0.000000 1.000000 -52.933598
plane 0.000000 0.000000 -1.000000 54.152798
plane 0.000000 -1.000000 -0.000000 -6.557188
plane 0.000000 1.000000 -0.000000 7.065188
plane 0.000000 0.707107 0.707107 -32.793079
plane 0.876216 0.481919 -0.000000 -25.683596
plane -0.894427 0.447214 -0.000000 33.102570
plane 0.000000 0.707107 -0.707107 42.928448
brush 0.434 0.603 0.297
plane -1.000000 0.000000 -0.000000 33.731201
plane 1.000000 0.000000 -0.000000 -32.918400
plane 0.000000 0.000000 1.000000 -55.346600
plane 0.000000 0.000000 -1.000000 56.667400
plane 0.000000 -1.000000 -0.000000 -5.566587
plane 0.000000 1.000000 -0.000000 6.531788
plane 0.000000 0.052559 0.998618 -54.977531
plane -0.000000 0.052559 -0.998618 56.881649
brush 0.434 0.603 0.297
plane -1.000000 0.000000 -0.000000 33.731201
plane 1.000000 0.000000 -0.000000 -32.918400
plane 0.000000 0.000000 1.000000 -55.397400
plane 0.000000 0.000000 -1.000000 56.616600
plane 0.000000 -1.000000 -0.000000 -6.531788
plane 0.000000 1.000000 -0.000000 7.039788
plane 0.000000 0.707107 0.707107 -34.553207
plane 0.876216 0.481919 -0.000000 -25.695835
plane -0.894427 0.447214 -0.000000 33.091213
plane 0.000000 0.707107 -0.707107 44.652653
brush 0.434 0.603 0.297
plane -1.000000 0.000000 -0.000000 33.705799
plane 1.000000 0.000000 -0.000000 -32.892998
plane 0.000000 0.000000 1.000000 -57.785000
plane 0.000000 0.000000 -1.000000 59.105801
plane 0.000000 -1.000000 -0.000000 -5.554015
plane 0.000000 1.000000 -0.000000 6.519215
plane 0.000000 0.052559 0.998618 -57.413219
plane -0.000000 0.052559 -0.998618 59.316017
brush 0.434 0.603 0.297
plane -1.000000 0.000000 -0.000000 33.705799
plane 1.000000 0.000000 -0.000000 -32.892696
plane 0.000000 0.000000 1.000000 -57.835800
plane 0.000000 0.000000 -1.000000 59.055000
plane 0.000000 -1.000000 -0.000000 -6.519215
plane 0.000000 1.000000 -0.000000 7.027215
plane 0.000000 0.707107 0.707107 -36.286308
plane 0.876216 0.481919 -0.000000 -25.679399
plane -0.894427 0.447214 -0.000000 33.062870
plane 0.000000 0.707107 -0.707107 46.367973
brush 0.434 0.603 0.297
plane -1.000000 0.000000 -0.000000 33.731201
plane 1.000000 0.000000 -0.000000 -32.918400
plane 0.000000 0.000000 1.000000 -60.248798
plane 0.000000 0.000000 -1.000000 61.569599
plane 0.000000 -1.000000 -0.000000 -5.579415
plane 0.000000 1.000000 -0.000000 6.544614
plane 0.000000 0.052559 0.998618 -59.872276
plane -0.000000 0.052559 -0.998618 61.777748
brush 0.434 0.603 0.297
plane -1.000000 0.000000 -0.000000 33.731201
plane 1.000000 0.000000 -0.000000 -32.918400
plane 0.000000 0.000000 1.000000 -60.299599
plane 0.000000 0.000000 -1.000000 61.518799
plane 0.000000 -1.000000 -0.000000 -6.544614
plane 0.000000 1.000000 -0.000000 7.052614
plane 0.000000 0.707107 0.707107 -38.010517
plane 0.876216 0.481919 -0.000000 -25.689653
plane -0.894427 0.447214 -0.000000 33.096947
plane 0.000000 0.707107 -0.707107 48.128105
brush 0.434 0.603 0.297
plane -1.000000 0.000000 -0.000000 33.731201
plane 1.000000 0.000000 -0.000000 -32.918400
plane 0.000000 0.000000 1.000000 -65.125603
plane 0.000000 0.000000 -1.000000 66.446396
plane 0.000000 -1.000000 -0.000000 -5.579415
plane 0.000000 1.000000 -0.000000 6.544614
plane 0.000000 0.052559 0.998618 -64.742332
plane -0.000000 0.052559 -0.998618 66.647804
brush 0.434 0.603 0.297
plane -1.000000 0.000000 -0.000000 33.731201
plane 1.000000 0.000000 -0.000000 -32.918400
plane 0.000000 0.000000 1.000000 -65.176399
plane 0.000000 0.000000 -1.000000 66.395599
plane 0.000000 -1.000000 -0.000000 -6.544614
plane 0.000000 1.000000 -0.000000 7.052614
plane 0.000000 0.707107 0.707107 -41.458935
plane 0.876216 0.481919 -0.000000 -25.689653
plane -0.894427 0.447214 -0.000000 33.096947
plane 0.000000 0.707107 -0.707107 51.576523
brush 0.434 0.603 0.297
plane -1.000000 0.000000 -0.000000 33.705799
plane 1.000000 0.000000 -0.000000 -32.892998
plane 0.000000 0.000000 1.000000 -62.661800
plane 0.000000 0.000000 -1.000000 63.982597
plane 0.000000 -1.000000 -0.000000 -5.554015
plane 0.000000 1.000000 -0.000000 6.519215
plane 0.000000 0.052559 0.998618 -62.283279
plane -0.000000 0.052559 -0.998618 64.186081
brush 0.434 0.603 0.297
plane -1.000000 0.000000 -0.000000 33.705799
plane 1.000000 0.000000 -0.000000 -32.892696
plane 0.000000 0.000000 1.000000 -62.712601
plane 0.000000 0.000000 -1.000000 63.931801
plane 0.000000 -1.000000 -0.000000 -6.519215
plane 0.000000 1.000000 -0.000000 7.027215
plane 0.000000 0.707107 0.707107 -39.734726
plane 0.876216 0.481919 -0.000000 -25.679399
plane -0.894427 0.447214 -0.000000 33.062870
plane 0.000000 0.707107 -0.707107 49.816391
brush 0.434 0.603 0.297
plane -1.000000 0.000000 -0.000000 54.863998
plane 1.000000 0.000000 -0.000000 -54.051201
plane 0.000000 0.000000 1.000000 -77.520798
plane 0.000000 0.000000 -1.000000 78.841599
plane 0.000000 -1.000000 -0.000000 -5.574919
plane 0.000000 1.000000 -0.000000 6.540119
plane 0.000000 0.052559 0.998618 -77.120644
plane -0.000000 0.052559 -0.998618 79.025635
brush 0.434 0.603 0.297
plane -1.000000 0.000000 -0.000000 54.863998
plane 1.000000 0.000000 -0.000000 -54.051201
plane 0.000000 0.000000 1.000000 -77.571602
plane 0.000000 0.000000 -1.000000 78.790802
plane 0.000000 -1.000000 -0.000000 -6.540119
plane 0.000000 1.000000 -0.000000 7.048119
plane 0.000000 0.707107 0.707107 -50.226845
plane 0.876216 0.481919 -0.000000 -44.208714
plane -0.894427 0.447214 -0.000000 51.996685
plane 0.000000 0.707107 -0.707107 60.338074
brush 0.434 0.603 0.297
plane -1.000000 0.000000 -0.000000 54.838600
plane 1.000000 0.000000 -0.000000 -54.025799
plane 0.000000 0.000000 1.000000 -75.056999
plane 0.000000 0.000000 -1.000000 76.377800
plane 0.000000 -1.000000 -0.000000 -5.549519
plane 0.000000 1.000000 -0.000000 6.514719
plane 0.000000 0.052559 0.998618 -74.661583
plane -0.000000 0.052559 -0.998618 76.563911
brush 0.434 0.603 0.297
plane -1.000000 0.000000 -0.000000 54.838600
plane 1.000000 0.000000 -0.000000 -54.025799
plane 0.000000 0.000000 1.000000 -75.107796
plane 0.000000 0.000000 -1.000000 76.326996
plane 0.000000 -1.000000 -0.000000 -6.514719
plane 0.000000 1.000000 -0.000000 7.022718
plane 0.000000 0.707107 0.707107 -48.502636
plane 0.876216 0.481919 -0.000000 -44.198700
plane -0.894427 0.447214 -0.000000 51.962608
plane 0.000000 0.707107 -0.707107 58.577942
brush 0.434 0.603 0.297
plane -1.000000 0.000000 -0.000000 54.863998
plane 1.000000 0.000000 -0.000000 -54.051201
plane 0.000000 0.000000 1.000000 -72.643997
plane 0.000000 0.000000 -1.000000 73.964798
plane 0.000000 -1.000000 -0.000000 -5.574919
plane 0.000000 1.000000 -0.000000 6.540119
plane 0.000000 0.052559 0.998618 -72.250580
plane -0.000000 0.052559 -0.998618 74.155579
brush 0.434 0.603 0.297
plane -1.000000 0.000000 -0.000000 54.863998
plane 1.000000 0.000000 -0.000000 -54.051201
plane 0.000000 0.000000 1.000000 -72.694801
plane 0.000000 0.000000 -1.000000 73.914001
plane 0.000000 -1.000000 -0.000000 -6.540119
plane 0.000000 1.000000 -0.000000 7.048119
plane 0.000000 0.707107 0.707107 -46.778427
plane 0.876216 0.481919 -0.000000 -44.208714
plane -0.894427 0.447214 -0.000000 51.996685
plane 0.000000 0.707107 -0.707107 56.889652
brush 0.434 0.603 0.297
plane -1.000000 0.000000 -0.000000 54.838600
plane 1.000000 0.000000 -0.000000 -54.025799
plane 0.000000 0.000000 1.000000 -70.180199
plane 0.000000 0.000000 -1.000000 71.500999
plane 0.000000 -1.000000 -0.000000 -5.549519
plane 0.000000 1.000000 -0.000000 6.514719
plane 0.000000 0.052559 0.998618 -69.791519
plane -0.000000 0.052559 -0.998618 71.693848
brush 0.434 0.603 0.297
plane -1.000000 0.000000 -0.000000 54.838600
plane 1.000000 0.000000 -0.000000 -54.025799
plane 0.000000 0.000000 1.000000 -70.231003
plane 0.000000 0.000000 -1.000000 71.450203
plane 0.000000 -1.000000 -0.000000 -6.514719
plane 0.000000 1.000000 -0.000000 7.022718
plane 0.000000 0.707107 0.707107 -45.054218
plane 0.876216 0.481919 -0.000000 -44.198700
plane -0.894427 0.447214 -0.000000 51.962608
plane 0.000000 0.707107 -0.707107 55.129524
brush 0.434 0.603 0.297
plane -1.000000 0.000000 -0.000000 54.863998
plane 1.000000 0.000000 -0.000000 -54.051201
plane 0.000000 0.000000 1.000000 -67.741798
plane 0.000000 0.000000 -1.000000 69.062599
plane 0.000000 -1.000000 -0.000000 -5.562092
plane 0.000000 1.000000 -0.000000 6.527292
plane 0.000000 0.052559 0.998618 -67.355835
plane -0.000000 0.052559 -0.998618 69.259483
brush 0.434 0.603 0.297
plane -1.000000 0.000000 -0.000000 54.863998
plane 1.000000 0.000000 -0.000000 -54.051201
plane 0.000000 0.000000 1.000000 -67.792603
plane 0.000000 0.000000 -1.000000 69.011803
plane 0.000000 -1.000000 -0.000000 -6.527292
plane 0.000000 1.000000 -0.000000 7.035292
plane 0.000000 0.707107 0.707107 -43.321117
plane 0.876216 0.481919 -0.000000 -44.214897
plane -0.894427 0.447214 -0.000000 51.990952
plane 0.000000 0.707107 -0.707107 53.414207
brush 0.434 0.603 0.297
plane -1.000000 0.000000 -0.000000 54.863998
plane 1.000000 0.000000 -0.000000 -54.051201
plane 0.000000 0.000000 1.000000 -65.278000
plane 0.000000 0.000000 -1.000000 66.598801
plane 0.000000 -1.000000 -0.000000 -5.587492
plane 0.000000 1.000000 -0.000000 6.552692
plane 0.000000 0.052559 0.998618 -64.894104
plane -0.000000 0.052559 -0.998618 66.800415
brush 0.434 0.603 0.297
plane -1.000000 0.000000 -0.000000 54.863998
plane 1.000000 0.000000 -0.000000 -54.051201
plane 0.000000 0.000000 1.000000 -65.328796
plane 0.000000 0.000000 -1.000000 66.547997
plane 0.000000 -1.000000 -0.000000 -6.552692
plane 0.000000 1.000000 -0.000000 7.060692
plane 0.000000 0.707107 0.707107 -41.560986
plane 0.876216 0.481919 -0.000000 -44.202656
plane -0.894427 0.447214 -0.000000 52.002308
plane 0.000000 0.707107 -0.707107 51.689999
brush 0.434 0.603 0.297
plane -1.000000 0.000000 -0.000000 54.863998
plane 1.000000 0.000000 -0.000000 -54.051201
plane 0.000000 0.000000 1.000000 -62.839600
plane 0.000000 0.000000 -1.000000 64.160400
plane 0.000000 -1.000000 -0.000000 -5.562092
plane 0.000000 1.000000 -0.000000 6.527292
plane 0.000000 0.052559 0.998618 -62.460411
plane -0.000000 0.052559 -0.998618 64.364059
brush 0.434 0.603 0.297
plane -1.000000 0.000000 -0.000000 54.863998
plane 1.000000 0.000000 -0.000000 -54.051201
plane 0.000000 0.000000 1.000000 -62.890400
plane 0.000000 0.000000 -1.000000 64.109596
plane 0.000000 -1.000000 -0.000000 -6.527292
plane 0.000000 1.000000 -0.000000 7.035292
plane 0.000000 0.707107 0.707107 -39.854740
plane 0.876216 0.481919 -0.000000 -44.214897
plane -0.894427 0.447214 -0.000000 51.990952
plane 0.000000 0.707107 -0.707107 49.947830
brush 0.434 0.603 0.297
plane -1.000000 0.000000 -0.000000 56.514999
plane 1.000000 0.000000 -0.000000 -55.702198
plane 0.000000 0.000000 1.000000 -57.683399
plane 0.000000 0.000000 -1.000000 59.004200
plane 0.000000 -1.000000 -0.000000 -5.994400
plane 0.000000 1.000000 -0.000000 6.959600
plane 0.000000 0.052559 0.998618 -57.288612
plane -0.000000 0.052559 -0.998618 59.237705
brush 0.434 0.603 0.297
plane -1.000000 0.000000 -0.000000 56.514999
plane 1.000000 0.000000 -0.000000 -55.702198
plane 0.000000 0.000000 1.000000 -57.734200
plane 0.000000 0.000000 -1.000000 58.953400
plane 0.000000 -1.000000 -0.000000 -6.959600
plane 0.000000 1.000000 -0.000000 7.467600
plane 0.000000 0.707107 0.707107 -35.903069
plane 0.876216 0.481919 -0.000000 -45.453194
plane -0.894427 0.447214 -0.000000 53.660980
plane 0.000000 0.707107 -0.707107 46.607529
brush 0.434 0.603 0.297
plane -1.000000 0.000000 -0.000000 56.489601
plane 1.000000 0.000000 -0.000000 -55.676800
plane 0.000000 0.000000 1.000000 -55.219601
plane 0.000000 0.000000 -1.000000 56.540398
plane 0.000000 -1.000000 -0.000000 -5.969000
plane 0.000000 1.000000 -0.000000 6.934200
plane 0.000000 0.052559 0.998618 -54.829552
plane -0.000000 0.052559 -0.998618 56.775974
brush 0.434 0.603 0.297
plane -1.000000 0.000000 -0.000000 56.489601
plane 1.000000 0.000000 -0.000000 -55.676800
plane 0.000000 0.000000 1.000000 -55.270401
plane 0.000000 0.000000 -1.000000 56.489601
plane 0.000000 -1.000000 -0.000000 -6.934200
plane 0.000000 1.000000 -0.000000 7.442200
plane 0.000000 0.707107 0.707107 -34.178856
plane 0.876216 0.481919 -0.000000 -45.443180
plane -0.894427 0.447214 -0.000000 53.626907
plane 0.000000 0.707107 -0.707107 44.847401
brush 0.434 0.603 0.297
plane -1.000000 0.000000 -0.000000 56.514999
plane 1.000000 0.000000 -0.000000 -55.702198
plane 0.000000 0.000000 1.000000 -52.806599
plane 0.000000 0.000000 -1.000000 54.127399
plane 0.000000 -1.000000 -0.000000 -5.994400
plane 0.000000 1.000000 -0.000000 6.959600
plane 0.000000 0.052559 0.998618 -52.418556
plane -0.000000 0.052559 -0.998618 54.367645
brush 0.434 0.603 0.297
plane -1.000000 0.000000 -0.000000 56.514999
plane 1.000000 0.000000 -0.000000 -55.702198
plane 0.000000 0.000000 1.000000 -52.857399
plane 0.000000 0.000000 -1.000000 54.076599
plane 0.000000 -1.000000 -0.000000 -6.959600
plane 0.000000 1.000000 -0.000000 7.467600
plane 0.000000 0.707107 0.707107 -32.454647
plane 0.876216 0.481919 -0.000000 -45.453194
plane -0.894427 0.447214 -0.000000 53.660980
plane 0.000000 0.707107 -0.707107 43.159115
brush 0.434 0.603 0.297
plane -1.000000 0.000000 -0.000000 56.489601
plane 1.000000 0.000000 -0.000000 -55.676800
plane 0.000000 0.000000 1.000000 -50.444401
plane 0.000000 0.000000 -1.000000 51.765198
plane 0.000000 -1.000000 -0.000000 -5.588000
plane 0.000000 1.000000 -0.000000 6.553200
plane 0.000000 0.052559 0.998618 -50.080978
plane -0.000000 0.052559 -0.998618 51.987350
brush 0.434 0.603 0.297
plane -1.000000 0.000000 -0.000000 56.489601
plane 1.000000 0.000000 -0.000000 -55.676800
plane 0.000000 0.000000 1.000000 -50.495201
plane 0.000000 0.000000 -1.000000 51.714401
plane 0.000000 -1.000000 -0.000000 -6.553200
plane 0.000000 1.000000 -0.000000 7.061200
plane 0.000000 0.707107 0.707107 -31.071686
plane 0.876216 0.481919 -0.000000 -45.626789
plane -0.894427 0.447214 -0.000000 53.456516
plane 0.000000 0.707107 -0.707107 41.201416
brush 0.434 0.603 0.297
plane -1.000000 0.000000 -0.000000 56.464199
plane 1.000000 0.000000 -0.000000 -55.651398
plane 0.000000 0.000000 1.000000 -47.980598
plane 0.000000 0.000000 -1.000000 49.301399
plane 0.000000 -1.000000 -0.000000 -5.562600
plane 0.000000 1.000000 -0.000000 6.527800
plane 0.000000 0.052559 0.998618 -47.621918
plane -0.000000 0.052559 -0.998618 49.525620
brush 0.434 0.603 0.297
plane -1.000000 0.000000 -0.000000 56.464199
plane 1.000000 0.000000 -0.000000 -55.651398
plane 0.000000 0.000000 1.000000 -48.031399
plane 0.000000 0.000000 -1.000000 49.250599
plane 0.000000 -1.000000 -0.000000 -6.527800
plane 0.000000 1.000000 -0.000000 7.035800
plane 0.000000 0.707107 0.707107 -29.347479
plane 0.876216 0.481919 -0.000000 -45.616776
plane -0.894427 0.447214 -0.000000 53.422443
plane 0.000000 0.707107 -0.707107 39.441288
brush 0.434 0.603 0.297
plane -1.000000 0.000000 -0.000000 56.489601
plane 1.000000 0.000000 -0.000000 -55.676800
plane 0.000000 0.000000 1.000000 -45.567600
plane 0.000000 0.000000 -1.000000 46.888401
plane 0.000000 -1.000000 -0.000000 -5.588000
plane 0.000000 1.000000 -0.000000 6.553200
plane 0.000000 0.052559 0.998618 -45.210918
plane -0.000000 0.052559 -0.998618 47.117290
brush 0.434 0.603 0.297
plane -1.000000 0.000000 -0.000000 56.489601
plane 1.000000 0.000000 -0.000000 -55.676800
plane 0.000000 0.000000 1.000000 -45.618401
plane 0.000000 0.000000 -1.000000 46.837601
plane 0.000000 -1.000000 -0.000000 -6.553200
plane 0.000000 1.000000 -0.000000 7.061200
plane 0.000000 0.707107 0.707107 -27.623268
plane 0.876216 0.481919 -0.000000 -45.626789
plane -0.894427 0.447214 -0.000000 53.456516
plane 0.000000 0.707107 -0.707107 37.752998

# ---- ramps (walkable slopes) ----
ramp -0.000 -1.626 22.758 13.005 2.438 3.251 +z 0.261 0.380 0.466
ramp -13.005 -1.626 15.443 13.005 4.877 0.813 -x 0.434 0.603 0.297
ramp -13.005 0.000 15.443 13.005 4.064 0.813 -x 0.434 0.603 0.297
ramp -29.261 -6.502 -58.522 9.754 6.502 6.502 -x 0.434 0.603 0.297
ramp 9.754 -0.000 -45.517 0.406 2.438 3.251 -z 0.400 0.410 0.430
ramp 9.754 -1.626 -45.517 0.406 3.251 4.877 -z 0.434 0.603 0.297
ramp -48.768 4.775 -35.357 6.502 0.102 0.406 +z 0.400 0.410 0.430
ramp -48.768 4.369 -35.763 6.502 0.508 0.406 +z 0.400 0.410 0.430
ramp -56.083 4.369 -35.763 4.064 0.508 0.406 +z 0.400 0.410 0.430
ramp -56.083 4.775 -35.357 4.064 0.102 0.406 +z 0.400 0.410 0.430
ramp -41.046 4.369 -23.571 0.406 0.508 4.877 -x 0.400 0.410 0.430
ramp -41.453 4.775 -23.571 0.406 0.102 4.877 -x 0.400 0.410 0.430
ramp -43.891 4.369 -23.571 0.406 0.508 4.877 +x 0.434 0.603 0.297
ramp -43.485 4.775 -23.571 0.406 0.102 4.877 +x 0.400 0.410 0.430
ramp -56.896 4.877 -26.518 30.886 2.438 0.508 -z 0.400 0.410 0.430
ramp -56.896 6.258 -27.635 30.886 1.057 1.118 -z 0.400 0.410 0.430
ramp -56.896 4.877 -32.512 30.886 2.438 0.508 +z 0.400 0.410 0.430
ramp -56.896 6.258 -32.004 30.886 1.057 1.118 +z 0.400 0.410 0.430
ramp -38.202 8.534 26.416 1.219 1.118 0.813 +x 0.400 0.410 0.430
ramp -40.640 8.534 26.416 1.219 1.118 0.813 +x 0.400 0.410 0.430
ramp -43.078 8.534 26.416 1.219 1.118 0.813 +x 0.400 0.410 0.430
ramp -45.517 8.534 26.416 1.219 1.118 0.813 +x 0.400 0.410 0.430
ramp -13.005 -3.251 16.256 13.005 6.502 9.754 -x 0.434 0.603 0.297
ramp -7.722 2.032 -41.859 1.219 0.914 0.813 +x 0.559 0.611 0.603
ramp -68.275 0.406 3.251 10.973 5.690 13.005 +z 0.480 0.620 0.800
ramp -13.005 5.283 25.806 13.005 5.690 3.454 -x 0.397 0.523 0.650
ramp -13.005 7.722 16.256 13.005 5.690 13.005 -x 0.397 0.523 0.650
ramp -52.832 -1.626 3.251 7.315 4.877 13.005 +z 0.434 0.603 0.297
ramp -15.850 -6.502 -32.512 9.347 6.502 13.005 +z 0.434 0.603 0.297
ramp 32.512 -8.128 -19.507 8.941 8.128 13.005 -z 0.434 0.603 0.297
ramp 32.512 -3.251 -71.526 13.005 6.502 13.005 -z 0.434 0.603 0.297
ramp 13.005 -6.502 -58.522 13.005 6.502 8.128 +x 0.434 0.603 0.297
ramp 13.005 -6.502 -60.960 13.005 6.502 2.438 +x 0.434 0.603 0.297
ramp -8.306 0.406 -42.266 0.178 0.304 1.626 +x 0.400 0.410 0.430
ramp -13.005 0.406 -42.266 0.178 0.304 1.626 -x 0.400 0.410 0.430
ramp 18.517 3.251 -19.507 0.178 0.304 1.626 +x 0.400 0.410 0.430
ramp 13.817 3.251 -19.507 0.178 0.303 1.626 -x 0.400 0.410 0.430
ramp -34.138 3.658 -58.522 1.626 0.304 0.178 -z 0.400 0.410 0.430
ramp -34.138 3.658 -53.823 1.626 0.304 0.179 +z 0.400 0.410 0.430
ramp -52.019 4.369 -44.907 0.271 0.508 8.331 +x 0.434 0.603 0.297
ramp -51.748 4.775 -44.907 0.271 0.102 8.331 +x 0.400 0.410 0.430
ramp -49.310 4.775 -44.907 0.271 0.102 8.331 -x 0.400 0.410 0.430
ramp -49.039 4.369 -44.907 0.271 0.508 8.331 -x 0.400 0.410 0.430
ramp -40.640 4.369 -25.197 1.626 0.508 0.813 -z 0.400 0.410 0.430
ramp -47.142 4.369 -25.197 3.251 0.508 0.813 -z 0.400 0.410 0.430
ramp -30.886 1.328 -34.747 17.069 0.704 0.978 -z 0.400 0.410 0.430
ramp -30.886 0.406 -33.769 1.626 1.626 0.444 -z 0.400 0.410 0.430
ramp -26.010 0.406 -33.769 12.192 1.626 0.444 -z 0.400 0.410 0.430
ramp -30.886 0.406 -39.014 17.069 1.626 0.444 +z 0.400 0.410 0.430
ramp -30.886 1.328 -38.570 17.069 0.704 0.978 +z 0.400 0.410 0.430
ramp -13.005 2.845 25.806 13.005 5.690 3.454 -x 0.559 0.611 0.603
ramp -13.005 0.000 25.806 13.005 6.096 8.331 -x 0.559 0.611 0.603
ramp -57.302 2.438 3.251 4.470 5.690 13.005 +z 0.434 0.603 0.297
ramp -56.896 0.000 3.251 4.064 5.690 13.005 +z 0.434 0.603 0.297
ramp 13.816 3.658 -8.128 0.179 0.304 1.626 -x 0.400 0.410 0.430
ramp 18.517 3.658 -8.128 0.179 0.304 1.626 +x 0.400 0.410 0.430
ramp 11.786 5.690 -19.914 0.813 0.914 1.219 +z 0.559 0.611 0.603
ramp 11.786 5.690 -22.352 0.813 0.914 1.219 +z 0.559 0.611 0.603
ramp 11.786 5.690 -24.790 0.813 0.914 1.219 +z 0.559 0.611 0.603
ramp 11.786 5.690 -27.229 0.813 0.914 1.219 +z 0.559 0.611 0.603
ramp -29.261 0.025 -33.325 0.254 0.381 0.813 +x 0.400 0.410 0.430
ramp -29.261 0.635 -33.325 0.813 0.254 0.813 +x 0.400 0.410 0.430
ramp -29.261 0.406 -33.325 0.432 0.229 0.813 +x 0.400 0.410 0.430
ramp -29.261 0.889 -33.325 1.626 0.254 0.813 +x 0.400 0.410 0.430
ramp -29.261 -0.406 -33.325 0.127 0.102 0.813 +x 0.400 0.410 0.430
ramp -26.264 0.025 -33.325 0.254 0.381 0.813 -x 0.400 0.410 0.430
ramp -26.822 0.635 -33.325 0.813 0.254 0.813 -x 0.400 0.410 0.430
ramp -26.441 0.406 -33.325 0.432 0.229 0.813 -x 0.400 0.410 0.430
ramp -27.635 0.889 -33.325 1.626 0.254 0.813 -x 0.400 0.410 0.430
ramp -26.137 -0.406 -33.325 0.127 0.102 0.813 -x 0.400 0.410 0.430
ramp -30.886 0.241 -33.769 0.813 0.572 0.444 -z 0.559 0.611 0.603
ramp -30.886 1.156 -34.747 0.813 0.381 1.422 -z 0.559 0.611 0.603
ramp -30.886 0.813 -34.080 0.813 0.343 0.756 -z 0.559 0.611 0.603
ramp -30.886 1.537 -36.170 0.813 0.381 2.845 -z 0.559 0.611 0.603
ramp -30.886 -0.406 -33.547 0.813 0.152 0.222 -z 0.559 0.611 0.603
ramp -30.886 0.241 -39.014 0.813 0.572 0.444 +z 0.559 0.611 0.603
ramp -30.886 1.156 -39.014 0.813 0.381 1.422 +z 0.559 0.611 0.603
ramp -30.886 0.813 -39.014 0.813 0.343 0.756 +z 0.559 0.611 0.603
ramp -30.886 1.537 -39.014 0.813 0.381 2.845 +z 0.559 0.611 0.603
ramp -30.886 -0.406 -39.014 0.813 0.152 0.222 +z 0.559 0.611 0.603
ramp -22.758 0.241 -33.769 0.813 0.572 0.444 -z 0.400 0.410 0.430
ramp -22.758 1.156 -34.747 0.813 0.381 1.422 -z 0.400 0.410 0.430
ramp -22.758 0.813 -34.080 0.813 0.343 0.756 -z 0.400 0.410 0.430
ramp -22.758 1.537 -36.170 0.813 0.381 2.845 -z 0.400 0.410 0.430
ramp -22.758 -0.406 -33.547 0.813 0.152 0.222 -z 0.400 0.410 0.430
ramp -22.758 0.241 -39.014 0.813 0.572 0.444 +z 0.400 0.410 0.430
ramp -22.758 1.156 -39.014 0.813 0.381 1.422 +z 0.400 0.410 0.430
ramp -22.758 0.813 -39.014 0.813 0.343 0.756 +z 0.400 0.410 0.430
ramp -22.758 1.537 -39.014 0.813 0.381 2.845 +z 0.400 0.410 0.430
ramp -22.758 -0.406 -39.014 0.813 0.152 0.222 +z 0.400 0.410 0.430
ramp -14.630 0.241 -33.769 0.813 0.572 0.444 -z 0.400 0.410 0.430
ramp -14.630 1.156 -34.747 0.813 0.381 1.422 -z 0.400 0.410 0.430
ramp -14.630 0.813 -34.080 0.813 0.343 0.756 -z 0.400 0.410 0.430
ramp -14.630 1.537 -36.170 0.813 0.381 2.845 -z 0.400 0.410 0.430
ramp -14.630 -0.406 -33.547 0.813 0.152 0.222 -z 0.400 0.410 0.430
ramp -14.630 0.241 -39.014 0.813 0.572 0.444 +z 0.400 0.410 0.430
ramp -14.630 1.156 -39.014 0.813 0.381 1.422 +z 0.400 0.410 0.430
ramp -14.630 0.813 -39.014 0.813 0.343 0.756 +z 0.400 0.410 0.430
ramp -14.630 1.537 -39.014 0.813 0.381 2.845 +z 0.400 0.410 0.430
ramp -14.630 -0.406 -39.014 0.813 0.152 0.222 +z 0.400 0.410 0.430
ramp 40.640 0.406 -25.044 0.813 1.626 0.660 -z 0.400 0.410 0.430
ramp 40.640 0.406 -21.133 0.813 1.626 0.813 +z 0.400 0.410 0.430
ramp -24.384 5.588 23.360 1.626 0.297 0.211 -z 0.400 0.410 0.430
ramp -24.384 5.984 23.150 1.626 0.594 0.421 +z 0.400 0.410 0.430
ramp -24.384 5.885 23.150 1.626 0.099 0.421 -z 0.400 0.410 0.430
ramp -24.384 7.189 23.171 1.626 0.582 0.400 -z 0.400 0.410 0.430
ramp -24.384 8.353 22.149 1.626 0.485 1.422 -z 0.400 0.410 0.430
ramp -24.384 7.771 22.815 1.626 0.582 0.756 -z 0.400 0.410 0.430
ramp -24.384 8.838 20.726 1.626 0.485 2.845 -z 0.400 0.410 0.430
ramp -24.384 8.838 17.882 1.626 0.485 2.845 +z 0.400 0.410 0.430
ramp -24.384 8.353 17.882 1.626 0.485 1.424 +z 0.400 0.410 0.430
ramp -24.384 7.771 17.882 1.626 0.582 0.756 +z 0.400 0.410 0.430
ramp -24.384 7.189 17.882 1.626 0.582 0.400 +z 0.400 0.410 0.430
ramp -24.384 5.984 17.882 1.626 0.594 0.421 -z 0.400 0.410 0.430
ramp -24.384 5.885 17.882 1.626 0.099 0.422 +z 0.400 0.410 0.430
ramp -24.384 5.588 17.882 1.626 0.297 0.211 +z 0.400 0.410 0.430
ramp -52.019 2.845 -36.576 0.120 0.155 0.813 +x 0.400 0.410 0.430
ramp -52.019 3.052 -36.576 0.241 0.311 0.813 -x 0.400 0.410 0.430
ramp -52.019 3.000 -36.576 0.241 0.052 0.813 +x 0.400 0.410 0.430
ramp -52.019 3.683 -36.576 0.229 0.305 0.813 +x 0.400 0.410 0.430
ramp -52.019 4.293 -36.576 0.813 0.254 0.813 +x 0.400 0.410 0.430
ramp -52.019 3.988 -36.576 0.432 0.305 0.813 +x 0.400 0.410 0.430
ramp -52.019 4.547 -36.576 1.626 0.254 0.813 +x 0.400 0.410 0.430
ramp -50.394 4.547 -36.576 1.626 0.254 0.813 -x 0.400 0.410 0.430
ramp -49.582 4.293 -36.576 0.814 0.254 0.813 -x 0.400 0.410 0.430
ramp -49.200 3.988 -36.576 0.432 0.305 0.813 -x 0.400 0.410 0.430
ramp -48.997 3.683 -36.576 0.229 0.305 0.813 -x 0.400 0.410 0.430
ramp -49.009 3.052 -36.576 0.241 0.311 0.813 +x 0.400 0.410 0.430
ramp -49.009 3.000 -36.576 0.241 0.052 0.813 -x 0.400 0.410 0.430
ramp -48.888 2.845 -36.576 0.120 0.155 0.813 -x 0.400 0.410 0.430
ramp -43.891 2.845 -24.384 0.120 0.155 0.813 +x 0.400 0.410 0.430
ramp -43.891 3.052 -24.384 0.241 0.311 0.813 -x 0.400 0.410 0.430
ramp -43.891 3.000 -24.384 0.241 0.052 0.813 +x 0.400 0.410 0.430
ramp -43.891 3.683 -24.384 0.229 0.305 0.813 +x 0.400 0.410 0.430
ramp -43.891 4.293 -24.384 0.813 0.254 0.813 +x 0.400 0.410 0.430
ramp -43.891 3.988 -24.384 0.432 0.305 0.813 +x 0.400 0.410 0.430
ramp -43.891 4.547 -24.384 1.626 0.254 0.813 +x 0.400 0.410 0.430
ramp -42.266 4.547 -24.384 1.626 0.254 0.813 -x 0.400 0.410 0.430
ramp -41.454 4.293 -24.384 0.814 0.254 0.813 -x 0.400 0.410 0.430
ramp -41.072 3.988 -24.384 0.432 0.305 0.813 -x 0.400 0.410 0.430
ramp -40.869 3.683 -24.384 0.229 0.305 0.813 -x 0.400 0.410 0.430
ramp -40.881 3.052 -24.384 0.241 0.311 0.813 +x 0.400 0.410 0.430
ramp -40.881 3.000 -24.384 0.241 0.052 0.813 -x 0.400 0.410 0.430
ramp -40.760 2.845 -24.384 0.120 0.156 0.813 -x 0.400 0.410 0.430
ramp -40.760 2.845 -18.694 0.120 0.156 0.813 -x 0.400 0.410 0.430
ramp -40.881 3.052 -18.694 0.241 0.311 0.813 +x 0.400 0.410 0.430
ramp -40.881 3.000 -18.694 0.241 0.052 0.813 -x 0.400 0.410 0.430
ramp -40.869 3.683 -18.694 0.229 0.305 0.813 -x 0.400 0.410 0.430
ramp -41.453 4.293 -18.694 0.813 0.254 0.813 -x 0.400 0.410 0.430
ramp -41.072 3.988 -18.694 0.432 0.305 0.813 -x 0.400 0.410 0.430
ramp -42.266 4.547 -18.694 1.626 0.254 0.813 -x 0.400 0.410 0.430
ramp -43.891 4.547 -18.694 1.626 0.254 0.813 +x 0.400 0.410 0.430
ramp -43.891 4.293 -18.694 0.814 0.254 0.813 +x 0.400 0.410 0.430
ramp -43.891 3.988 -18.694 0.432 0.305 0.813 +x 0.400 0.410 0.430
ramp -43.891 3.683 -18.694 0.229 0.305 0.813 +x 0.400 0.410 0.430
ramp -43.891 3.052 -18.694 0.241 0.311 0.813 -x 0.400 0.410 0.430
ramp -43.891 3.000 -18.694 0.241 0.052 0.813 +x 0.400 0.410 0.430
ramp -43.891 2.845 -18.694 0.120 0.155 0.813 +x 0.400 0.410 0.430
ramp -13.818 -0.813 -34.664 0.813 0.155 0.120 -z 0.400 0.410 0.430
ramp -13.818 -0.657 -34.785 0.813 0.052 0.241 -z 0.400 0.410 0.430
ramp -13.818 -0.606 -34.785 0.813 0.311 0.241 +z 0.400 0.410 0.430
ramp -13.818 0.025 -34.773 0.813 0.305 0.229 -z 0.400 0.410 0.430
ramp -13.818 0.330 -34.976 0.813 0.305 0.432 -z 0.400 0.410 0.430
ramp -13.818 0.635 -35.255 0.813 0.178 0.711 -z 0.400 0.410 0.430
ramp -13.818 0.813 -36.170 0.813 0.330 1.626 -z 0.400 0.410 0.430
ramp -13.818 0.813 -37.795 0.813 0.330 1.626 +z 0.400 0.410 0.430
ramp -13.818 0.330 -37.795 0.813 0.305 0.432 +z 0.400 0.410 0.430
ramp -13.818 0.635 -37.795 0.813 0.178 0.660 +z 0.400 0.410 0.430
ramp -13.818 0.025 -37.795 0.813 0.305 0.229 +z 0.400 0.410 0.430
ramp -13.818 -0.657 -37.795 0.813 0.052 0.241 +z 0.400 0.410 0.430
ramp -13.818 -0.606 -37.795 0.813 0.311 0.241 -z 0.400 0.410 0.430
ramp -13.818 -0.813 -37.795 0.813 0.155 0.120 +z 0.400 0.410 0.430
ramp -33.325 3.251 -26.250 0.813 0.311 0.241 -z 0.400 0.410 0.430
ramp -33.325 3.666 -26.491 0.813 0.622 0.482 +z 0.400 0.410 0.430
ramp -33.325 3.562 -26.491 0.813 0.104 0.482 -z 0.400 0.410 0.430
ramp -33.325 4.928 -26.467 0.813 0.610 0.457 -z 0.400 0.410 0.430
ramp -33.325 6.147 -27.635 0.813 0.508 1.626 -z 0.400 0.410 0.430
ramp -33.325 5.537 -26.874 0.813 0.610 0.864 -z 0.400 0.410 0.430
ramp -33.325 6.655 -29.261 0.813 0.508 3.251 -z 0.400 0.410 0.430
ramp -33.325 6.655 -32.512 0.813 0.508 3.251 +z 0.400 0.410 0.430
ramp -33.325 6.147 -32.512 0.813 0.508 1.628 +z 0.400 0.410 0.430
ramp -33.325 5.537 -32.512 0.813 0.610 0.864 +z 0.400 0.410 0.430
ramp -33.325 4.928 -32.512 0.813 0.610 0.457 +z 0.400 0.410 0.430
ramp -33.325 3.666 -32.512 0.813 0.622 0.482 -z 0.400 0.410 0.430
ramp -33.325 3.562 -32.512 0.813 0.104 0.482 +z 0.400 0.410 0.430
ramp -33.325 3.251 -32.512 0.813 0.311 0.241 +z 0.400 0.410 0.430
ramp -56.083 3.251 -26.250 0.813 0.311 0.241 -z 0.559 0.611 0.603
ramp -56.083 3.666 -26.491 0.813 0.622 0.482 +z 0.559 0.611 0.603
ramp -56.083 3.562 -26.491 0.813 0.104 0.482 -z 0.400 0.410 0.430
ramp -56.083 4.928 -26.467 0.813 0.610 0.457 -z 0.559 0.611 0.603
ramp -56.083 6.147 -27.635 0.813 0.508 1.626 -z 0.559 0.611 0.603
ramp -56.083 5.537 -26.874 0.813 0.610 0.864 -z 0.400 0.410 0.430
ramp -56.083 6.655 -29.261 0.813 0.508 3.251 -z 0.559 0.611 0.603
ramp -56.083 6.655 -32.512 0.813 0.508 3.251 +z 0.559 0.611 0.603
ramp -56.083 6.147 -32.512 0.813 0.508 1.628 +z 0.559 0.611 0.603
ramp -56.083 5.537 -32.512 0.813 0.610 0.864 +z 0.559 0.611 0.603
ramp -56.083 4.928 -32.512 0.813 0.610 0.457 +z 0.400 0.410 0.430
ramp -56.083 3.666 -32.512 0.813 0.622 0.482 -z 0.400 0.410 0.430
ramp -56.083 3.562 -32.512 0.813 0.104 0.482 +z 0.400 0.410 0.430
ramp -56.083 3.251 -32.512 0.813 0.311 0.241 +z 0.400 0.410 0.430
ramp -44.704 3.251 -26.250 0.813 0.311 0.241 -z 0.400 0.410 0.430
ramp -44.704 3.666 -26.491 0.813 0.622 0.482 +z 0.400 0.410 0.430
ramp -44.704 3.562 -26.491 0.813 0.104 0.482 -z 0.400 0.410 0.430
ramp -44.704 4.928 -26.467 0.813 0.610 0.457 -z 0.400 0.410 0.430
ramp -44.704 6.147 -27.635 0.813 0.508 1.626 -z 0.400 0.410 0.430
ramp -44.704 5.537 -26.874 0.813 0.610 0.864 -z 0.400 0.410 0.430
ramp -44.704 6.655 -29.261 0.813 0.508 3.251 -z 0.400 0.410 0.430
ramp -44.704 6.655 -32.512 0.813 0.508 3.251 +z 0.400 0.410 0.430
ramp -44.704 6.147 -32.512 0.813 0.508 1.628 +z 0.400 0.410 0.430
ramp -44.704 5.537 -32.512 0.813 0.610 0.864 +z 0.400 0.410 0.430
ramp -44.704 4.928 -32.512 0.813 0.610 0.457 +z 0.400 0.410 0.430
ramp -44.704 3.666 -32.512 0.813 0.622 0.482 -z 0.400 0.410 0.430
ramp -44.704 3.562 -32.512 0.813 0.104 0.482 +z 0.400 0.410 0.430
ramp -44.704 3.251 -32.512 0.813 0.311 0.241 +z 0.400 0.410 0.430
ramp -39.014 3.251 -26.250 0.813 0.311 0.241 -z 0.400 0.410 0.430
ramp -39.014 3.666 -26.491 0.813 0.622 0.482 +z 0.400 0.410 0.430
ramp -39.014 3.562 -26.491 0.813 0.104 0.482 -z 0.400 0.410 0.430
ramp -39.014 4.928 -26.467 0.813 0.610 0.457 -z 0.400 0.410 0.430
ramp -39.014 6.147 -27.635 0.813 0.508 1.626 -z 0.400 0.410 0.430
ramp -39.014 5.537 -26.874 0.813 0.610 0.864 -z 0.400 0.410 0.430
ramp -39.014 6.655 -29.261 0.813 0.508 3.251 -z 0.400 0.410 0.430
ramp -39.014 6.655 -32.512 0.813 0.508 3.251 +z 0.400 0.410 0.430
ramp -39.014 6.147 -32.512 0.813 0.508 1.628 +z 0.400 0.410 0.430
ramp -39.014 5.537 -32.512 0.813 0.610 0.864 +z 0.400 0.410 0.430
ramp -39.014 4.928 -32.512 0.813 0.610 0.457 +z 0.400 0.410 0.430
ramp -39.014 3.666 -32.512 0.813 0.622 0.482 -z 0.400 0.410 0.430
ramp -39.014 3.562 -32.512 0.813 0.104 0.482 +z 0.400 0.410 0.430
ramp -39.014 3.251 -32.512 0.813 0.311 0.241 +z 0.400 0.410 0.430
ramp -13.818 4.877 -4.877 0.813 1.626 0.406 -x 0.400 0.410 0.430
ramp -16.256 4.267 -4.470 2.235 2.235 0.406 -x 0.434 0.603 0.297
ramp -16.256 4.267 -4.064 2.235 2.235 0.813 -x 0.434 0.603 0.297
ramp 187.427 -40.878 -31.098 0.203 0.229 0.305 +z 0.400 0.410 0.430
ramp 187.427 -40.878 -30.488 0.203 0.229 0.305 +z 0.400 0.410 0.430
ramp 187.427 -40.878 -29.879 0.203 0.229 0.305 +z 0.400 0.410 0.430
ramp 187.427 -40.878 -29.269 0.203 0.229 0.305 +z 0.400 0.410 0.430
ramp 13.578 5.351 -17.882 1.052 0.217 9.754 +x 0.400 0.410 0.430
ramp 17.881 5.351 -17.882 1.052 0.217 9.754 -x 0.400 0.410 0.430
ramp 13.005 5.084 -17.882 1.626 0.267 9.754 +x 0.400 0.410 0.430
ramp 17.882 5.084 -17.882 1.626 0.267 9.754 -x 0.400 0.410 0.430
ramp 19.270 2.965 -17.882 0.237 0.633 9.754 +x 0.400 0.410 0.430
ramp 13.005 2.965 -17.882 0.237 0.633 9.754 -x 0.400 0.410 0.430
ramp 19.304 1.981 -15.037 0.203 2.876 0.813 -x 0.400 0.410 0.430
ramp 13.005 1.981 -15.037 0.203 2.876 0.813 +x 0.400 0.410 0.430
ramp 19.082 2.208 -15.037 0.222 1.163 0.813 +x 0.400 0.410 0.430
ramp 13.208 2.208 -15.037 0.222 1.163 0.813 -x 0.400 0.410 0.430
ramp 19.304 1.981 -11.379 0.203 2.876 0.813 -x 0.400 0.410 0.430
ramp 13.005 1.981 -11.379 0.203 2.876 0.813 +x 0.400 0.410 0.430
ramp 19.082 2.208 -11.379 0.222 1.163 0.813 +x 0.400 0.410 0.430
ramp 13.208 2.208 -11.379 0.222 1.163 0.813 -x 0.400 0.410 0.430
ramp 18.517 3.048 9.754 0.178 0.303 2.032 +x 0.400 0.410 0.430
ramp 13.818 3.048 9.754 0.178 0.303 2.032 -x 0.400 0.410 0.430
ramp 9.754 3.048 17.069 2.032 0.303 0.178 -z 0.400 0.410 0.430
ramp 9.754 3.048 21.768 2.032 0.303 0.178 +z 0.400 0.410 0.430
ramp -57.302 6.299 22.987 2.032 0.303 0.178 +z 0.400 0.410 0.430
ramp -57.302 6.299 18.288 2.032 0.303 0.178 -z 0.434 0.603 0.297
ramp -11.379 6.682 -4.877 1.339 0.167 14.630 -x 0.400 0.410 0.430
ramp -11.379 6.502 -4.877 1.626 0.179 14.630 -x 0.400 0.410 0.430
ramp -12.718 6.682 -4.877 1.339 0.167 14.630 +x 0.400 0.410 0.430
ramp -13.005 6.502 -4.877 1.626 0.179 14.630 +x 0.400 0.410 0.430
ramp -9.855 4.420 -4.877 0.102 1.930 0.813 -x 0.400 0.410 0.430
ramp -13.005 4.420 -4.877 0.102 1.930 0.813 +x 0.400 0.410 0.430
ramp -9.966 4.572 -4.877 0.111 0.780 0.813 +x 0.400 0.410 0.430
ramp -11.380 6.225 -4.877 0.634 0.125 0.813 -x 0.400 0.410 0.430
ramp -12.013 6.225 -4.877 0.633 0.125 0.813 +x 0.400 0.410 0.430
ramp -12.903 4.572 -4.877 0.111 0.780 0.813 -x 0.400 0.410 0.430
ramp -9.872 5.080 -4.064 0.119 0.425 13.005 +x 0.400 0.410 0.430
ramp -13.005 5.080 -4.064 0.119 0.425 13.005 -x 0.400 0.410 0.430
ramp -9.855 4.420 -1.626 0.102 1.930 0.813 -x 0.400 0.410 0.430
ramp -13.005 4.420 -1.626 0.102 1.930 0.813 +x 0.400 0.410 0.430
ramp -9.966 4.572 -1.626 0.111 0.780 0.813 +x 0.400 0.410 0.430
ramp -11.380 6.225 -1.626 0.634 0.125 0.813 -x 0.400 0.410 0.430
ramp -12.013 6.225 -1.626 0.633 0.125 0.813 +x 0.400 0.410 0.430
ramp -12.903 4.572 -1.626 0.111 0.780 0.813 -x 0.400 0.410 0.430
ramp -9.855 4.420 2.032 0.102 1.930 0.813 -x 0.400 0.410 0.430
ramp -13.005 4.420 2.032 0.102 1.930 0.813 +x 0.400 0.410 0.430
ramp -9.966 4.572 2.032 0.111 0.780 0.813 +x 0.400 0.410 0.430
ramp -11.380 6.225 2.032 0.634 0.125 0.813 -x 0.400 0.410 0.430
ramp -12.013 6.225 2.032 0.633 0.125 0.813 +x 0.400 0.410 0.430
ramp -12.903 4.572 2.032 0.111 0.780 0.813 -x 0.400 0.410 0.430
ramp -9.855 4.420 5.690 0.102 1.930 0.813 -x 0.400 0.410 0.430
ramp -13.005 4.420 5.690 0.102 1.930 0.813 +x 0.400 0.410 0.430
ramp -9.966 4.572 5.690 0.111 0.780 0.813 +x 0.400 0.410 0.430
ramp -11.380 6.225 5.690 0.634 0.125 0.813 -x 0.400 0.410 0.430
ramp -12.013 6.225 5.690 0.633 0.125 0.813 +x 0.400 0.410 0.430
ramp -12.903 4.572 5.690 0.111 0.780 0.813 -x 0.400 0.410 0.430
ramp -9.855 4.420 8.941 0.102 1.930 0.813 -x 0.400 0.410 0.430
ramp -13.005 4.420 8.941 0.102 1.930 0.813 +x 0.400 0.410 0.430
ramp -9.966 4.572 8.941 0.111 0.780 0.813 +x 0.400 0.410 0.430
ramp -11.380 6.225 8.941 0.634 0.125 0.813 -x 0.400 0.410 0.430
ramp -12.013 6.225 8.941 0.633 0.125 0.813 +x 0.400 0.410 0.430
ramp -12.903 4.572 8.941 0.111 0.780 0.813 -x 0.400 0.410 0.430
ramp -52.019 4.775 -35.357 1.626 0.102 0.406 +z 0.272 0.587 0.358
ramp -50.394 4.775 -35.357 1.626 0.102 0.406 +z 0.272 0.587 0.358
ramp -52.019 4.775 -37.389 1.626 0.102 0.406 -z 0.272 0.587 0.358
ramp -50.394 4.775 -37.389 1.626 0.102 0.406 -z 0.272 0.587 0.358
ramp -50.394 4.775 -44.298 1.626 0.102 0.406 +z 0.272 0.587 0.358
ramp -52.019 4.775 -44.298 1.626 0.102 0.406 +z 0.272 0.587 0.358
ramp -52.019 2.845 -45.517 0.120 0.155 0.813 +x 0.400 0.410 0.430
ramp -52.019 3.052 -45.517 0.241 0.311 0.813 -x 0.400 0.410 0.430
ramp -52.019 3.000 -45.517 0.241 0.052 0.813 +x 0.400 0.410 0.430
ramp -52.019 3.683 -45.517 0.229 0.305 0.813 +x 0.400 0.410 0.430
ramp -52.019 4.293 -45.517 0.813 0.254 0.813 +x 0.400 0.410 0.430
ramp -52.019 3.988 -45.517 0.432 0.305 0.813 +x 0.400 0.410 0.430
ramp -52.019 4.547 -45.517 1.626 0.254 0.813 +x 0.400 0.410 0.430
ramp -50.394 4.547 -45.517 1.626 0.254 0.813 -x 0.400 0.410 0.430
ramp -49.582 4.293 -45.517 0.814 0.254 0.813 -x 0.400 0.410 0.430
ramp -49.200 3.988 -45.517 0.432 0.305 0.813 -x 0.400 0.410 0.430
ramp -48.997 3.683 -45.517 0.229 0.305 0.813 -x 0.400 0.410 0.430
ramp -49.009 3.052 -45.517 0.241 0.311 0.813 +x 0.400 0.410 0.430
ramp -49.009 3.000 -45.517 0.241 0.052 0.813 -x 0.400 0.410 0.430
ramp -48.888 2.845 -45.517 0.120 0.155 0.813 -x 0.400 0.410 0.430
ramp -29.261 0.406 -33.435 0.432 0.229 0.111 +x 0.400 0.410 0.430
ramp -29.261 0.635 -33.558 0.813 0.254 0.233 +x 0.400 0.410 0.430
ramp -29.261 0.889 -33.680 1.626 0.254 0.356 +x 0.400 0.410 0.430
ramp -29.261 1.143 -33.769 3.251 0.889 0.444 -z 0.400 0.410 0.430
ramp -27.635 0.889 -33.680 1.626 0.254 0.356 -x 0.400 0.410 0.430
ramp -26.823 0.635 -33.558 0.813 0.254 0.233 -x 0.400 0.410 0.430
ramp -26.441 0.406 -33.435 0.432 0.229 0.111 -x 0.400 0.410 0.430
ramp 33.325 7.112 -79.654 0.178 0.304 2.032 -x 0.400 0.410 0.430
ramp 38.024 7.112 -79.654 0.178 0.304 2.032 +x 0.400 0.410 0.430
ramp 34.137 -1.016 -4.064 0.178 0.304 2.032 -x 0.400 0.410 0.430
ramp 38.837 -1.016 -4.064 0.178 0.304 2.032 +x 0.400 0.410 0.430
ramp 18.823 1.016 -52.019 0.074 0.182 0.406 +x 0.400 0.410 0.430
ramp 16.865 1.016 -52.019 0.075 0.182 0.406 -x 0.400 0.410 0.430
ramp -56.490 4.470 -53.823 2.032 0.304 0.178 +z 0.400 0.410 0.430
ramp -56.490 4.470 -58.523 2.032 0.304 0.179 -z 0.400 0.410 0.430

# ---- spawns ----
spawn 11.379 -2.235 -62.586 195.000
spawn 8.941 -2.235 -62.586 195.000
spawn 6.502 -2.235 -62.586 195.000
spawn 4.064 -2.235 -62.586 195.000
spawn 4.064 -2.235 -60.554 195.000
spawn 6.502 -2.235 -60.554 195.000
spawn 8.941 -2.235 -60.554 195.000
spawn 11.379 -2.235 -60.554 195.000
spawn -21.133 4.470 19.304 291.000
spawn -21.133 4.470 21.742 80.000
spawn -18.694 4.470 23.368 94.000
spawn -18.694 4.470 20.930 90.000
spawn -26.010 4.470 19.914 294.000
spawn -26.010 4.470 17.475 310.000
spawn -16.459 4.470 23.368 94.000
spawn -16.459 4.470 20.930 90.000
